ros_time_s,command_voltage_v,position_rad,position_deg,velocity_rad_s,velocity_rpm,current_a,applied_voltage_v,back_emf_v,motor_torque_nm,electrical_power_w,mechanical_power_w
910.843000000,0.126718,24.823593303,1422.287129,2.002601484,19.123436,0.042096430,0.438371147,0.084760630,-0.000250060,0.018453860,-0.000500771
910.858000000,0.070453,24.849338209,1423.762203,1.659376334,15.845877,0.029216208,0.316311400,0.070894326,-0.000460879,0.009241420,-0.000764772
910.859000000,-0.011170,24.852579629,1423.947923,1.608482983,15.359881,0.029491336,0.316311400,0.068583380,-0.000394301,0.009328446,-0.000634227
910.862000000,-0.011170,24.857276024,1424.217006,1.545589747,14.759295,0.029831336,0.316311400,0.065727547,-0.000312025,0.009435992,-0.000482263
910.864000000,-0.011170,24.860314848,1424.391118,1.511133829,14.430265,0.030017604,0.316311400,0.064162986,-0.000266951,0.009494910,-0.000403398
910.876000000,-0.055124,24.876351931,1425.309975,1.199391950,11.453349,0.017047770,0.194919140,0.051716862,-0.000515348,0.003322937,-0.000618104
910.878000000,-0.130180,24.878664244,1425.442461,1.142483851,10.909917,0.017355410,0.194919140,0.049132802,-0.000440901,0.003382902,-0.000503723
910.881000000,-0.130180,24.880875232,1425.569141,1.093796608,10.444988,0.017618613,0.194919140,0.046922030,-0.000377209,0.003434205,-0.000412590
910.884000000,-0.130180,24.884033162,1425.750077,1.033629646,9.870436,0.017943875,0.194919140,0.044189991,-0.000298500,0.003497605,-0.000308538
910.896000000,-0.179832,24.895146270,1426.386812,0.692306980,6.611045,0.004762845,0.070452888,0.030443959,-0.000524817,0.000335556,-0.000363334
910.899000000,-0.253420,24.896442824,1426.461099,0.634353235,6.057627,0.005076138,0.070452888,0.027812418,-0.000449003,0.000357629,-0.000284826
910.901000000,-0.253420,24.897636191,1426.529474,0.584771398,5.584156,0.005344177,0.070452888,0.025561025,-0.000384140,0.000376513,-0.000224634
910.902000000,-0.253420,24.898741278,1426.592790,0.542352076,5.179081,0.005573495,0.070452888,0.023634865,-0.000328648,0.000392669,-0.000178243
910.912000000,-0.301704,24.902986025,1426.835997,0.297356663,2.839547,-0.002955991,-0.011169875,0.013659542,-0.000449379,0.000033018,-0.000133626
910.915000000,-0.355107,24.903505336,1426.865751,0.247733284,2.365679,-0.002687728,-0.011169875,0.011406263,-0.000384462,0.000030022,-0.000095244
910.918000000,-0.355107,24.904044962,1426.896669,0.148518441,1.418247,-0.007457800,-0.055124448,0.007520080,-0.000492277,0.000411107,-0.000073112
910.920000000,-0.355107,24.904259398,1426.908955,0.094157945,0.899142,-0.007163928,-0.055124448,0.005051700,-0.000421164,0.000394908,-0.000039656
910.922000000,-0.355107,24.904377046,1426.915696,0.047650282,0.455027,-0.006912509,-0.055124448,0.002939897,-0.000360323,0.000381048,-0.000017169
910.924000000,-0.355107,24.904411887,1426.917692,0.007861043,0.075067,-0.006697409,-0.055124448,0.001133163,-0.000308271,0.000369191,-0.000002423
910.937000000,-0.418818,24.902225753,1426.792436,-0.339922677,-3.246022,-0.019872694,-0.179832439,-0.012902846,-0.000527443,0.003573755,0.000179290
910.939000000,-0.486030,24.901457407,1426.748413,-0.398166384,-3.802209,-0.019557833,-0.179832439,-0.015547554,-0.000451249,0.003517133,0.000179672
910.941000000,-0.486030,24.900585358,1426.698448,-0.447996295,-4.278049,-0.019288453,-0.179832439,-0.017810212,-0.000386062,0.003468690,0.000172955
910.944000000,-0.486030,24.899115012,1426.614204,-0.509575348,-4.866086,-0.018955558,-0.179832439,-0.020606370,-0.000305506,0.003408824,0.000155678
910.952000000,-0.529327,24.894196571,1426.332398,-0.716192482,-6.839134,-0.026722500,-0.253420289,-0.028952166,-0.000433008,0.006772024,0.000310117
910.955000000,-0.581555,24.891906271,1426.201173,-0.785259569,-7.498677,-0.026349124,-0.253420289,-0.032088338,-0.000342655,0.006677403,0.000269073
910.957000000,-0.581555,24.890234482,1426.105387,-0.851910239,-8.135144,-0.031817915,-0.301704364,-0.034434895,-0.000516474,0.009599604,0.000439989
910.959000000,-0.581555,24.888444001,1426.002800,-0.908942724,-8.679764,-0.031509601,-0.301704364,-0.037024604,-0.000441865,0.009506584,0.000401630
910.960000000,-0.581555,24.886551974,1425.894395,-0.957736385,-9.145709,-0.031245824,-0.301704364,-0.039240208,-0.000378034,0.009427001,0.000362057
910.962000000,-0.581555,24.884573070,1425.781012,-0.999481390,-9.544344,-0.031020151,-0.301704364,-0.041135750,-0.000323424,0.009358915,0.000323256
910.965000000,-0.626604,24.882503291,1425.662422,-1.051744293,-10.043418,-0.037179977,-0.355106962,-0.042757464,-0.000543524,0.013202869,0.000571648
910.976000000,-0.626604,24.867950897,1424.828632,-1.342411312,-12.819084,-0.043304873,-0.418818232,-0.055058293,-0.000507893,0.018136870,0.000681801
910.979000000,-0.688101,24.865180854,1424.669920,-1.398496226,-13.354655,-0.043001683,-0.418818232,-0.057604975,-0.000434524,0.018009889,0.000607680
910.980000000,-0.688101,24.862310952,1424.505486,-1.446479201,-13.812859,-0.042742288,-0.418818232,-0.059783767,-0.000371753,0.017901249,0.000537733
910.984000000,-0.688101,24.857849840,1424.249884,-1.505775838,-14.379100,-0.042421731,-0.418818232,-0.062476286,-0.000294182,0.017766994,0.000442972
910.993000000,-0.723690,24.841540904,1423.315450,-1.744435192,-16.658129,-0.049245741,-0.486030347,-0.072366821,-0.000345302,0.023934924,0.000602356
910.996000000,-0.765596,24.837980678,1423.111464,-1.795982403,-17.150369,-0.054190290,-0.529327086,-0.074098235,-0.000511748,0.028684388,0.000919091
910.998000000,-0.765596,24.834302817,1422.900739,-1.852511818,-17.690185,-0.053888489,-0.529327086,-0.076664659,-0.000437968,0.028524637,0.000811340
910.999000000,-0.765596,24.830524306,1422.684246,-1.900875089,-18.152020,-0.053627038,-0.529327086,-0.078860720,-0.000374699,0.028386244,0.000712257
911.001000000,-0.765596,24.826659684,1422.462819,-1.942251877,-18.547139,-0.053403356,-0.529327086,-0.080739541,-0.000320571,0.028267843,0.000622629
911.004000000,-0.765596,24.822721391,1422.237172,-1.977651438,-18.885180,-0.053211987,-0.529327086,-0.082346951,-0.000274262,0.028166546,0.000542394
911.016000000,-0.804479,24.794919558,1420.644244,-2.269321458,-21.670424,-0.063378976,-0.626603811,-0.094221232,-0.000418554,0.039713508,0.000949834
911.018000000,-0.846936,24.790310684,1420.380175,-2.315541009,-22.111788,-0.063129117,-0.626603811,-0.096319951,-0.000358091,0.039556945,0.000829174
911.021000000,-0.846936,24.785619517,1420.111391,-2.355083755,-22.489393,-0.062915350,-0.626603811,-0.098115493,-0.000306362,0.039422998,0.000721507
911.023000000,-0.846936,24.780857945,1419.838573,-2.388914218,-22.812450,-0.062732463,-0.626603811,-0.099651654,-0.000262105,0.039308400,0.000626146
911.035000000,-0.869495,24.748053145,1417.958996,-2.655812278,-25.361139,-0.073007277,-0.723690240,-0.110404143,-0.000437636,0.052834654,0.001162278
911.037000000,-0.869495,24.745372220,1417.805391,-2.680925612,-25.600954,-0.072874634,-0.723690240,-0.111544116,-0.000404922,0.052738661,0.001085567
911.039000000,-0.906897,24.739942426,1417.494286,-2.725639824,-26.027943,-0.072632912,-0.723690240,-0.113574481,-0.000346428,0.052563729,0.000944238
911.041000000,-0.906897,24.734433018,1417.178621,-2.763894690,-26.393250,-0.072426106,-0.723690240,-0.115311544,-0.000296384,0.052414066,0.000819173
911.043000000,-0.906897,24.728855498,1416.859052,-2.796623318,-26.705786,-0.072249176,-0.723690240,-0.116797673,-0.000253568,0.052286024,0.000709135
911.045000000,-0.924546,24.720369650,1416.372849,-2.850054404,-27.216015,-0.077015677,-0.765595506,-0.118634209,-0.000410034,0.058962856,0.001168620
911.055000000,-0.924546,24.693846683,1414.853195,-3.008232345,-28.726503,-0.076164244,-0.765595506,-0.125816264,-0.000203273,0.058311003,0.000611492
911.056000000,-0.948655,24.687760859,1414.504503,-3.053882114,-29.162426,-0.080611717,-0.804479317,-0.127341586,-0.000353750,0.064850459,0.001080310
911.059000000,-0.948655,24.681593738,1414.151153,-3.092945496,-29.535454,-0.080400544,-0.804479317,-0.129115361,-0.000302648,0.064680574,0.000936072
911.061000000,-0.948655,24.675357065,1413.793818,-3.126365842,-29.854595,-0.080219874,-0.804479317,-0.130632899,-0.000258928,0.064535229,0.000809502
911.063000000,-0.948655,24.669060887,1413.433073,-3.154958337,-30.127633,-0.080065303,-0.804479317,-0.131931216,-0.000221523,0.064410880,0.000698897
911.077000000,-0.966645,24.619886860,1410.615609,-3.397786368,-32.446470,-0.086601604,-0.869494930,-0.142041970,-0.000255316,0.075299656,0.000867508
911.078000000,-0.966645,24.616474427,1410.420091,-3.412432763,-32.586333,-0.086522426,-0.869494930,-0.142707027,-0.000236156,0.075230811,0.000805865
911.080000000,-0.984319,24.613048447,1410.223797,-3.425980018,-32.715699,-0.086449190,-0.869494930,-0.143322176,-0.000218433,0.075167132,0.000748348
911.082000000,-0.984319,24.606159836,1409.829109,-3.450100857,-32.946036,-0.086318793,-0.869494930,-0.144417446,-0.000186879,0.075053753,0.000644750
911.083000000,-0.984319,24.599228277,1409.431960,-3.470737237,-33.143099,-0.086207233,-0.869494930,-0.145354495,-0.000159882,0.074956752,0.000554910
911.096000000,-0.991123,24.552950160,1406.780419,-3.642864426,-34.786793,-0.091922773,-0.924546034,-0.152395202,-0.000232299,0.084986835,0.000846235
911.099000000,-0.998322,24.545625453,1406.360744,-3.668516451,-35.031752,-0.091784099,-0.924546034,-0.153560000,-0.000198742,0.084858625,0.000729087
911.101000000,-0.998322,24.534554856,1405.726445,-3.700216837,-35.334468,-0.091612728,-0.924546034,-0.154999439,-0.000157272,0.084700184,0.000581940
911.104000000,-0.998322,24.527128033,1405.300920,-3.717583822,-35.500310,-0.091518842,-0.924546034,-0.155788032,-0.000134553,0.084613382,0.000500210
911.116000000,-0.999971,24.481659275,1402.695752,-3.843064566,-36.698563,-0.095921303,-0.966644818,-0.160893202,-0.000197904,0.092721831,0.000760559
911.117000000,-0.998113,24.473939927,1402.253466,-3.864926256,-36.907327,-0.095804697,-0.966644818,-0.161885705,-0.000169376,0.092609114,0.000654625
911.120000000,-0.998113,24.466181655,1401.808950,-3.883629843,-37.085933,-0.095703586,-0.966644818,-0.162734991,-0.000144908,0.092511375,0.000562769
911.122000000,-0.998113,24.458390080,1401.362525,-3.899631539,-37.238738,-0.095617081,-0.966644818,-0.163461589,-0.000123975,0.092427756,0.000483456
911.125000000,-0.998113,24.446650609,1400.689903,-3.919406193,-37.427572,-0.095510179,-0.966644818,-0.164359509,-0.000098106,0.092324420,0.000384517
911.133000000,-0.993048,24.415050105,1398.879328,-3.977807289,-37.985262,-0.097328183,-0.984318997,-0.166762493,-0.000117248,0.095801980,0.000466391
911.134000000,-0.983697,24.407074817,1398.422377,-3.990754605,-38.108899,-0.097258190,-0.984318997,-0.167350400,-0.000100311,0.095733084,0.000400315
911.136000000,-0.983697,24.399070308,1397.963753,-4.005891687,-38.253448,-0.097997770,-0.991122966,-0.167941931,-0.000117289,0.097127841,0.000469847
911.139000000,-0.983697,24.391038844,1397.503584,-4.018843508,-38.377129,-0.097927753,-0.991122966,-0.168530043,-0.000100346,0.097058445,0.000403273
911.141000000,-0.983697,24.378949471,1396.810914,-4.034849173,-38.529971,-0.097841227,-0.991122966,-0.169256822,-0.000079407,0.096972687,0.000320396
911.144000000,-0.983697,24.370866448,1396.347791,-4.043617840,-38.613706,-0.097793823,-0.991122966,-0.169654986,-0.000067936,0.096925704,0.000274708
911.158000000,-0.970464,24.313835168,1393.080139,-4.096682473,-39.120436,-0.098575079,-0.999970513,-0.171939942,-0.000046345,0.098572172,0.000189862
911.158000000,-0.970464,24.309735826,1392.845264,-4.099341102,-39.145824,-0.098560707,-0.999970513,-0.172060664,-0.000042867,0.098557800,0.000175727
911.160000000,-0.945519,24.301529951,1392.375102,-4.104074783,-39.191027,-0.098535116,-0.999970513,-0.172275609,-0.000036675,0.098532211,0.000150516
911.162000000,-0.945519,24.293315648,1391.904457,-4.108124643,-39.229701,-0.098513223,-0.999970513,-0.172459504,-0.000031377,0.098510318,0.000128899
911.164000000,-0.932576,24.285094134,1391.433399,-4.111589466,-39.262787,-0.098494492,-0.999970513,-0.172616833,-0.000026844,0.098491588,0.000110372
911.176000000,-0.932576,24.235697075,1388.603156,-4.116619709,-39.310823,-0.097631568,-0.993047928,-0.172942722,0.000017158,0.096952827,-0.000070633
911.179000000,-0.902736,24.223352831,1387.895883,-4.113882916,-39.284688,-0.097646363,-0.993047928,-0.172818450,0.000013578,0.096967518,-0.000055857
911.182000000,-0.902736,24.215127344,1387.424597,-4.112383570,-39.270370,-0.097654469,-0.993047928,-0.172750369,0.000011616,0.096975568,-0.000047771
911.184000000,-0.902736,24.206904526,1386.953464,-4.111100817,-39.258121,-0.097661403,-0.993047928,-0.172692122,0.000009938,0.096982454,-0.000040857
911.196000000,-0.879980,24.153685468,1383.904237,-4.074876869,-38.912208,-0.095130826,-0.970464383,-0.171365279,0.000084631,0.092321079,-0.000344861
911.199000000,-0.841699,24.145549915,1383.438104,-4.065531352,-38.822965,-0.095181347,-0.970464383,-0.170940922,0.000072405,0.092370107,-0.000294366
911.200000000,-0.841699,24.137431002,1382.972925,-4.057535873,-38.746613,-0.095224571,-0.970464383,-0.170577866,0.000061946,0.092412054,-0.000251347
911.202000000,-0.841699,24.129326324,1382.508561,-4.050695408,-38.681292,-0.095261550,-0.970464383,-0.170267257,0.000052997,0.092447941,-0.000214676
911.215000000,-0.813507,24.077066674,1379.514303,-3.977495942,-37.982288,-0.091084320,-0.932576036,-0.167476819,0.000162002,0.084943054,-0.000644362
911.218000000,-0.771403,24.069138873,1379.060074,-3.959601015,-37.811404,-0.091179925,-0.932576036,-0.166664386,0.000138643,0.085032213,-0.000548970
911.220000000,-0.771403,24.061242934,1378.607670,-3.944291160,-37.665206,-0.091262690,-0.932576036,-0.165969202,0.000118615,0.085109397,-0.000467851
911.222000000,-0.771403,24.053374254,1378.156828,-3.931192942,-37.540127,-0.091333499,-0.932576036,-0.165374443,0.000101480,0.085175432,-0.000398937
911.224000000,-0.771403,24.045528896,1377.707322,-3.919986873,-37.433117,-0.091394078,-0.932576036,-0.164865602,0.000086820,0.085231927,-0.000340334
911.237000000,-0.734204,23.995274227,1374.827941,-3.801914301,-36.305607,-0.085682758,-0.879980407,-0.160244810,0.000216677,0.075399149,-0.000823786
911.240000000,-0.676362,23.983939402,1374.178504,-3.767353165,-35.975573,-0.085869594,-0.879980407,-0.158675471,0.000171464,0.075563560,-0.000645967
911.242000000,-0.676362,23.976433466,1373.748445,-3.748418926,-35.794764,-0.085971952,-0.879980407,-0.157815713,0.000146695,0.075653633,-0.000549874
911.243000000,-0.676362,23.968961242,1373.320318,-3.732219897,-35.640075,-0.086059524,-0.879980407,-0.157080153,0.000125504,0.075730695,-0.000468407
911.253000000,-0.643322,23.935858511,1371.423672,-3.624702216,-34.613356,-0.082019268,-0.841699310,-0.152737070,0.000191788,0.069035561,-0.000695173
911.256000000,-0.599024,23.925055913,1370.804728,-3.585374838,-34.237808,-0.078830816,-0.813506961,-0.151347998,0.000292629,0.064129417,-0.001049186
911.258000000,-0.599024,23.917934283,1370.396689,-3.553048535,-33.929114,-0.079003099,-0.813506961,-0.149880426,0.000250451,0.064269571,-0.000889866
911.260000000,-0.599024,23.910870209,1369.991947,-3.525392034,-33.665014,-0.079152609,-0.813506961,-0.148624610,0.000214272,0.064391199,-0.000755391
911.261000000,-0.599024,23.907357109,1369.790662,-3.513100169,-33.547635,-0.079219059,-0.813506961,-0.148066465,0.000198192,0.064445256,-0.000696267
911.263000000,-0.599024,23.900364164,1369.389995,-3.491214548,-33.338643,-0.079337372,-0.813506961,-0.147072691,0.000169561,0.064541505,-0.000591974
911.278000000,-0.542295,23.849688416,1366.486489,-3.264000386,-31.168908,-0.070991823,-0.734204025,-0.137872108,0.000301013,0.052122482,-0.000982506
911.278000000,-0.542295,23.846441683,1366.300465,-3.246732548,-31.004012,-0.071085172,-0.734204025,-0.137088016,0.000278423,0.052191020,-0.000903966
911.279000000,-0.471935,23.843210923,1366.115356,-3.230760576,-30.851491,-0.071171516,-0.734204025,-0.136362767,0.000257529,0.052254414,-0.000832014
911.282000000,-0.471935,23.836792613,1365.747614,-3.202322538,-30.579928,-0.071325252,-0.734204025,-0.135071463,0.000220327,0.052367287,-0.000705557
911.284000000,-0.471935,23.830424937,1365.382773,-3.177992614,-30.347594,-0.071456779,-0.734204025,-0.133966699,0.000188499,0.052463855,-0.000599047
911.296000000,-0.432715,23.790547346,1363.097955,-2.945883866,-28.131119,-0.061739834,-0.643322253,-0.124706906,0.000376139,0.039718609,-0.001108062
911.300000000,-0.357716,23.781832804,1362.598649,-2.885887625,-27.558197,-0.062064170,-0.643322253,-0.121982620,0.000297653,0.039927262,-0.000858993
911.302000000,-0.357716,23.776110972,1362.270812,-2.853018820,-27.244323,-0.062241859,-0.643322253,-0.120490126,0.000254654,0.040041573,-0.000726534
911.304000000,-0.357716,23.770447664,1361.946328,-2.824898192,-26.975791,-0.062393878,-0.643322253,-0.119213235,0.000217867,0.040139370,-0.000615453
911.316000000,-0.316311,23.735574091,1359.948220,-2.568259990,-24.525076,-0.051584713,-0.542294904,-0.108982478,0.000428263,0.027974127,-0.001099891
911.318000000,-0.243954,23.730509430,1359.658036,-2.520968345,-24.073474,-0.051840368,-0.542294904,-0.106835078,0.000366397,0.028112767,-0.000923675
911.321000000,-0.243954,23.725528972,1359.372677,-2.480508379,-23.687110,-0.052059093,-0.542294904,-0.104997887,0.000313468,0.028231381,-0.000777559
911.323000000,-0.243954,23.720620553,1359.091445,-2.445893196,-23.356560,-0.052246223,-0.542294904,-0.103426094,0.000268185,0.028332860,-0.000655951
911.325000000,-0.194919,23.715773766,1358.813745,-2.416278469,-23.073760,-0.052406319,-0.542294904,-0.102081360,0.000229443,0.028419680,-0.000554399
911.338000000,-0.194919,23.686300285,1357.125039,-2.113225419,-20.179816,-0.040815588,-0.432715241,-0.089863441,0.000425351,0.017661527,-0.000898863
911.340000000,-0.114244,23.682145205,1356.886970,-2.066255346,-19.731285,-0.041069508,-0.432715241,-0.087730642,0.000363905,0.017771402,-0.000751922
911.342000000,-0.114244,23.678073755,1356.653693,-2.026070497,-19.347548,-0.041286746,-0.432715241,-0.085905944,0.000311336,0.017865404,-0.000630789
911.345000000,-0.114244,23.672097443,1356.311276,-1.976410665,-18.873332,-0.041555207,-0.432715241,-0.083651009,0.000246372,0.017981571,-0.000486932
911.356000000,-0.070453,23.651810154,1355.148900,-1.711227352,-16.341018,-0.028939533,-0.316311400,-0.073248333,0.000528548,0.009153904,-0.000904465
911.359000000,0.004887,23.646849518,1354.864676,-1.626895208,-15.535705,-0.029391800,-0.316311400,-0.069419435,0.000418388,0.009296961,-0.000680674
911.360000000,0.004887,23.643665930,1354.682270,-1.580694030,-15.094516,-0.029641563,-0.316311400,-0.067321549,0.000357948,0.009375964,-0.000565807
911.362000000,0.004887,23.640564603,1354.504577,-1.541167003,-14.717061,-0.029855245,-0.316311400,-0.065526721,0.000306240,0.009443554,-0.000471967
911.365000000,0.055124,23.637533654,1354.330916,-1.507349988,-14.394132,-0.030038060,-0.316311400,-0.063991171,0.000262001,0.009501381,-0.000394927
911.378000000,0.055124,23.620221329,1353.338993,-1.165218180,-11.127014,-0.017232509,-0.194919140,-0.050165113,0.000470642,0.003358946,-0.000548401
911.380000000,0.136407,23.617969862,1353.209994,-1.113246771,-10.630724,-0.017513466,-0.194919140,-0.047805215,0.000402654,0.003413710,-0.000448253
911.382000000,0.136407,23.615810931,1353.086296,-1.068783071,-10.206127,-0.017753836,-0.194919140,-0.045786225,0.000344487,0.003460562,-0.000368182
911.383000000,0.136407,23.613731167,1352.967134,-1.030742527,-9.842866,-0.017959482,-0.194919140,-0.044058894,0.000294723,0.003500647,-0.000303784
911.399000000,0.179832,23.601160299,1352.246877,-0.634841032,-6.062285,-0.005073501,-0.070452888,-0.027834568,0.000449641,0.000357443,-0.000285450
911.400000000,0.265556,23.599966063,1352.178452,-0.585188729,-5.588141,-0.005341921,-0.070452888,-0.025579975,0.000384686,0.000376354,-0.000225114
911.402000000,0.265556,23.598860233,1352.115093,-0.542709120,-5.182490,-0.005571565,-0.070452888,-0.023651077,0.000329115,0.000392533,-0.000178614
911.413000000,0.301704,23.594436202,1351.861614,-0.266801352,-2.547765,0.002032296,0.004886902,-0.012183627,0.000375443,0.000009932,-0.000100169
911.414000000,0.301704,23.594190938,1351.847562,-0.245263769,-2.342096,0.001915864,0.004886902,-0.011205657,0.000347268,0.000009363,-0.000085172
911.416000000,0.360974,23.593804225,1351.825405,-0.176938068,-1.689634,0.007611433,0.055124448,-0.008810548,0.000529455,0.000419576,-0.000093681
911.418000000,0.360974,23.593539188,1351.810219,-0.118472117,-1.131325,0.007295370,0.055124448,-0.006155748,0.000452971,0.000402153,-0.000053664
911.421000000,0.360974,23.593378249,1351.800998,-0.068452066,-0.653669,0.007024963,0.055124448,-0.003884457,0.000387536,0.000387247,-0.000026528
911.422000000,0.360974,23.593306370,1351.796880,-0.025657834,-0.245014,0.006793618,0.055124448,-0.001941273,0.000331553,0.000374494,-0.000008507
911.425000000,0.418818,23.593310686,1351.797127,0.010954410,0.104607,0.006595693,0.055124448,-0.000278798,0.000283657,0.000363584,0.000003107
911.435000000,0.418818,23.595055339,1351.897088,0.305235296,2.914782,0.020056409,0.179832439,0.011328219,0.000572650,0.003606793,0.000174793
911.439000000,0.486030,23.596158528,1351.960296,0.396603232,3.787282,0.019566283,0.179832439,0.015476575,0.000453294,0.003518652,0.000179778
911.441000000,0.486030,23.597027794,1352.010102,0.446658954,4.265279,0.019295683,0.179832439,0.017749486,0.000387812,0.003469990,0.000173220
911.442000000,0.486030,23.597986184,1352.065013,0.489483703,4.674225,0.019064173,0.179832439,0.019694056,0.000331789,0.003428357,0.000162405
911.445000000,0.529327,23.599020823,1352.124294,0.526122056,5.024096,0.018866107,0.179832439,0.021357717,0.000283859,0.003392738,0.000149345
911.454000000,0.529327,23.604720625,1352.450868,0.749976248,7.161746,0.028004966,0.265556117,0.030315321,0.000454415,0.007436890,0.000340801
911.455000000,0.581555,23.606308026,1352.541820,0.811357344,7.747892,0.032033976,0.301704364,0.032593854,0.000569383,0.009664790,0.000461973
911.459000000,0.581555,23.608928502,1352.691962,0.902199649,8.615372,0.031546054,0.301704364,0.036718417,0.000450686,0.009517582,0.000406609
911.461000000,0.581555,23.610808523,1352.799679,0.951967405,9.090619,0.031277011,0.301704364,0.038978253,0.000385581,0.009436411,0.000367060
911.461000000,0.581555,23.611782610,1352.855490,0.974086563,9.301841,0.031157435,0.301704364,0.039982631,0.000356645,0.009400334,0.000347403
911.464000000,0.581555,23.613790625,1352.970541,1.013469647,9.677922,0.030944531,0.301704364,0.041770923,0.000305124,0.009336100,0.000309234
911.477000000,0.631488,23.630696634,1353.939184,1.374399707,13.124550,0.043131948,0.418818232,0.056510809,0.000466046,0.018064446,0.000640534
911.479000000,0.692647,23.633523632,1354.101159,1.425863628,13.615995,0.042853735,0.418818232,0.058847663,0.000398722,0.017947926,0.000568523
911.482000000,0.692647,23.636442262,1354.268384,1.469893150,14.036446,0.042615712,0.418818232,0.060846939,0.000341123,0.017848237,0.000501415
911.483000000,0.692647,23.639439286,1354.440101,1.507562236,14.396159,0.042412074,0.418818232,0.062557403,0.000291845,0.017762950,0.000439975
911.497000000,0.719340,23.661147829,1355.683909,1.825996973,17.436987,0.054031826,0.529327086,0.075460683,0.000472654,0.028600509,0.000863064
911.500000000,0.777585,23.666780518,1356.006638,1.901387841,18.156916,0.053624266,0.529327086,0.078884003,0.000374029,0.028384777,0.000711174
911.502000000,0.777585,23.670646053,1356.228117,1.942690557,18.551328,0.053400985,0.529327086,0.080759461,0.000319997,0.028266588,0.000621655
911.503000000,0.777585,23.674585127,1356.453810,1.978026748,18.888764,0.053209958,0.529327086,0.082363993,0.000273771,0.028165472,0.000541526
911.517000000,0.804479,23.702394337,1358.047160,2.272372198,21.699556,0.063952145,0.631488135,0.094290982,0.000440967,0.040385021,0.001002040
911.519000000,0.846936,23.707013072,1358.311794,2.321066671,22.164554,0.063688907,0.631488135,0.096502082,0.000377265,0.040218789,0.000875658
911.521000000,0.846936,23.711718508,1358.581395,2.362726816,22.562379,0.063463692,0.631488135,0.098393770,0.000322766,0.040076569,0.000762609
911.523000000,0.846936,23.716498119,1358.855247,2.398368802,22.902735,0.063271013,0.631488135,0.100012188,0.000276140,0.039954894,0.000662285
911.533000000,0.869495,23.741440992,1360.284368,2.594315447,24.773888,0.069595133,0.692646889,0.108048478,0.000350413,0.048204852,0.000909081
911.534000000,0.869495,23.744055409,1360.434163,2.614417163,24.965845,0.069486464,0.692646889,0.108961249,0.000324116,0.048129583,0.000847374
911.535000000,0.901531,23.746696691,1360.585498,2.641281903,25.222384,0.072561400,0.719339800,0.109805521,0.000433162,0.052196303,0.001144102
911.536000000,0.901531,23.752051954,1360.892332,2.689126047,25.679262,0.072305097,0.719339800,0.111977737,0.000370677,0.052011934,0.000996798
911.539000000,0.901531,23.757492403,1361.204046,2.730058704,26.070140,0.072083815,0.719339800,0.113836391,0.000317130,0.051852757,0.000865783
911.542000000,0.901531,23.765786375,1361.679256,2.780642665,26.553182,0.071810359,0.719339800,0.116133288,0.000250957,0.051656050,0.000697821
911.543000000,0.901531,23.771389769,1362.000307,2.808354974,26.817815,0.071660547,0.719339800,0.117391638,0.000214704,0.051548284,0.000602965
911.558000000,0.926922,23.812507787,1364.356196,3.070957207,29.325481,0.080519412,0.804479317,0.128116925,0.000331412,0.064776202,0.001017753
911.560000000,0.954449,23.821829129,1364.890269,3.123819280,29.830277,0.080233641,0.804479317,0.130517266,0.000262259,0.064546304,0.000819250
911.563000000,0.954449,23.828120772,1365.250754,3.152779648,30.106828,0.080077081,0.804479317,0.131832287,0.000224373,0.064420356,0.000707400
911.564000000,0.966645,23.834463980,1365.614193,3.177556445,30.343429,0.079943138,0.804479317,0.132957343,0.000191961,0.064312601,0.000609966
911.576000000,0.966645,23.873859723,1367.871403,3.375235426,32.231124,0.086723513,0.869494930,0.141017985,0.000284816,0.075405655,0.000961323
911.578000000,0.983191,23.880657984,1368.260914,3.406686750,32.531462,0.086553489,0.869494930,0.142446115,0.000243672,0.075257820,0.000830115
911.581000000,0.983191,23.887512244,1368.653635,3.433594664,32.788414,0.086408025,0.869494930,0.143667939,0.000208472,0.075131340,0.000715808
911.583000000,0.983191,23.894414413,1369.049100,3.456615503,33.008247,0.086283575,0.869494930,0.144713261,0.000178356,0.075023131,0.000616509
911.594000000,0.990268,23.933337214,1371.279212,3.601927024,34.395869,0.089365544,0.901530654,0.150860413,0.000161438,0.080565777,0.000581489
911.595000000,0.990268,23.936948402,1371.486118,3.611188060,34.484306,0.089315479,0.901530654,0.151280935,0.000149323,0.080520642,0.000539234
911.596000000,0.997515,23.944218853,1371.902684,3.642829071,34.786455,0.092209815,0.926922104,0.152360139,0.000245190,0.085471316,0.000893185
911.599000000,0.997515,23.951545652,1372.322479,3.669904564,35.045007,0.092063447,0.926922104,0.153589573,0.000209770,0.085335644,0.000769837
911.600000000,0.997515,23.958920659,1372.745035,3.693068774,35.266209,0.091938222,0.926922104,0.154641404,0.000179467,0.085219570,0.000662784
911.602000000,0.997515,23.966336910,1373.169955,3.712886719,35.455456,0.091831086,0.926922104,0.155541290,0.000153542,0.085120264,0.000570082
911.605000000,0.999971,23.973788447,1373.596897,3.729841793,35.617366,0.091739427,0.926922104,0.156311180,0.000131361,0.085035303,0.000489956
911.616000000,0.999971,24.019269352,1376.202761,3.850960224,36.773961,0.095880196,0.966644818,0.161251541,0.000187646,0.092682095,0.000722617
911.618000000,0.997708,24.027002758,1376.645852,3.871681322,36.971833,0.095768179,0.966644818,0.162192437,0.000160539,0.092573814,0.000621555
911.621000000,0.997708,24.034773058,1377.091058,3.889409083,37.141121,0.095672343,0.966644818,0.162997412,0.000137348,0.092481175,0.000534201
911.624000000,0.997708,24.046486239,1377.762174,3.911316782,37.350324,0.095553911,0.966644818,0.163992189,0.000108688,0.092366693,0.000425114
911.633000000,0.993048,24.082014490,1379.797792,3.978782910,37.994578,0.097186760,0.983191235,0.166822674,0.000109876,0.095553171,0.000437171
911.634000000,0.983697,24.089990492,1380.254784,3.990916089,38.110441,0.097121168,0.983191235,0.167373612,0.000094003,0.095488681,0.000375158
911.637000000,0.983697,24.097994513,1380.713380,4.005519467,38.249893,0.097896575,0.990268069,0.167937068,0.000113155,0.096943852,0.000453243
911.639000000,0.983697,24.106024539,1381.173467,4.018014739,38.369214,0.097829026,0.990268069,0.168504448,0.000096808,0.096876960,0.000388978
911.641000000,0.983697,24.114076812,1381.634828,4.028704964,38.471299,0.097771235,0.990268069,0.168989866,0.000082824,0.096819732,0.000333672
911.644000000,0.983697,24.126190035,1382.328865,4.041915782,38.597453,0.097699817,0.990268069,0.169589738,0.000065541,0.096749009,0.000264913
911.658000000,0.970464,24.183226343,1385.596804,4.096408519,39.117820,0.098576560,0.999970513,0.171927502,0.000046704,0.098573653,0.000191317
911.660000000,0.947546,24.195530855,1386.301801,4.103857993,39.188957,0.098536288,0.999970513,0.172265765,0.000036958,0.098533383,0.000151672
911.662000000,0.947546,24.203744772,1386.772424,4.107939170,39.227929,0.098514226,0.999970513,0.172451082,0.000031619,0.098511321,0.000129890
911.664000000,0.932576,24.211965956,1387.243463,4.111430787,39.261272,0.098495350,0.999970513,0.172609628,0.000027052,0.098492446,0.000111221
911.677000000,0.932576,24.261361046,1390.073593,4.116155950,39.306394,0.097634075,0.993047928,0.172921663,-0.000016551,0.096955316,-0.000068128
911.680000000,0.900015,24.273704096,1390.780798,4.113515926,39.281184,0.097648347,0.993047928,0.172801786,-0.000013098,0.096969489,-0.000053877
911.682000000,0.900015,24.281928931,1391.252046,4.112069594,39.267372,0.097656166,0.993047928,0.172736112,-0.000011206,0.096977253,-0.000046078
911.683000000,0.900015,24.290151190,1391.723147,4.110832198,39.255556,0.097662855,0.993047928,0.172679925,-0.000009587,0.096983896,-0.000039410
911.698000000,0.879980,24.347438069,1395.005443,4.069931820,38.864986,0.095157558,0.970464383,0.171140736,-0.000078162,0.092347021,-0.000318114
911.700000000,0.838290,24.355564817,1395.471072,4.061300657,38.782564,0.095204218,0.970464383,0.170748816,-0.000066871,0.092392303,-0.000271583
911.702000000,0.838290,24.363676198,1395.935820,4.053916337,38.712049,0.095244138,0.970464383,0.170413511,-0.000057211,0.092431043,-0.000231928
911.704000000,0.838290,24.371774431,1396.399814,4.047598745,38.651721,0.095278290,0.970464383,0.170126645,-0.000048946,0.092464187,-0.000198115
911.717000000,0.817145,24.423923650,1399.387744,3.967049871,37.882536,0.091139658,0.932576036,0.167002620,-0.000148387,0.084994661,-0.000588660
911.719000000,0.767389,24.431832852,1399.840908,3.950663965,37.726062,0.091228239,0.932576036,0.166258576,-0.000126951,0.085077269,-0.000501543
911.721000000,0.767389,24.439712878,1400.292400,3.936645142,37.592192,0.091304024,0.932576036,0.165622014,-0.000108612,0.085147945,-0.000427568
911.723000000,0.767389,24.447567944,1400.742463,3.924651456,37.477661,0.091368862,0.932576036,0.165077409,-0.000092922,0.085208411,-0.000364688
911.736000000,0.734204,24.497910266,1403.626865,3.810715408,36.389652,0.085636935,0.879980407,0.160644243,-0.000228112,0.075358825,-0.000869269
911.737000000,0.734204,24.501707891,1403.844453,3.797625088,36.264648,0.085705946,0.879980407,0.160050047,-0.000211066,0.075419553,-0.000801548
911.738000000,0.685564,24.505493408,1404.061347,3.785517129,36.149026,0.085771400,0.879980407,0.159500254,-0.000195226,0.075477151,-0.000739032
911.741000000,0.685564,24.516786062,1404.708369,3.754377471,35.851664,0.085939740,0.879980407,0.158086276,-0.000154490,0.075625288,-0.000580013
911.742000000,0.685564,24.524268895,1405.137103,3.737317680,35.688755,0.086031965,0.879980407,0.157311631,-0.000132172,0.075706444,-0.000493971
911.744000000,0.643322,24.531721353,1405.564098,3.722722320,35.549380,0.086110868,0.879980407,0.156648891,-0.000113079,0.075775876,-0.000420962
911.756000000,0.643322,24.571922619,1407.867461,3.580339575,34.189724,0.079294756,0.817144898,0.151068421,-0.000266487,0.064795305,-0.000954115
911.759000000,0.583825,24.582576417,1408.477878,3.537833372,33.783820,0.079524543,0.817144898,0.149138315,-0.000210881,0.064983074,-0.000746064
911.761000000,0.583825,24.589616699,1408.881257,3.514546445,33.561446,0.079650431,0.817144898,0.148080911,-0.000180418,0.065085944,-0.000634087
911.762000000,0.583825,24.596615519,1409.282260,3.494623511,33.371196,0.079758134,0.817144898,0.147176258,-0.000154355,0.065173953,-0.000539413
911.764000000,0.542295,24.603578867,1409.681230,3.477578613,33.208430,0.079850279,0.817144898,0.146402290,-0.000132057,0.065249248,-0.000459239
911.776000000,0.542295,24.644141294,1412.005286,3.285057793,31.369991,0.070877989,0.734204025,0.138828274,-0.000328560,0.052038905,-0.001079337
911.779000000,0.477465,24.653888930,1412.563784,3.232650735,30.869541,0.071161298,0.734204025,0.136448595,-0.000260002,0.052246912,-0.000840494
911.782000000,0.477465,24.660310606,1412.931719,3.203939647,30.595370,0.071316510,0.734204025,0.135144892,-0.000222442,0.052360869,-0.000712691
911.784000000,0.477465,24.666681161,1413.296725,3.179376118,30.360806,0.071449300,0.734204025,0.134029521,-0.000190308,0.052458364,-0.000605062
911.796000000,0.432715,24.706442436,1415.574878,2.945686774,28.129237,0.061740900,0.643322253,0.124697957,-0.000375881,0.039719295,-0.001107228
911.800000000,0.363576,24.715156471,1416.074156,2.885731659,27.556707,0.062065014,0.643322253,0.121975538,-0.000297449,0.039927804,-0.000858358
911.801000000,0.363576,24.720878025,1416.401977,2.852885385,27.243049,0.062242580,0.643322253,0.120484067,-0.000254480,0.040042037,-0.000726002
911.804000000,0.363576,24.726541096,1416.726447,2.824784032,26.974701,0.062394495,0.643322253,0.119208051,-0.000217718,0.040139767,-0.000615007
911.815000000,0.316311,24.758991382,1418.585711,2.586734474,24.701495,0.051488479,0.542294904,0.109820936,-0.000452268,0.027921940,-0.001169897
911.818000000,0.250042,24.766603505,1419.021854,2.514569244,24.012367,0.051874961,0.542294904,0.106544510,-0.000358026,0.028131527,-0.000900280
911.821000000,0.250042,24.771572570,1419.306560,2.475033681,23.634831,0.052088690,0.542294904,0.104749294,-0.000306306,0.028247431,-0.000758117
911.822000000,0.250042,24.776471241,1419.587233,2.441209365,23.311832,0.052271543,0.542294904,0.103213412,-0.000262057,0.028346592,-0.000639737
911.825000000,0.194919,24.781309689,1419.864456,2.412271257,23.035494,0.052427982,0.542294904,0.101899402,-0.000224201,0.028431428,-0.000540834
911.835000000,0.194919,24.806552223,1421.310747,2.175321949,20.772794,0.040483820,0.432715241,0.092682639,-0.000506409,0.017517966,-0.001101603
911.838000000,0.126718,24.810817866,1421.555150,2.119381514,20.238603,0.040782309,0.432715241,0.090142975,-0.000433404,0.017647126,-0.000918549
911.840000000,0.126718,24.814983907,1421.793847,2.071522141,19.781579,0.041041035,0.432715241,0.087969795,-0.000370795,0.017759082,-0.000768111
911.843000000,0.126718,24.821077112,1422.142962,2.012378249,19.216797,0.041360766,0.432715241,0.085284211,-0.000293424,0.017897434,-0.000590481
911.844000000,0.126718,24.825052635,1422.370742,1.979976401,18.907382,0.041535930,0.432715241,0.083812920,-0.000251037,0.017973230,-0.000497047
911.856000000,0.070453,24.845418580,1423.537625,1.722164651,16.445461,0.028880920,0.316311400,0.073744910,-0.000542833,0.009135364,-0.000934847
911.859000000,0.001396,24.850407345,1423.823460,1.635550303,15.618355,0.029345011,0.316311400,0.069812442,-0.000429711,0.009282161,-0.000702813
911.860000000,0.001396,24.853606344,1424.006749,1.588098823,15.165227,0.029601533,0.316311400,0.067657783,-0.000367635,0.009363302,-0.000583841
911.863000000,0.001396,24.856720855,1424.185198,1.547502111,14.777557,0.029820998,0.316311400,0.065814383,-0.000314527,0.009432722,-0.000486732
911.865000000,0.001396,24.859763084,1424.359504,1.512769936,14.445889,0.030008759,0.316311400,0.064237278,-0.000269091,0.009492113,-0.000407073
911.877000000,-0.055124,24.877205326,1425.358871,1.176427473,11.234055,0.017171912,0.194919140,0.050674101,-0.000485306,0.003347134,-0.000570927
911.879000000,-0.136407,24.879476751,1425.489014,1.122836787,10.722301,0.017461622,0.194919140,0.048240675,-0.000415199,0.003403604,-0.000466201
911.881000000,-0.136407,24.881652757,1425.613690,1.076987727,10.284475,0.017709481,0.194919140,0.046158778,-0.000355220,0.003451917,-0.000382568
911.883000000,-0.136407,24.883747129,1425.733689,1.037761952,9.909897,0.017921535,0.194919140,0.044377629,-0.000303906,0.003493250,-0.000315382
911.895000000,-0.179832,24.893472413,1426.290907,0.761784457,7.274506,0.011179910,0.126718364,0.032806488,-0.000311551,0.001416700,-0.000237334
911.896000000,-0.241244,24.894892695,1426.372283,0.693805835,6.625358,0.004754742,0.070452888,0.030512019,-0.000526777,0.000334985,-0.000365481
911.899000000,-0.241244,24.896801700,1426.481661,0.609781933,5.822989,0.005208971,0.070452888,0.026696694,-0.000416859,0.000366987,-0.000254193
911.901000000,-0.241244,24.897951318,1426.547529,0.563749628,5.383412,0.005457820,0.070452888,0.024606476,-0.000356640,0.000384519,-0.000201056
911.904000000,-0.241244,24.899018976,1426.608701,0.524367078,5.007337,0.005670722,0.070452888,0.022818209,-0.000305120,0.000399519,-0.000159995
911.915000000,-0.301704,24.903293979,1426.853641,0.210522836,2.010345,-0.007788038,-0.055124448,0.010334974,-0.000573168,0.000429311,-0.000120665
911.918000000,-0.366826,24.903737878,1426.879074,0.119063955,1.136977,-0.007298570,-0.055124448,0.006182622,-0.000453745,0.000402330,-0.000054025
911.921000000,-0.366826,24.903899871,1426.888356,0.068958408,0.658504,-0.007027700,-0.055124448,0.003907449,-0.000388198,0.000387398,-0.000026770
911.923000000,-0.366826,24.903972651,1426.892526,0.026091030,0.249151,-0.006795960,-0.055124448,0.001960943,-0.000332119,0.000374624,-0.000008665
911.925000000,-0.366826,24.903969106,1426.892323,-0.010583792,-0.101068,-0.006597696,-0.055124448,0.000295627,-0.000284142,0.000363694,0.000003007
911.935000000,-0.418818,24.902227084,1426.792512,-0.305078169,-2.913282,-0.020057258,-0.179832439,-0.011321084,-0.000572855,0.003606946,0.000174766
911.938000000,-0.480530,24.901520778,1426.752044,-0.368355452,-3.517535,-0.019718990,-0.179832439,-0.014193911,-0.000490247,0.003546114,0.000180585
911.941000000,-0.480530,24.900255255,1426.679535,-0.446552575,-4.264263,-0.019296258,-0.179832439,-0.017744656,-0.000387951,0.003470093,0.000173241
911.942000000,-0.480530,24.899297055,1426.624634,-0.489392692,-4.673356,-0.019064665,-0.179832439,-0.019689924,-0.000331908,0.003428445,0.000162433
911.945000000,-0.529327,24.898262577,1426.565363,-0.526044192,-5.023352,-0.018866528,-0.179832439,-0.021354181,-0.000283961,0.003392814,0.000149376
911.952000000,-0.529327,24.892981748,1426.262794,-0.744619397,-7.110591,-0.025098892,-0.241244442,-0.030414414,-0.000330001,0.006054968,0.000245725
911.956000000,-0.581555,24.890621146,1426.127541,-0.815991547,-7.792145,-0.032006792,-0.301704364,-0.032804531,-0.000563225,0.009656589,0.000459587
911.958000000,-0.581555,24.888894618,1426.028618,-0.878212782,-8.386314,-0.031675727,-0.301704364,-0.035629231,-0.000482066,0.009556705,0.000423356
911.959000000,-0.581555,24.887057306,1425.923348,-0.931445643,-8.894651,-0.031387951,-0.301704364,-0.038046408,-0.000412427,0.009469882,0.000384153
911.962000000,-0.581555,24.885125212,1425.812647,-0.976988567,-9.329554,-0.031141747,-0.301704364,-0.040114404,-0.000352849,0.009395601,0.000344729
911.964000000,-0.581555,24.883112030,1425.697300,-1.015952432,-9.701631,-0.030931109,-0.301704364,-0.041883660,-0.000301877,0.009332051,0.000306692
911.978000000,-0.626604,24.864838937,1424.650329,-1.404168198,-13.408819,-0.042971020,-0.418818232,-0.057862525,-0.000427104,0.017997047,0.000599725
911.979000000,-0.626604,24.863410267,1424.568473,-1.428669349,-13.642787,-0.042838567,-0.418818232,-0.058975064,-0.000395052,0.017941573,0.000564398
911.981000000,-0.697165,24.861958935,1424.485317,-1.451331809,-13.859198,-0.042716054,-0.418818232,-0.060004113,-0.000365405,0.017890262,0.000530324
911.982000000,-0.697165,24.858994960,1424.315494,-1.491682237,-14.244516,-0.042497921,-0.418818232,-0.061836330,-0.000312619,0.017798904,0.000466328
911.998000000,-0.723690,24.833985782,1422.882574,-1.845449132,-17.622741,-0.053926670,-0.529327086,-0.076343959,-0.000447207,0.028544847,0.000825297
911.999000000,-0.723690,24.832114679,1422.775367,-1.871103518,-17.867722,-0.053787983,-0.529327086,-0.077508864,-0.000413646,0.028471436,0.000773975
912.000000000,-0.777585,24.830219846,1422.666802,-1.894832668,-18.094319,-0.053659704,-0.529327086,-0.078586348,-0.000382604,0.028403535,0.000724971
912.001000000,-0.777585,24.826365983,1422.445991,-1.937082335,-18.497774,-0.053431303,-0.529327086,-0.080504805,-0.000327334,0.028282636,0.000634072
912.003000000,-0.777585,24.822436894,1422.220871,-1.973228680,-18.842946,-0.053235896,-0.529327086,-0.082146124,-0.000280048,0.028179202,0.000552598
912.016000000,-0.800731,24.794630966,1420.627709,-2.279669658,-21.769242,-0.063323037,-0.626603811,-0.094691119,-0.000405017,0.039678456,0.000923305
912.019000000,-0.846936,24.790003668,1420.362584,-2.324394324,-22.196331,-0.063081256,-0.626603811,-0.096721959,-0.000346509,0.039526956,0.000805423
912.021000000,-0.846936,24.785296738,1420.092897,-2.362658134,-22.561723,-0.062874403,-0.626603811,-0.098459428,-0.000296453,0.039397340,0.000700417
912.022000000,-0.846936,24.780521679,1419.819306,-2.395394413,-22.874332,-0.062697431,-0.626603811,-0.099945904,-0.000253628,0.039286449,0.000607538
912.034000000,-0.872581,24.753119088,1418.249254,-2.601236261,-24.839977,-0.070103182,-0.697165103,-0.108299114,-0.000365783,0.048873492,0.000951489
912.034000000,-0.872581,24.750496868,1418.099011,-2.622219719,-25.040354,-0.069989746,-0.697165103,-0.109251923,-0.000338333,0.048794408,0.000887184
912.035000000,-0.901531,24.747847020,1417.947186,-2.649848041,-25.304185,-0.073040315,-0.723690240,-0.110133228,-0.000445473,0.052858563,0.001180437
912.038000000,-0.901531,24.742472559,1417.639252,-2.699051667,-25.774045,-0.072776647,-0.723690240,-0.112367176,-0.000381210,0.052667749,0.001028906
912.040000000,-0.901531,24.737010492,1417.326299,-2.741147417,-26.176030,-0.072549078,-0.723690240,-0.114278644,-0.000326141,0.052503060,0.000894001
912.041000000,-0.901531,24.731473473,1417.009051,-2.777162081,-26.519944,-0.072354383,-0.723690240,-0.115913984,-0.000279027,0.052362161,0.000774904
912.043000000,-0.901531,24.725872330,1416.688129,-2.807974122,-26.814178,-0.072187814,-0.723690240,-0.117313086,-0.000238719,0.052241616,0.000670318
912.058000000,-0.924546,24.684693735,1414.328770,-3.075488053,-29.368748,-0.080042447,-0.800731371,-0.128375435,-0.000305225,0.064092498,0.000938715
912.059000000,-0.954449,24.678491544,1413.973410,-3.109192992,-29.690606,-0.079860238,-0.800731371,-0.129905896,-0.000261132,0.063946598,0.000811911
912.062000000,-0.954449,24.672229342,1413.614612,-3.138028967,-29.965969,-0.079704352,-0.800731371,-0.131215269,-0.000223410,0.063821775,0.000701066
912.063000000,-0.954449,24.665915798,1413.252873,-3.162699343,-30.201554,-0.079570984,-0.800731371,-0.132335492,-0.000191136,0.063714983,0.000604507
912.074000000,-0.965016,24.633456885,1411.393114,-3.322170272,-31.724389,-0.084286997,-0.846936377,-0.138926071,-0.000232290,0.071385724,0.000771708
912.076000000,-0.979575,24.626765621,1411.009733,-3.355768102,-32.045225,-0.087199105,-0.872581274,-0.140090823,-0.000326867,0.076088306,0.001096889
912.078000000,-0.979575,24.616591301,1410.426788,-3.407921168,-32.543250,-0.086919415,-0.872581274,-0.142458708,-0.000258741,0.075844254,0.000881770
912.080000000,-0.979575,24.609732044,1410.033781,-3.436493109,-32.816092,-0.086764956,-0.872581274,-0.143756091,-0.000221364,0.075709476,0.000760716
912.082000000,-0.979575,24.602821915,1409.637860,-3.460937593,-33.049520,-0.086632809,-0.872581274,-0.144866057,-0.000189386,0.075594167,0.000655454
912.084000000,-0.979575,24.595868262,1409.239445,-3.481850864,-33.249227,-0.086519753,-0.872581274,-0.145815679,-0.000162028,0.075495516,0.000564156
912.096000000,-0.991123,24.552967622,1406.781419,-3.643584013,-34.793664,-0.091918882,-0.924546034,-0.152427877,-0.000231358,0.084983238,0.000842972
912.100000000,-0.998666,24.541961147,1406.150795,-3.680486868,-35.146061,-0.091719388,-0.924546034,-0.154103548,-0.000183082,0.084798796,0.000673832
912.101000000,-0.998666,24.534569453,1405.727282,-3.700704013,-35.339120,-0.091610094,-0.924546034,-0.155021560,-0.000156634,0.084697749,0.000579658
912.104000000,-0.998666,24.527141763,1405.301707,-3.718000622,-35.504291,-0.091516589,-0.924546034,-0.155806958,-0.000134007,0.084611299,0.000498239
912.116000000,-0.999903,24.477927334,1402.481927,-3.851917691,-36.783104,-0.095678441,-0.965016494,-0.161317946,-0.000177591,0.092331273,0.000684066
912.117000000,-0.999903,24.474065229,1402.260645,-3.862105347,-36.880389,-0.095623367,-0.965016494,-0.161780543,-0.000164264,0.092278126,0.000634404
912.119000000,-0.997708,24.470193701,1402.038823,-3.871528470,-36.970374,-0.095572426,-0.965016494,-0.162208425,-0.000151937,0.092228967,0.000588227
912.121000000,-0.997708,24.462425150,1401.593718,-3.888306307,-37.130590,-0.095481725,-0.965016494,-0.162970266,-0.000129988,0.092141440,0.000505433
912.123000000,-0.997708,24.454626726,1401.146901,-3.902660443,-37.267662,-0.095404127,-0.965016494,-0.163622053,-0.000111210,0.092066556,0.000434015
912.137000000,-0.993048,24.399175603,1397.969786,-4.004379204,-38.239005,-0.098005946,-0.991122966,-0.167873253,-0.000119268,0.097135944,0.000477592
912.138000000,-0.993048,24.395164382,1397.739960,-4.011221084,-38.304340,-0.097968960,-0.991122966,-0.168183927,-0.000110317,0.097099286,0.000442506
912.141000000,-0.980133,24.383094612,1397.048413,-4.028817265,-38.472371,-0.097873835,-0.991122966,-0.168982927,-0.000087298,0.097005006,0.000351708
912.143000000,-0.980133,24.375022329,1396.585905,-4.038457292,-38.564426,-0.097821721,-0.991122966,-0.169420658,-0.000074687,0.096953355,0.000301621
912.144000000,-0.980133,24.370979588,1396.354273,-4.042741779,-38.605340,-0.097798559,-0.991122966,-0.169615206,-0.000069082,0.096930398,0.000279282
912.157000000,-0.970464,24.318064399,1393.322456,-4.092855515,-39.083891,-0.098587560,-0.999902524,-0.171767126,-0.000050984,0.098577950,0.000208670
912.160000000,-0.949535,24.305769145,1392.617990,-4.100987745,-39.161548,-0.098543597,-0.999902524,-0.172136391,-0.000040346,0.098533991,0.000165457
912.161000000,-0.949535,24.297560400,1392.147663,-4.105442969,-39.204093,-0.098519512,-0.999902524,-0.172338692,-0.000034517,0.098509909,0.000141709
912.164000000,-0.949535,24.289343722,1391.676882,-4.109254598,-39.240491,-0.098498906,-0.999902524,-0.172511769,-0.000029531,0.098489305,0.000121350
912.176000000,-0.932576,24.235841629,1388.611438,-4.115948279,-39.304411,-0.097635198,-0.993047928,-0.172912234,0.000016280,0.096956431,-0.000067006
912.178000000,-0.902736,24.227612464,1388.139942,-4.114150573,-39.287244,-0.097644916,-0.993047928,-0.172830604,0.000013928,0.096966082,-0.000057302
912.181000000,-0.902736,24.219386500,1387.668629,-4.112612562,-39.272557,-0.097653231,-0.993047928,-0.172760767,0.000011916,0.096974338,-0.000049005
912.182000000,-0.902736,24.211163274,1387.197473,-4.111296729,-39.259992,-0.097660344,-0.993047928,-0.172701018,0.000010195,0.096981402,-0.000041913
912.184000000,-0.879980,24.202942391,1386.726451,-4.110170980,-39.249242,-0.097666430,-0.993047928,-0.172649900,0.000008722,0.096987446,-0.000035848
912.198000000,-0.879980,24.145674659,1383.445251,-4.064292554,-38.811135,-0.095188044,-0.970464383,-0.170884671,0.000070785,0.092376606,-0.000287690
912.201000000,-0.834848,24.137557951,1382.980198,-4.056476030,-38.736493,-0.095230300,-0.970464383,-0.170529741,0.000060559,0.092417614,-0.000245657
912.202000000,-0.834848,24.129455160,1382.515943,-4.049788668,-38.672633,-0.095266452,-0.970464383,-0.170226084,0.000051811,0.092452698,-0.000209824
912.213000000,-0.813507,24.085218787,1379.981385,-3.990586350,-38.107293,-0.093059797,-0.949535024,-0.167832555,0.000087502,0.088363536,-0.000349183
912.215000000,-0.813507,24.081233220,1379.753029,-3.985566740,-38.059359,-0.093086933,-0.949535024,-0.167604627,0.000080935,0.088389303,-0.000322573
912.216000000,-0.775386,24.073291042,1379.297976,-3.966509452,-37.877375,-0.091142579,-0.932576036,-0.166978081,0.000147680,0.084997385,-0.000585775
912.219000000,-0.775386,24.065382803,1378.844867,-3.950201615,-37.721647,-0.091230738,-0.932576036,-0.166237581,0.000126347,0.085079600,-0.000499095
912.221000000,-0.775386,24.057503600,1378.393422,-3.936249582,-37.588415,-0.091306162,-0.932576036,-0.165604053,0.000108095,0.085149939,-0.000425488
912.223000000,-0.775386,24.049649238,1377.943400,-3.924313038,-37.474429,-0.091370691,-0.932576036,-0.165062043,0.000092480,0.085210117,-0.000362919
912.236000000,-0.734204,23.999347009,1375.061295,-3.810010743,-36.382923,-0.085640983,-0.879980407,-0.160612218,0.000227179,0.075362387,-0.000865555
912.237000000,-0.734204,23.995550036,1374.843744,-3.796973305,-36.258424,-0.085709469,-0.879980407,-0.160020451,0.000210213,0.075422654,-0.000798173
912.239000000,-0.680977,23.987991362,1374.410664,-3.773760186,-36.036755,-0.085834958,-0.879980407,-0.158966399,0.000179846,0.075533081,-0.000678696
912.241000000,-0.680977,23.980474018,1373.979952,-3.753900398,-35.847108,-0.085942319,-0.879980407,-0.158064613,0.000153866,0.075627557,-0.000577597
912.243000000,-0.680977,23.972992035,1373.551266,-3.736909524,-35.684857,-0.086034172,-0.879980407,-0.157293098,0.000131639,0.075708385,-0.000491921
912.244000000,-0.643322,23.965540304,1373.124313,-3.722373125,-35.546045,-0.086112755,-0.879980407,-0.156633035,0.000112622,0.075777537,-0.000419222
912.258000000,-0.643322,23.918149012,1370.408992,-3.555038125,-33.948113,-0.078992343,-0.813506961,-0.149970768,0.000253054,0.064260821,-0.000899617
912.260000000,-0.578712,23.907566721,1369.802672,-3.514674606,-33.562670,-0.079210548,-0.813506961,-0.148137957,0.000200251,0.064438332,-0.000703818
912.262000000,-0.578712,23.900570973,1369.401845,-3.492561544,-33.351506,-0.079330090,-0.813506961,-0.147133855,0.000171323,0.064535581,-0.000598357
912.265000000,-0.542295,23.893614596,1369.003274,-3.473642900,-33.170846,-0.079432364,-0.813506961,-0.146274805,0.000146574,0.064618781,-0.000509146
912.276000000,-0.542295,23.853183369,1366.686735,-3.285212675,-31.371470,-0.070877152,-0.734204025,-0.138835307,0.000328762,0.052038290,-0.001080054
912.279000000,-0.477465,23.846668107,1366.313438,-3.248908571,-31.024792,-0.071073409,-0.734204025,-0.137186824,0.000281270,0.052182383,-0.000913820
912.281000000,-0.477465,23.840217485,1365.943845,-3.217848901,-30.728194,-0.071241317,-0.734204025,-0.135776479,0.000240638,0.052305662,-0.000774337
912.282000000,-0.477465,23.833822165,1365.577420,-3.191276063,-30.474442,-0.071384969,-0.734204025,-0.134569869,0.000205876,0.052411132,-0.000657007
912.298000000,-0.432715,23.787900211,1362.946286,-2.923584296,-27.918174,-0.061860383,-0.643322253,-0.123694336,0.000346967,0.039796161,-0.001014388
912.299000000,-0.432715,23.784996531,1362.779917,-2.903680242,-27.728104,-0.061967984,-0.643322253,-0.122790540,0.000320929,0.039865383,-0.000931875
912.300000000,-0.357716,23.782111261,1362.614603,-2.885269889,-27.552298,-0.062067510,-0.643322253,-0.121954570,0.000296845,0.039929410,-0.000856477
912.301000000,-0.357716,23.776390530,1362.286829,-2.852490321,-27.239276,-0.062244716,-0.643322253,-0.120466128,0.000253963,0.040043411,-0.000724427
912.304000000,-0.357716,23.770728162,1361.962400,-2.824446039,-26.971473,-0.062396323,-0.643322253,-0.119192704,0.000217276,0.040140943,-0.000613684
912.316000000,-0.316311,23.738078989,1360.091740,-2.599870194,-24.826932,-0.051417019,-0.542294904,-0.110417450,0.000469472,0.027883187,-0.001220567
912.319000000,-0.243954,23.730433083,1359.653662,-2.524964029,-24.111630,-0.051818767,-0.542294904,-0.107016512,0.000371624,0.028101053,-0.000938337
912.321000000,-0.243954,23.725445510,1359.367895,-2.483926852,-23.719754,-0.052040613,-0.542294904,-0.105153112,0.000317940,0.028221359,-0.000789739
912.323000000,-0.243954,23.720531004,1359.086314,-2.448817842,-23.384488,-0.052230412,-0.542294904,-0.103558895,0.000272011,0.028324286,-0.000666105
912.325000000,-0.194919,23.715679010,1358.808316,-2.418780625,-23.097654,-0.052392793,-0.542294904,-0.102194977,0.000232716,0.028412344,-0.000562890
912.338000000,-0.194919,23.686274012,1357.123533,-2.112527253,-20.173149,-0.040819363,-0.432715241,-0.089831739,0.000424438,0.017663160,-0.000896636
912.340000000,-0.114244,23.682120175,1356.885536,-2.065658036,-19.725581,-0.041072737,-0.432715241,-0.087703520,0.000363124,0.017772799,-0.000750090
912.342000000,-0.114244,23.676042051,1356.537285,-2.007737763,-19.172483,-0.041385853,-0.432715241,-0.085073498,0.000287354,0.017908289,-0.000576931
912.344000000,-0.114244,23.672074791,1356.309978,-1.976006273,-18.869470,-0.041557393,-0.432715241,-0.083632646,0.000245843,0.017982517,-0.000485787
912.358000000,-0.070453,23.648456938,1354.956775,-1.652697010,-15.782094,-0.029252316,-0.316311400,-0.070591033,0.000452142,0.009252841,-0.000747253
912.359000000,0.011170,23.645227410,1354.771736,-1.602768544,-15.305312,-0.029522228,-0.316311400,-0.068323901,0.000386826,0.009338217,-0.000619992
912.362000000,0.011170,23.640545711,1354.503495,-1.541067697,-14.716113,-0.029855782,-0.316311400,-0.065522212,0.000306110,0.009443724,-0.000471736
912.365000000,0.011170,23.637514939,1354.329844,-1.507265028,-14.393321,-0.030038519,-0.316311400,-0.063987313,0.000261890,0.009501526,-0.000394737
912.377000000,0.055124,23.621368468,1353.404720,-1.194374144,-11.405433,-0.017074896,-0.194919140,-0.051489016,0.000508783,0.003328224,-0.000607678
912.379000000,0.130180,23.619065090,1353.272746,-1.138190909,-10.868923,-0.017378618,-0.194919140,-0.048937869,0.000435285,0.003387425,-0.000495438
912.381000000,0.130180,23.616861746,1353.146503,-1.090123817,-10.409916,-0.017638468,-0.194919140,-0.046755257,0.000372405,0.003438075,-0.000405967
912.383000000,0.130180,23.613713262,1352.966109,-1.030723230,-9.842682,-0.017959587,-0.194919140,-0.044058018,0.000294698,0.003500667,-0.000303752
912.394000000,0.179832,23.603858449,1352.401469,-0.760693812,-7.264091,-0.009679790,-0.114243618,-0.032932623,0.000377559,0.001105854,-0.000287207
912.396000000,0.179832,23.603132984,1352.359903,-0.725465032,-6.927681,-0.004587430,-0.070452888,-0.031949140,0.000568022,0.000323198,-0.000412080
912.397000000,0.241244,23.602440114,1352.320205,-0.692870142,-6.616422,-0.004759800,-0.070452888,-0.030469531,0.000525553,0.000335342,-0.000364140
912.399000000,0.241244,23.601142558,1352.245860,-0.634835044,-6.062228,-0.005073534,-0.070452888,-0.027834296,0.000449633,0.000357445,-0.000285443
912.401000000,0.241244,23.599385216,1352.145172,-0.563116143,-5.377363,-0.005461245,-0.070452888,-0.024577711,0.000355811,0.000384760,-0.000200363
912.403000000,0.241244,23.598842512,1352.114077,-0.542704737,-5.182448,-0.005571589,-0.070452888,-0.023650878,0.000329109,0.000392535,-0.000178609
912.416000000,0.301704,23.593863626,1351.828808,-0.212185631,-2.026224,0.007798129,0.055124448,-0.010410606,0.000575393,0.000429868,-0.000122090
912.417000000,0.366826,23.593535830,1351.810027,-0.148627878,-1.419292,0.007458392,0.055124448,-0.007525050,0.000492420,0.000411140,-0.000073187
912.420000000,0.366826,23.593321198,1351.797729,-0.094251573,-0.900036,0.007164434,0.055124448,-0.005055951,0.000421286,0.000394935,-0.000039707
912.422000000,0.366826,23.593203384,1351.790979,-0.047730384,-0.455792,0.006912942,0.055124448,-0.002943535,0.000360428,0.000381072,-0.000017203
912.425000000,0.366826,23.593178160,1351.789534,0.009759800,0.093199,0.006602151,0.055124448,-0.000333042,0.000285220,0.000363940,0.000002784
912.435000000,0.418818,23.594706914,1351.877125,0.271827551,2.595762,0.014246529,0.130180105,0.010509966,0.000348117,0.001854615,0.000094628
912.438000000,0.480530,23.595724153,1351.935409,0.370156865,3.534738,0.019709252,0.179832439,0.014275708,0.000487891,0.003544363,0.000180596
912.439000000,0.480530,23.596546331,1351.982516,0.424032988,4.049217,0.019417998,0.179832439,0.016722095,0.000417411,0.003491986,0.000176996
912.442000000,0.480530,23.597464435,1352.035119,0.470126249,4.489375,0.019168819,0.179832439,0.018815080,0.000357112,0.003447175,0.000167888
912.443000000,0.480530,23.598464609,1352.092425,0.509560950,4.865949,0.018955636,0.179832439,0.020605716,0.000305524,0.003408838,0.000155683
912.454000000,0.529327,23.605042563,1352.469314,0.764067222,7.296305,0.024993758,0.241244442,0.031297493,0.000304559,0.006029605,0.000232704
912.456000000,0.581555,23.606640536,1352.560871,0.816433915,7.796370,0.032004400,0.301704364,0.032824618,0.000562646,0.009655867,0.000459364
912.458000000,0.581555,23.608367851,1352.659839,0.878591246,8.389928,0.031673681,0.301704364,0.035646416,0.000481570,0.009556088,0.000423104
912.459000000,0.581555,23.610205837,1352.765148,0.931769434,8.897743,0.031386201,0.301704364,0.038061111,0.000412004,0.009469354,0.000383892
912.463000000,0.581555,23.613135993,1352.933033,0.997486238,9.525292,0.031030937,0.301704364,0.041045155,0.000326034,0.009362169,0.000325214
912.465000000,0.581555,23.615185672,1353.050471,1.033489041,9.869093,0.030836306,0.301704364,0.042679956,0.000278935,0.009303448,0.000288277
912.477000000,0.631488,23.629645291,1353.878947,1.349126962,12.883213,0.043268569,0.418818232,0.055363234,0.000499108,0.018121665,0.000673360
912.479000000,0.688101,23.632427291,1354.038343,1.404241744,13.409521,0.042970623,0.418818232,0.057865865,0.000427007,0.017996880,0.000599622
912.480000000,0.688101,23.635307423,1354.203363,1.451394730,13.859799,0.042715714,0.418818232,0.060006970,0.000365323,0.017890120,0.000530227
912.484000000,0.688101,23.639781177,1354.459690,1.509665680,14.416245,0.042400702,0.418818232,0.062652915,0.000289093,0.017758187,0.000436434
912.498000000,0.723690,23.663436147,1355.815020,1.853579637,17.700382,0.053882717,0.529327086,0.076713146,0.000436571,0.028521581,0.000809218
912.499000000,0.777585,23.667216559,1356.031622,1.901788652,18.160744,0.053622100,0.529327086,0.078902202,0.000373504,0.028383630,0.000710326
912.501000000,0.777585,23.671082808,1356.253141,1.943033468,18.554603,0.053399131,0.529327086,0.080775031,0.000319548,0.028265606,0.000620893
912.504000000,0.777585,23.675022492,1356.478869,1.978320122,18.891566,0.053208372,0.529327086,0.082377314,0.000273387,0.028164632,0.000540847
912.514000000,0.800731,23.696100797,1357.686567,2.200377307,21.012056,0.058313183,0.581555177,0.091724975,0.000265226,0.033912333,0.000583597
912.515000000,0.840188,23.700561528,1357.942148,2.245138434,21.439493,0.064094994,0.631488135,0.093054872,0.000476398,0.040475229,0.001069578
912.518000000,0.840188,23.705131773,1358.204003,2.297767047,21.942059,0.063814864,0.631488135,0.095444102,0.000407746,0.040298329,0.000936905
912.520000000,0.840188,23.709795724,1358.471228,2.342793019,22.372025,0.063571454,0.631488135,0.097488624,0.000348843,0.040144619,0.000817268
912.522000000,0.840188,23.714539843,1358.743046,2.381314610,22.739879,0.063363207,0.631488135,0.099237798,0.000298450,0.040013114,0.000710703
912.524000000,0.840188,23.721781469,1359.157961,2.428919011,23.194468,0.063105859,0.631488135,0.101399400,0.000236175,0.039850601,0.000573649
912.538000000,0.872581,23.755261565,1361.076229,2.709403097,25.872894,0.072720687,0.723690240,0.112837210,0.000367669,0.052627251,0.000996162
912.541000000,0.912120,23.763510111,1361.548836,2.768048245,26.432914,0.072403652,0.723690240,0.115500147,0.000290950,0.052397817,0.000805363
912.542000000,0.912120,23.769095027,1361.868828,2.800176857,26.739719,0.072229966,0.723690240,0.116959031,0.000248920,0.052272121,0.000697019
912.545000000,0.926922,23.774737147,1362.192098,2.827664219,27.002204,0.072081369,0.723690240,0.118207166,0.000212961,0.052164584,0.000602183
912.552000000,0.926922,23.797956229,1363.522453,2.975159924,28.410685,0.077790482,0.777585121,0.124145697,0.000311350,0.060488722,0.000926317
912.554000000,0.948655,23.800949249,1363.693940,2.993020790,28.581243,0.077693927,0.777585121,0.124956717,0.000287985,0.060413641,0.000861945
912.557000000,0.948655,23.810063506,1364.216149,3.058909181,29.210431,0.080132072,0.800731371,0.127622628,0.000326913,0.064164264,0.000999997
912.559000000,0.948655,23.816236178,1364.569817,3.095009078,29.555160,0.079936916,0.800731371,0.129261838,0.000279688,0.064007997,0.000865636
912.561000000,0.948655,23.822473126,1364.927168,3.125894039,29.850089,0.079769953,0.800731371,0.130664251,0.000239284,0.063874304,0.000747978
912.562000000,0.948655,23.828765064,1365.287669,3.152317408,30.102414,0.079627108,0.800731371,0.131864073,0.000204718,0.063759924,0.000645335
912.576000000,0.966645,23.874570980,1367.912155,3.374739187,32.226385,0.087098795,0.872581274,0.140951993,0.000302150,0.076000777,0.001019676
912.577000000,0.966645,23.877963053,1368.106506,3.392072247,32.391904,0.087005094,0.872581274,0.141739046,0.000279475,0.075919016,0.000947999
912.579000000,0.983191,23.884794091,1368.497896,3.422933700,32.686609,0.086838258,0.872581274,0.143140391,0.000239102,0.075773438,0.000818431
912.581000000,0.983191,23.891680078,1368.892434,3.449336954,32.938742,0.086695522,0.872581274,0.144339300,0.000204562,0.075648889,0.000705603
912.584000000,0.983191,23.898613076,1369.289665,3.471926036,33.154451,0.086573406,0.872581274,0.145365016,0.000175011,0.075542333,0.000607626
912.596000000,0.991123,23.944822011,1371.937242,3.641860913,34.777210,0.092215050,0.926922104,0.152316178,0.000246456,0.085476168,0.000897560
912.599000000,0.998322,23.955828259,1372.567854,3.681172063,35.152604,0.092002535,0.926922104,0.154101203,0.000195030,0.085279183,0.000717940
912.602000000,0.998322,23.963223327,1372.991560,3.702708588,35.358262,0.091886109,0.926922104,0.155079125,0.000166856,0.085171265,0.000617821
912.604000000,0.998322,23.970656742,1373.417463,3.721133980,35.534212,0.091786502,0.926922104,0.155915779,0.000142753,0.085078937,0.000531202
912.617000000,0.999903,24.020014069,1376.245430,3.855998424,36.822073,0.095852960,0.966644818,0.161480314,0.000181055,0.092655767,0.000698148
912.618000000,0.997708,24.027756445,1376.689035,3.875991711,37.012994,0.095744877,0.966644818,0.162388161,0.000154900,0.092551290,0.000600391
912.621000000,0.997708,24.035534420,1377.134681,3.893096800,37.176336,0.095652408,0.966644818,0.163164863,0.000132523,0.092461904,0.000515927
912.623000000,0.997708,24.043342850,1377.582071,3.907730914,37.316081,0.095573296,0.966644818,0.163829363,0.000113379,0.092385431,0.000443056
912.632000000,0.993048,24.082803480,1379.842998,3.980229030,38.008387,0.097178942,0.983191235,0.166888338,0.000107984,0.095545484,0.000429800
912.634000000,0.993048,24.086789904,1380.071404,3.986423603,38.067541,0.097145455,0.983191235,0.167169619,0.000099880,0.095512559,0.000398164
912.634000000,0.983697,24.090782057,1380.300137,3.992153305,38.122256,0.097114480,0.983191235,0.167429791,0.000092385,0.095482105,0.000368813
912.637000000,0.983697,24.098789056,1380.758904,4.007088097,38.264873,0.097991302,0.991122966,0.167996257,0.000115724,0.097121430,0.000463715
912.640000000,0.983697,24.110848197,1381.449842,4.025546677,38.441139,0.097891516,0.991122966,0.168834418,0.000091577,0.097022530,0.000368646
912.641000000,0.983697,24.114878997,1381.680790,4.030800043,38.491305,0.097863116,0.991122966,0.169072960,0.000084704,0.096994382,0.000341426
912.643000000,0.983697,24.126999120,1382.375222,4.044310825,38.620324,0.097790077,0.991122966,0.169686453,0.000067030,0.096921991,0.000271089
912.658000000,0.970464,24.184037707,1385.643292,4.097244318,39.125801,0.098563834,0.999902524,0.171966411,0.000045243,0.098554226,0.000185370
912.659000000,0.970464,24.188137547,1385.878196,4.099839700,39.150585,0.098549803,0.999902524,0.172084261,0.000041847,0.098540197,0.000171568
912.661000000,0.947546,24.196344248,1386.348405,4.104460768,39.194713,0.098524822,0.999902524,0.172294093,0.000035802,0.098515218,0.000146949
912.663000000,0.947546,24.204559177,1386.819086,4.108414285,39.232466,0.098503449,0.999902524,0.172473613,0.000030630,0.098493847,0.000125842
912.665000000,0.947546,24.212781145,1387.290170,4.111796682,39.264766,0.098485164,0.999902524,0.172627199,0.000026205,0.098475564,0.000107752
912.677000000,0.932576,24.262178643,1390.120438,4.116280823,39.307586,0.097633400,0.993047928,0.172927334,-0.000016715,0.096954646,-0.000068802
912.679000000,0.902736,24.274522015,1390.827661,4.113614743,39.282127,0.097647813,0.993047928,0.172806273,-0.000013227,0.096968958,-0.000054411
912.681000000,0.902736,24.278634871,1391.063310,4.112855969,39.274881,0.097651915,0.993047928,0.172771819,-0.000012234,0.096973032,-0.000050318
912.683000000,0.902736,24.290969435,1391.770029,4.110904527,39.256247,0.097662464,0.993047928,0.172683209,-0.000009681,0.096983508,-0.000039800
912.694000000,0.879980,24.331946382,1394.117835,4.087405514,39.031848,0.096660638,0.983697257,0.171747842,-0.000029488,0.095084804,-0.000120528
912.695000000,0.879980,24.336032096,1394.351929,4.085713937,39.015694,0.096669782,0.983697257,0.171671032,-0.000027275,0.095093800,-0.000111436
912.696000000,0.848418,24.340112145,1394.585699,4.080048720,38.961595,0.095104027,0.970464383,0.171599985,-0.000091345,0.092295071,-0.000372691
912.697000000,0.848418,24.348256906,1395.052359,4.069956087,38.865218,0.095157427,0.970464383,0.171141838,-0.000078194,0.092346894,-0.000318245
912.701000000,0.848418,24.360441182,1395.750467,4.057483760,38.746116,0.095224852,0.970464383,0.170575500,-0.000061878,0.092412327,-0.000251067
912.702000000,0.848418,24.364495116,1395.982740,4.053934099,38.712219,0.095244042,0.970464383,0.170414318,-0.000057234,0.092430950,-0.000232023
912.705000000,0.848418,24.376638186,1396.678487,4.044804962,38.625042,0.095293394,0.970464383,0.169999786,-0.000045291,0.092478844,-0.000183195
912.716000000,0.813507,24.420775664,1399.207378,3.976258825,37.970475,0.091091186,0.932576036,0.167420624,-0.000160376,0.084949457,-0.000637695
912.718000000,0.771403,24.428701262,1399.661481,3.958542610,37.801297,0.091185647,0.932576036,0.166616326,-0.000137258,0.085037549,-0.000543343
912.720000000,0.771403,24.436595316,1400.113777,3.943385650,37.656559,0.091267585,0.932576036,0.165928085,-0.000117430,0.085113963,-0.000463072
912.723000000,0.771403,24.448387038,1400.789393,3.924654908,37.477694,0.091368843,0.932576036,0.165077566,-0.000092927,0.085208393,-0.000364706
912.724000000,0.771403,24.456220756,1401.238232,3.914393313,37.379703,0.091424317,0.932576036,0.164611612,-0.000079503,0.085260127,-0.000311205
912.736000000,0.734204,24.498691953,1403.671652,3.810134745,36.384107,0.085640313,0.879980407,0.160617848,-0.000227341,0.075361797,-0.000866201
912.738000000,0.685564,24.506274061,1404.106075,3.785020348,36.144282,0.085774085,0.879980407,0.159477696,-0.000194576,0.075479515,-0.000736476
912.741000000,0.685564,24.517565438,1404.753024,3.753984350,35.847910,0.085941866,0.879980407,0.158068425,-0.000153976,0.075627158,-0.000578022
912.743000000,0.685564,24.525047570,1405.181718,3.736981348,35.685543,0.086033784,0.879980407,0.157296359,-0.000131733,0.075708044,-0.000492282
912.745000000,0.685564,24.532499429,1405.608678,3.722434574,35.546632,0.086112423,0.879980407,0.156635825,-0.000112703,0.075777245,-0.000419528
912.757000000,0.643322,24.576160730,1408.110286,3.569958677,34.090594,0.078911685,0.813506961,0.150648275,-0.000272573,0.064195205,-0.000973074
912.759000000,0.578712,24.586781393,1408.718806,3.526481796,33.675421,0.079146718,0.813506961,0.148674093,-0.000215697,0.064386406,-0.000760652
912.761000000,0.578712,24.593798164,1409.120837,3.502663086,33.447969,0.079275482,0.813506961,0.147592542,-0.000184538,0.064491156,-0.000646374
912.763000000,0.578712,24.600772526,1409.520439,3.482285189,33.253374,0.079385644,0.813506961,0.146667231,-0.000157880,0.064580774,-0.000549783
912.775000000,0.542295,24.638122928,1411.660459,3.325002940,31.751439,0.075152839,0.771402503,0.140118294,-0.000179731,0.057973088,-0.000597605
912.777000000,0.488469,24.644709052,1412.037816,3.282958552,31.349945,0.070889337,0.734204025,0.138732953,-0.000325813,0.052047237,-0.001069632
912.778000000,0.488469,24.651220300,1412.410883,3.246980075,31.006376,0.071083834,0.734204025,0.137099256,-0.000278747,0.052190037,-0.000905086
912.781000000,0.488469,24.657667488,1412.780280,3.216198993,30.712438,0.071250236,0.734204025,0.135701560,-0.000238480,0.052312210,-0.000766998
912.782000000,0.488469,24.664059871,1413.146536,3.189864498,30.460962,0.071392600,0.734204025,0.134505773,-0.000204029,0.052416734,-0.000650826
912.797000000,0.438371,24.706989756,1415.606237,2.945245739,28.125025,0.061743284,0.643322253,0.124677930,-0.000375304,0.039720829,-0.001105363
912.798000000,0.438371,24.709913472,1415.773754,2.923716099,27.919432,0.061859670,0.643322253,0.123700321,-0.000347140,0.039795703,-0.001014938
912.800000000,0.363576,24.715702657,1416.105450,2.885382651,27.553375,0.062066900,0.643322253,0.121959690,-0.000296992,0.039929018,-0.000856937
912.802000000,0.363576,24.721423589,1416.433235,2.852586794,27.240197,0.062244194,0.643322253,0.120470509,-0.000254089,0.040043075,-0.000724812
912.804000000,0.363576,24.727086128,1416.757675,2.824528575,26.972261,0.062395876,0.643322253,0.119196452,-0.000217384,0.040140656,-0.000614007
912.815000000,0.316311,24.759611981,1418.621269,2.588296677,24.716413,0.051479585,0.542294904,0.109891925,-0.000454332,0.027917117,-0.001175946
912.817000000,0.250042,24.764712317,1418.913497,2.538110570,24.237171,0.051747697,0.542294904,0.107613465,-0.000388822,0.028062512,-0.000986873
912.820000000,0.250042,24.769723297,1419.200605,2.495174264,23.827159,0.051979810,0.542294904,0.105663830,-0.000332653,0.028188386,-0.000830028
912.823000000,0.250042,24.777099943,1419.623255,2.442114224,23.320473,0.052266652,0.542294904,0.103254500,-0.000263241,0.028343939,-0.000642865
912.825000000,0.250042,24.781940002,1419.900570,2.413045402,23.042886,0.052423797,0.542294904,0.101934554,-0.000225214,0.028429158,-0.000543451
912.837000000,0.194919,24.809072468,1421.455146,2.143309205,20.467095,0.041335770,0.438371147,0.091149833,-0.000434132,0.018120409,-0.000930479
912.839000000,0.120483,24.813286242,1421.696578,2.095369487,20.009305,0.041594928,0.438371147,0.088973005,-0.000371418,0.018234016,-0.000778258
912.842000000,0.120483,24.819450787,1422.049780,2.036126306,19.443574,0.041915195,0.438371147,0.086282913,-0.000293917,0.018374412,-0.000598452
912.843000000,0.120483,24.823473722,1422.280277,2.003670063,19.133640,0.042090653,0.438371147,0.084809152,-0.000251458,0.018451328,-0.000503839
912.854000000,0.070453,24.842441025,1423.367024,1.784042269,17.036349,0.034248348,0.363576430,0.075889567,-0.000368464,0.012451892,-0.000657355
912.856000000,0.007679,24.845932638,1423.567078,1.728707639,16.507942,0.028845549,0.316311400,0.074042012,-0.000551392,0.009124176,-0.000953196
912.858000000,0.007679,24.849297503,1423.759871,1.667798803,15.926305,0.029170676,0.316311400,0.071276770,-0.000471898,0.009227017,-0.000787030
912.860000000,0.007679,24.854146448,1424.037695,1.592528570,15.207528,0.029577586,0.316311400,0.067858928,-0.000373430,0.009355728,-0.000594698
912.862000000,0.007679,24.857268846,1424.216595,1.551291943,14.813747,0.029800510,0.316311400,0.065986471,-0.000319485,0.009426241,-0.000495615
912.865000000,0.007679,24.860317823,1424.391289,1.516012295,14.476851,0.029991231,0.316311400,0.064384506,-0.000273333,0.009486568,-0.000414376
912.876000000,-0.055124,24.876607930,1425.324643,1.207797680,11.533618,0.017002329,0.194919140,0.052098547,-0.000526344,0.003314079,-0.000635717
912.879000000,-0.130180,24.878935208,1425.457986,1.149675303,10.978590,0.017316534,0.194919140,0.049459348,-0.000450309,0.003375324,-0.000517709
912.881000000,-0.130180,24.881159001,1425.585400,1.099949193,10.503741,0.017585352,0.194919140,0.047201404,-0.000385258,0.003427722,-0.000423764
912.883000000,-0.130180,24.884332754,1425.767243,1.038498416,9.916929,0.017917554,0.194919140,0.044411070,-0.000304869,0.003492474,-0.000316606
912.896000000,-0.179832,24.895566457,1426.410887,0.693533712,6.622759,0.004756213,0.070452888,0.030499662,-0.000526421,0.000335089,-0.000365091
912.899000000,-0.253420,24.896865195,1426.485299,0.635402755,6.067649,0.005070465,0.070452888,0.027860074,-0.000450376,0.000357229,-0.000286170
912.901000000,-0.253420,24.898060431,1426.553781,0.585669306,5.592730,0.005339323,0.070452888,0.025601797,-0.000385315,0.000376171,-0.000225667
912.902000000,-0.253420,24.899167117,1426.617189,0.543120274,5.186417,0.005569342,0.070452888,0.023669747,-0.000329653,0.000392376,-0.000179041
912.905000000,-0.301704,24.900198044,1426.676257,0.506717809,4.838799,0.005766133,0.070452888,0.022016797,-0.000282032,0.000406241,-0.000142911
912.916000000,-0.301704,24.904080606,1426.898711,0.180525120,1.723888,-0.007630824,-0.055124448,0.008973427,-0.000534148,0.000420645,-0.000096427
912.918000000,-0.372664,24.904352030,1426.914263,0.121540989,1.160631,-0.007311961,-0.055124448,0.006295098,-0.000456986,0.000403068,-0.000055542
912.921000000,-0.372664,24.904518433,1426.923797,0.071077614,0.678741,-0.007039156,-0.055124448,0.004003677,-0.000390970,0.000388030,-0.000027789
912.922000000,-0.372664,24.904594987,1426.928183,0.027904099,0.266465,-0.006805761,-0.055124448,0.002043270,-0.000334491,0.000375164,-0.000009334
912.933000000,-0.418818,24.903592141,1426.870724,-0.226505764,-2.162971,-0.014491538,-0.130180105,-0.008452012,-0.000407406,0.001886510,0.000092280
912.933000000,-0.418818,24.903342264,1426.856407,-0.249876953,-2.386149,-0.014365193,-0.130180105,-0.009513242,-0.000376832,0.001870062,0.000094162
912.935000000,-0.475010,24.902763894,1426.823269,-0.306875463,-2.930445,-0.020046996,-0.179832439,-0.011402758,-0.000570480,0.003605100,0.000175066
912.938000000,-0.475010,24.902054389,1426.782618,-0.369893111,-3.532219,-0.019710678,-0.179832439,-0.014263732,-0.000488236,0.003544619,0.000180595
912.940000000,-0.475010,24.901232680,1426.735537,-0.423807335,-4.047062,-0.019419218,-0.179832439,-0.016711849,-0.000417706,0.003492205,0.000177027
912.942000000,-0.475010,24.900314977,1426.682957,-0.469933194,-4.487531,-0.019169863,-0.179832439,-0.018806314,-0.000357365,0.003447363,0.000167938
912.943000000,-0.475010,24.899315148,1426.625671,-0.509395783,-4.864371,-0.018956529,-0.179832439,-0.020598216,-0.000305740,0.003408999,0.000155743
912.958000000,-0.529327,24.889554551,1426.066430,-0.881477955,-8.417494,-0.031658076,-0.301704364,-0.035777495,-0.000477794,0.009551380,0.000421165
912.959000000,-0.529327,24.888645664,1426.014354,-0.908887002,-8.679232,-0.031509903,-0.301704364,-0.037022074,-0.000441938,0.009506675,0.000401672
912.959000000,-0.596785,24.887711425,1425.960826,-0.934239134,-8.921327,-0.031372849,-0.301704364,-0.038173254,-0.000408773,0.009465326,0.000381891
912.961000000,-0.596785,24.885774357,1425.849841,-0.979378515,-9.352376,-0.031128827,-0.301704364,-0.040222926,-0.000349722,0.009391703,0.000342510
912.964000000,-0.596785,24.883756920,1425.734250,-1.017997131,-9.721157,-0.030920055,-0.301704364,-0.041976505,-0.000299202,0.009328716,0.000304586
912.976000000,-0.626604,24.868329730,1424.850337,-1.350107822,-12.892580,-0.043263267,-0.418818232,-0.055407773,-0.000497825,0.018119445,0.000672117
912.978000000,-0.688101,24.865545983,1424.690840,-1.405080910,-13.417534,-0.042966086,-0.418818232,-0.057903969,-0.000425910,0.017994980,0.000598438
912.981000000,-0.688101,24.862664357,1424.525735,-1.452112672,-13.866655,-0.042711833,-0.418818232,-0.060039570,-0.000364383,0.017888494,0.000529126
912.983000000,-0.688101,24.858188757,1424.269302,-1.510233814,-14.421671,-0.042397631,-0.418818232,-0.062678713,-0.000288350,0.017756901,0.000435476
912.997000000,-0.723690,24.836325710,1423.016642,-1.824253318,-17.420336,-0.054041251,-0.529327086,-0.075381508,-0.000474935,0.028605498,0.000866401
912.998000000,-0.773619,24.832597513,1422.803032,-1.876698768,-17.921153,-0.053757735,-0.529327086,-0.077762931,-0.000406327,0.028455425,0.000762553
913.001000000,-0.773619,24.828775937,1422.584072,-1.921568030,-18.349623,-0.053515173,-0.529327086,-0.079800337,-0.000347629,0.028327030,0.000667993
913.003000000,-0.773619,24.824874471,1422.360534,-1.959955547,-18.716197,-0.053307650,-0.529327086,-0.081543423,-0.000297411,0.028217183,0.000582913
913.016000000,-0.804479,24.797563349,1420.795722,-2.252034579,-21.505346,-0.063472430,-0.626603811,-0.093436276,-0.000441169,0.039772066,0.000993527
913.018000000,-0.843579,24.790662852,1420.400353,-2.322403424,-22.177319,-0.063092019,-0.626603811,-0.096631557,-0.000349113,0.039533700,0.000810782
913.019000000,-0.843579,24.788320421,1420.266141,-2.342430601,-22.368565,-0.062983752,-0.626603811,-0.097540944,-0.000322914,0.039465859,0.000756404
913.023000000,-0.843579,24.781187440,1419.857452,-2.393937172,-22.860416,-0.062705309,-0.626603811,-0.099879735,-0.000255534,0.039291385,0.000611732
913.025000000,-0.872581,24.776356689,1419.580670,-2.422154930,-23.129876,-0.062552764,-0.626603811,-0.101161036,-0.000218620,0.039195800,0.000529531
913.035000000,-0.872581,24.748343187,1417.975615,-2.657634186,-25.378537,-0.072997428,-0.723690240,-0.110486871,-0.000435252,0.052827526,0.001156741
913.038000000,-0.904232,24.740227782,1417.510636,-2.727081568,-26.041711,-0.072625118,-0.723690240,-0.113639948,-0.000344542,0.052558089,0.000939594
913.041000000,-0.904232,24.734715807,1417.194823,-2.765128162,-26.405029,-0.072419438,-0.723690240,-0.115367553,-0.000294770,0.052409241,0.000815077
913.042000000,-0.904232,24.729136091,1416.875129,-2.797678605,-26.715863,-0.072243471,-0.723690240,-0.116845591,-0.000252188,0.052281895,0.000705541
913.044000000,-0.926922,24.723498418,1416.552114,-2.825526861,-26.981794,-0.072092924,-0.723690240,-0.118110114,-0.000215757,0.052172945,0.000609628
913.057000000,-0.926922,24.688134882,1414.525933,-3.055939214,-29.182070,-0.080600597,-0.804479317,-0.127434994,-0.000351059,0.064841513,0.001072814
913.058000000,-0.952555,24.681964099,1414.172373,-3.094705431,-29.552260,-0.080391030,-0.804479317,-0.129195275,-0.000300345,0.064672920,0.000929480
913.061000000,-0.952555,24.675724292,1413.814858,-3.127871540,-29.868973,-0.080211734,-0.804479317,-0.130701269,-0.000256958,0.064528681,0.000803731
913.063000000,-0.952555,24.666256576,1413.272398,-3.168857717,-30.260362,-0.079990163,-0.804479317,-0.132562354,-0.000203340,0.064350432,0.000644357
913.073000000,-0.966645,24.637079342,1411.600666,-3.307654375,-31.585773,-0.083960143,-0.843578947,-0.138314215,-0.000233130,0.070827009,0.000771115
913.075000000,-0.980819,24.627071088,1411.027235,-3.353827145,-32.026690,-0.087209303,-0.872581274,-0.140002723,-0.000329393,0.076097205,0.001104726
913.078000000,-0.980819,24.620308145,1410.639747,-3.390213420,-32.374153,-0.087015143,-0.872581274,-0.141654641,-0.000281906,0.075927784,0.000955723
913.079000000,-0.980819,24.613480417,1410.248547,-3.421343396,-32.671423,-0.086846855,-0.872581274,-0.143068179,-0.000241183,0.075780939,0.000825169
913.082000000,-0.980819,24.606597261,1409.854171,-3.447976383,-32.925749,-0.086702878,-0.872581274,-0.144277520,-0.000206342,0.075655307,0.000711462
913.084000000,-0.980819,24.599666686,1409.457079,-3.470762011,-33.143336,-0.086579699,-0.872581274,-0.145312161,-0.000176534,0.075547824,0.000612707
913.096000000,-0.991123,24.553397179,1406.806031,-3.641136680,-34.770294,-0.092218964,-0.926922104,-0.152283292,-0.000247404,0.085479796,0.000900831
913.099000000,-0.998322,24.546073393,1406.386409,-3.668456654,-35.031181,-0.092071274,-0.926922104,-0.153523827,-0.000211664,0.085342899,0.000776481
913.100000000,-0.998322,24.538700964,1405.964000,-3.691830027,-35.254380,-0.091944918,-0.926922104,-0.154585156,-0.000181088,0.085225777,0.000668545
913.102000000,-0.998322,24.531286919,1405.539206,-3.711826919,-35.445336,-0.091836815,-0.926922104,-0.155493167,-0.000154928,0.085125574,0.000575066
913.116000000,-0.999971,24.482124764,1402.722422,-3.845095969,-36.717962,-0.095910664,-0.966644818,-0.160985403,-0.000195262,0.092711546,0.000750801
913.118000000,-0.998113,24.474401799,1402.279929,-3.866664206,-36.923923,-0.095795302,-0.966644818,-0.161964621,-0.000167102,0.092600032,0.000646128
913.120000000,-0.998113,24.466640432,1401.835236,-3.885116732,-37.100132,-0.095695548,-0.966644818,-0.162802507,-0.000142963,0.092503605,0.000555427
913.122000000,-0.998113,24.458846210,1401.388660,-3.900903634,-37.250886,-0.095610204,-0.966644818,-0.163519352,-0.000122311,0.092421108,0.000477122
913.125000000,-0.998113,24.447103468,1400.715850,-3.920412849,-37.437185,-0.095504737,-0.966644818,-0.164405219,-0.000096789,0.092319160,0.000379453
913.137000000,-0.993048,24.399451620,1397.985600,-4.007136939,-38.265339,-0.097991038,-0.991122966,-0.167998475,-0.000115660,0.097121168,0.000463465
913.139000000,-0.981360,24.391417940,1397.525304,-4.019908873,-38.387302,-0.097921994,-0.991122966,-0.168578418,-0.000098952,0.097052737,0.000397778
913.141000000,-0.981360,24.383361519,1397.063705,-4.030835793,-38.491646,-0.097862923,-0.991122966,-0.169074584,-0.000084657,0.096994191,0.000341240
913.143000000,-0.981360,24.371241303,1396.369268,-4.044339116,-38.620594,-0.097789924,-0.991122966,-0.169687738,-0.000066993,0.096921840,0.000270941
913.152000000,-0.970464,24.334658332,1394.273218,-4.081290083,-38.973449,-0.098459232,-0.998321662,-0.171264228,-0.000057568,0.098293984,0.000234952
913.155000000,-0.953402,24.326486092,1393.804983,-4.087647127,-39.034155,-0.098424866,-0.998321662,-0.171552886,-0.000049252,0.098259676,0.000201324
913.157000000,-0.953402,24.318301039,1393.336014,-4.094069757,-39.095486,-0.098589203,-0.999970513,-0.171821305,-0.000049763,0.098586296,0.000203734
913.159000000,-0.953402,24.306002543,1392.631363,-4.102007243,-39.171284,-0.098546294,-0.999970513,-0.172181727,-0.000039379,0.098543388,0.000161535
913.162000000,-0.953402,24.297791920,1392.160929,-4.106355777,-39.212809,-0.098522785,-0.999970513,-0.172379184,-0.000033691,0.098519880,0.000138346
913.164000000,-0.953402,24.289573556,1391.690051,-4.110076128,-39.248336,-0.098502673,-0.999970513,-0.172548116,-0.000028824,0.098499769,0.000118468
913.176000000,-0.932576,24.236063717,1388.624163,-4.116674674,-39.311347,-0.097631271,-0.993047928,-0.172945217,0.000017230,0.096952532,-0.000070930
913.178000000,-0.902736,24.227833258,1388.152592,-4.114772035,-39.293179,-0.097641557,-0.993047928,-0.172858823,0.000014741,0.096962745,-0.000060655
913.181000000,-0.902736,24.219606188,1387.681216,-4.113144248,-39.277634,-0.097650356,-0.993047928,-0.172784909,0.000012611,0.096971484,-0.000051873
913.182000000,-0.902736,24.211382015,1387.210006,-4.111751608,-39.264336,-0.097657885,-0.993047928,-0.172721673,0.000010790,0.096978960,-0.000044364
913.197000000,-0.879980,24.149966966,1383.691183,-4.068850553,-38.854661,-0.095163404,-0.970464383,-0.171091639,0.000076747,0.092352694,-0.000312274
913.199000000,-0.879980,24.145902518,1383.458307,-4.064447871,-38.812618,-0.095187204,-0.970464383,-0.170891723,0.000070988,0.092375792,-0.000288527
913.200000000,-0.838290,24.141842143,1383.225664,-4.060375588,-38.773731,-0.095209219,-0.970464383,-0.170706811,0.000065661,0.092397156,-0.000266607
913.201000000,-0.838290,24.133732409,1382.761011,-4.053124902,-38.704492,-0.095248416,-0.970464383,-0.170377574,0.000056175,0.092435195,-0.000227686
913.204000000,-0.838290,24.125635585,1382.297097,-4.046921640,-38.645255,-0.095281951,-0.970464383,-0.170095899,0.000048060,0.092467740,-0.000194497
913.217000000,-0.813507,24.073551329,1379.312889,-3.968225019,-37.893758,-0.091133305,-0.932576036,-0.167055981,0.000149925,0.084988736,-0.000594934
913.219000000,-0.767389,24.065640036,1378.859605,-3.951669353,-37.735663,-0.091222803,-0.932576036,-0.166304228,0.000128267,0.085072200,-0.000506868
913.221000000,-0.767389,24.057758219,1378.408010,-3.937505294,-37.600406,-0.091299374,-0.932576036,-0.165661072,0.000109738,0.085143608,-0.000432092
913.223000000,-0.767389,24.049901622,1377.957861,-3.925387352,-37.484688,-0.091364883,-0.932576036,-0.165110825,0.000093885,0.085204701,-0.000368535
913.235000000,-0.734204,23.999583903,1375.074868,-3.817451730,-36.453979,-0.088345877,-0.902735506,-0.160629912,0.000113995,0.079752960,-0.000435170
913.238000000,-0.685564,23.991988757,1374.639698,-3.791285074,-36.204106,-0.085740220,-0.879980407,-0.159762162,0.000202772,0.075449714,-0.000768766
913.240000000,-0.685564,23.984440210,1374.207198,-3.768893668,-35.990283,-0.085861266,-0.879980407,-0.158745422,0.000173480,0.075556232,-0.000653827
913.241000000,-0.685564,23.976931532,1373.776982,-3.749736890,-35.807350,-0.085964827,-0.879980407,-0.157875558,0.000148419,0.075647364,-0.000556533
913.243000000,-0.685564,23.969456961,1373.348721,-3.733347470,-35.650842,-0.086053428,-0.879980407,-0.157131354,0.000126979,0.075725331,-0.000474056
913.258000000,-0.648120,23.918370442,1370.421679,-3.554177266,-33.939893,-0.078996997,-0.813506961,-0.149931679,0.000251928,0.064264607,-0.000895397
913.260000000,-0.578712,23.907790366,1369.815485,-3.513993377,-33.556165,-0.079214230,-0.813506961,-0.148107024,0.000199360,0.064441328,-0.000700550
913.263000000,-0.578712,23.900795830,1369.414728,-3.491978724,-33.345941,-0.079333241,-0.813506961,-0.147107391,0.000170561,0.064538144,-0.000595595
913.264000000,-0.542295,23.893840492,1369.016217,-3.473144273,-33.166085,-0.079435060,-0.813506961,-0.146252163,0.000145922,0.064620974,-0.000506808
913.276000000,-0.542295,23.853329090,1366.695084,-3.282323104,-31.343877,-0.070892772,-0.734204025,-0.138704098,0.000324982,0.052049759,-0.001066696
913.279000000,-0.477465,23.846818973,1366.322082,-3.246436422,-31.001184,-0.071086773,-0.734204025,-0.137074570,0.000278036,0.052192195,-0.000902625
913.281000000,-0.477465,23.840372753,1365.952741,-3.215733875,-30.707997,-0.071252751,-0.734204025,-0.135680440,0.000237871,0.052314056,-0.000764930
913.282000000,-0.477465,23.833981198,1365.586532,-3.189466570,-30.457162,-0.071394751,-0.734204025,-0.134487704,0.000203509,0.052418314,-0.000649084
913.295000000,-0.432715,23.796968062,1363.465835,-2.993520746,-28.586017,-0.066581985,-0.685564271,-0.126275171,0.000210108,0.045646230,-0.000628964
913.296000000,-0.432715,23.793998198,1363.295674,-2.969864506,-28.360117,-0.062192674,-0.648119901,-0.125727871,0.000381428,0.040308310,-0.001132791
913.297000000,-0.375254,23.791050223,1363.126768,-2.947975123,-28.151089,-0.062307726,-0.648119901,-0.124734309,0.000352940,0.040382877,-0.001040458
913.300000000,-0.375254,23.782321814,1362.626667,-2.891679250,-27.613503,-0.062612058,-0.648119901,-0.122178048,0.000279295,0.040580121,-0.000807631
913.301000000,-0.375254,23.776585319,1362.297990,-2.860837684,-27.318988,-0.062778787,-0.648119901,-0.120777606,0.000238948,0.040688181,-0.000683592
913.302000000,-0.375254,23.773738189,1362.134861,-2.847130224,-27.188091,-0.062852890,-0.648119901,-0.120155183,0.000221016,0.040736209,-0.000629262
913.316000000,-0.316311,23.735546194,1359.946621,-2.579990540,-24.637095,-0.051521297,-0.542294904,-0.109515135,0.000443609,0.027939737,-0.001144506
913.318000000,-0.243954,23.730460647,1359.655241,-2.531004319,-24.169311,-0.051786113,-0.542294904,-0.107290787,0.000379526,0.028083345,-0.000960581
913.321000000,-0.243954,23.725462320,1359.368858,-2.489094571,-23.769102,-0.052012677,-0.542294904,-0.105387765,0.000324700,0.028206209,-0.000808209
913.323000000,-0.243954,23.720538613,1359.086750,-2.453239040,-23.426707,-0.052206511,-0.542294904,-0.103759651,0.000277794,0.028311325,-0.000681496
913.325000000,-0.194919,23.715678747,1358.808300,-2.422563144,-23.133774,-0.052372344,-0.542294904,-0.102366732,0.000237665,0.028401255,-0.000575758
913.337000000,-0.194919,23.688357938,1357.242933,-2.140334228,-20.438686,-0.040669041,-0.432715241,-0.091094387,0.000460814,0.017598114,-0.000986297
913.339000000,-0.120483,23.684154591,1357.002099,-2.089448058,-19.952759,-0.040944128,-0.432715241,-0.088783768,0.000394246,0.017717148,-0.000823756
913.341000000,-0.120483,23.680041846,1356.766456,-2.045912826,-19.537028,-0.041179479,-0.432715241,-0.086806937,0.000337294,0.017818988,-0.000690074
913.343000000,-0.120483,23.676006616,1356.535255,-2.008666625,-19.181353,-0.041380831,-0.432715241,-0.085115675,0.000288569,0.017906116,-0.000579638
913.354000000,-0.070453,23.655432194,1355.356427,-1.761827532,-16.824214,-0.035778193,-0.375253799,-0.074716418,0.000276278,0.013425903,-0.000486755
913.355000000,-0.070453,23.653686215,1355.256390,-1.745978606,-16.672868,-0.035863872,-0.375253799,-0.073996756,0.000255545,0.013458054,-0.000446176
913.356000000,-0.007679,23.651973161,1355.158239,-1.713054082,-16.358461,-0.028931196,-0.316311400,-0.073331101,0.000530868,0.009151267,-0.000909406
913.359000000,-0.007679,23.647007827,1354.873747,-1.628340771,-15.549509,-0.029383985,-0.316311400,-0.069485075,0.000420279,0.009294490,-0.000684358
913.361000000,-0.007679,23.643821665,1354.691193,-1.581930769,-15.106326,-0.029634877,-0.316311400,-0.067377707,0.000359566,0.009373849,-0.000568809
913.363000000,-0.007679,23.640718136,1354.513374,-1.542225084,-14.727165,-0.029849525,-0.316311400,-0.065574766,0.000307624,0.009441745,-0.000474425
913.365000000,-0.007679,23.637685302,1354.339605,-1.508255221,-14.402776,-0.030033166,-0.316311400,-0.064032276,0.000263185,0.009499833,-0.000396950
913.377000000,0.055124,23.620365867,1353.347275,-1.165546523,-11.130149,-0.017230734,-0.194919140,-0.050180023,0.000471072,0.003358600,-0.000549056
913.379000000,0.136407,23.618113816,1353.218242,-1.113527682,-10.633406,-0.017511947,-0.194919140,-0.047817971,0.000403021,0.003413414,-0.000448775
913.383000000,0.136407,23.614905141,1353.034398,-1.049243582,-10.019538,-0.017859466,-0.194919140,-0.044898983,0.000318926,0.003481152,-0.000334631
913.384000000,0.136407,23.612860167,1352.917230,-1.014025682,-9.683232,-0.018049853,-0.194919140,-0.043299822,0.000272854,0.003518262,-0.000276681
913.393000000,0.179832,23.604872079,1352.459546,-0.779394263,-7.442667,-0.010331991,-0.120483369,-0.033693903,0.000368292,0.001244833,-0.000287045
913.396000000,0.235142,23.602699795,1352.335083,-0.690795103,-6.596607,-0.004771018,-0.070452888,-0.030375309,0.000522839,0.000336132,-0.000361175
913.398000000,0.235142,23.601405933,1352.260951,-0.633059761,-6.045275,-0.005083131,-0.070452888,-0.027753685,0.000447311,0.000358121,-0.000283174
913.400000000,0.235142,23.600214869,1352.192708,-0.583664778,-5.573588,-0.005350159,-0.070452888,-0.025510776,0.000382693,0.000376934,-0.000223364
913.403000000,0.235142,23.599111752,1352.129504,-0.541405316,-5.170040,-0.005578613,-0.070452888,-0.023591874,0.000327410,0.000393029,-0.000177261
913.405000000,0.301704,23.598083879,1352.070611,-0.505250591,-4.824788,-0.005774065,-0.070452888,-0.021950174,0.000280112,0.000406800,-0.000141527
913.415000000,0.301704,23.594392259,1351.859097,-0.213030979,-2.034296,0.007801046,0.055124448,-0.010448799,0.000576425,0.000430028,-0.000122796
913.419000000,0.366826,23.593941909,1351.833293,-0.121048743,-1.155930,0.007309300,0.055124448,-0.006272747,0.000456342,0.000402921,-0.000055240
913.421000000,0.366826,23.593776383,1351.823809,-0.070656477,-0.674720,0.007036880,0.055124448,-0.003984554,0.000390419,0.000387904,-0.000027586
913.423000000,0.366826,23.593700579,1351.819466,-0.027543799,-0.263024,0.006803813,0.055124448,-0.002026910,0.000334020,0.000375056,-0.000009200
913.425000000,0.418818,23.593701537,1351.819521,0.009340888,0.089199,0.006604415,0.055124448,-0.000352064,0.000285768,0.000364065,0.000002669
913.435000000,0.418818,23.595434735,1351.918826,0.304551226,2.908250,0.020060107,0.179832439,0.011297157,0.000573545,0.003607458,0.000174674
913.438000000,0.480530,23.596140102,1351.959241,0.367904631,3.513230,0.019721427,0.179832439,0.014173440,0.000490837,0.003546552,0.000180581
913.439000000,0.480530,23.596958270,1352.006118,0.422106107,4.030816,0.019428415,0.179832439,0.016634600,0.000419932,0.003493859,0.000177256
913.442000000,0.480530,23.597872944,1352.058525,0.468477723,4.473633,0.019177731,0.179832439,0.018740225,0.000359269,0.003448778,0.000168309
913.443000000,0.480530,23.598870182,1352.115663,0.508150567,4.852480,0.018963260,0.179832439,0.020541674,0.000307369,0.003410209,0.000156190
913.460000000,0.523986,23.610460832,1352.779758,0.922117195,8.805571,0.031438380,0.301704364,0.037622826,0.000424630,0.009485097,0.000391559
913.463000000,0.611803,23.613366164,1352.946221,0.989848061,9.452353,0.031072229,0.301704364,0.040698323,0.000336026,0.009374627,0.000332615
913.465000000,0.631488,23.615402243,1353.062880,1.026954263,9.806691,0.030871633,0.301704364,0.042383227,0.000287484,0.009314106,0.000295233
913.476000000,0.631488,23.629657899,1353.879669,1.337307529,12.770346,0.043332464,0.418818232,0.054826542,0.000514570,0.018148426,0.000688138
913.478000000,0.688101,23.632418855,1354.037860,1.394129728,13.312958,0.043025288,0.418818232,0.057406702,0.000440236,0.018019775,0.000613746
913.480000000,0.688101,23.635280982,1354.201848,1.442743480,13.777185,0.042762483,0.418818232,0.059614137,0.000376640,0.017909707,0.000543395
913.484000000,0.688101,23.639732486,1354.456900,1.502819623,14.350870,0.042437712,0.418818232,0.062342052,0.000298049,0.017773688,0.000447914
913.493000000,0.723690,23.656098845,1355.394624,1.744601740,16.659719,0.048580768,0.480529650,0.072451839,0.000315348,0.023344499,0.000550157
913.495000000,0.765596,23.659654427,1355.598343,1.792890759,17.120846,0.053562174,0.523985906,0.074033062,0.000486919,0.028065824,0.000872993
913.498000000,0.765596,23.663321939,1355.808476,1.846678448,17.634480,0.053275209,0.523985906,0.076474989,0.000416726,0.027915459,0.000769558
913.499000000,0.765596,23.667085219,1356.024096,1.892696057,18.073916,0.053026439,0.523985906,0.078564539,0.000356526,0.027785107,0.000674796
913.501000000,0.765596,23.670930434,1356.244411,1.932066034,18.449872,0.052813605,0.523985906,0.080352236,0.000305023,0.027673585,0.000589324
913.504000000,0.765596,23.674845746,1356.468742,1.965748685,18.771517,0.052631518,0.523985906,0.081881685,0.000260960,0.027578173,0.000512981
913.516000000,0.804479,23.699709856,1357.893350,2.210293173,21.106745,0.064286020,0.631488135,0.091472323,0.000522100,0.040595859,0.001153995
913.518000000,0.843579,23.704218060,1358.151652,2.267955483,21.657380,0.063976025,0.631488135,0.094090429,0.000446745,0.040400101,0.001013197
913.519000000,0.843579,23.708828931,1358.415835,2.317287988,22.128470,0.063709334,0.631488135,0.096330501,0.000382209,0.040231689,0.000885688
913.523000000,0.843579,23.715905891,1358.821315,2.378252354,22.710637,0.063379762,0.631488135,0.099098748,0.000302456,0.040023568,0.000719317
913.525000000,0.843579,23.720713146,1359.096750,2.411651544,23.029576,0.063199206,0.631488135,0.100615326,0.000258764,0.039909549,0.000624048
913.536000000,0.872581,23.748674641,1360.698826,2.654626579,25.349817,0.073013687,0.723690240,0.110350303,0.000439187,0.052839293,0.001165877
913.539000000,0.906897,23.756782312,1361.163361,2.724701536,26.018983,0.072637984,0.723690240,0.113531876,0.000347655,0.052567400,0.000947257
913.541000000,0.906897,23.762290049,1361.478931,2.763091946,26.385584,0.072430446,0.723690240,0.115275093,0.000297434,0.052417207,0.000821837
913.542000000,0.906897,23.767866140,1361.798418,2.795936537,26.699227,0.072252889,0.723690240,0.116766488,0.000254467,0.052288710,0.000711473
913.546000000,0.924546,23.776350221,1362.284520,2.849510929,27.210825,0.077018615,0.765595506,0.118609531,0.000410745,0.058965105,0.001170423
913.558000000,0.924546,23.812029116,1364.328770,3.073962134,29.354176,0.080503167,0.804479317,0.128253371,0.000327481,0.064763133,0.001006665
913.559000000,0.954449,23.818231989,1364.684168,3.110124787,29.699504,0.080307673,0.804479317,0.129895431,0.000280174,0.064605862,0.000871376
913.561000000,0.954449,23.824499250,1365.043256,3.141063440,29.994946,0.080140419,0.804479317,0.131300282,0.000239700,0.064471309,0.000752914
913.564000000,0.954449,23.830821597,1365.405500,3.167532743,30.247710,0.079997326,0.804479317,0.132502190,0.000205074,0.064356194,0.000649578
913.575000000,0.965016,23.866725349,1367.462633,3.339332793,31.888279,0.083788890,0.843578947,0.139752657,0.000191689,0.070682544,0.000640114
913.577000000,0.980819,23.873462472,1367.848642,3.377806858,32.255679,0.087082211,0.872581274,0.141091289,0.000298136,0.075986307,0.001007047
913.579000000,0.980819,23.880268111,1368.238576,3.410729066,32.570063,0.086904236,0.872581274,0.142586208,0.000255068,0.075831009,0.000869969
913.580000000,0.980819,23.887132368,1368.631869,3.438895383,32.839032,0.086751969,0.872581274,0.143865173,0.000218221,0.075698144,0.000750441
913.582000000,0.980819,23.894046774,1369.028036,3.462992838,33.069146,0.086621699,0.872581274,0.144959381,0.000186698,0.075584472,0.000646532
913.597000000,0.991123,23.943860334,1371.882142,3.649842922,34.853433,0.091885048,0.924546034,0.152712079,0.000223170,0.084951957,0.000814536
913.597000000,0.991123,23.947522980,1372.091997,3.662645259,34.975686,0.091815839,0.924546034,0.153293403,0.000206422,0.084887970,0.000756052
913.599000000,0.998322,23.954882906,1372.513689,3.685439776,35.193357,0.091692612,0.924546034,0.154328447,0.000176603,0.084774041,0.000650859
913.601000000,0.998322,23.962283418,1372.937707,3.704941432,35.379585,0.091587187,0.924546034,0.155213971,0.000151091,0.084676570,0.000559784
913.604000000,0.998322,23.969718653,1373.363715,3.721625909,35.538910,0.091496991,0.924546034,0.155971574,0.000129265,0.084593180,0.000481075
913.617000000,0.999971,24.018961557,1376.185126,3.853232642,36.795661,0.095671332,0.965016494,0.161377655,0.000175871,0.092324413,0.000677671
913.619000000,0.997708,24.026697532,1376.628364,3.872653465,36.981117,0.095566344,0.965016494,0.162259508,0.000150465,0.092223098,0.000582698
913.621000000,0.997708,24.034468086,1377.073584,3.889268787,37.139781,0.095476522,0.965016494,0.163013970,0.000128729,0.092136418,0.000500661
913.622000000,0.997708,24.042268223,1377.520499,3.903483885,37.275525,0.095399675,0.965016494,0.163659444,0.000110133,0.092062260,0.000429902
913.625000000,0.993768,24.054019618,1378.193804,3.925947643,37.490038,0.097184650,0.980819315,0.164457111,0.000166110,0.095320582,0.000652138
913.637000000,0.993768,24.097709798,1380.697067,4.005267289,38.247485,0.098001145,0.991122966,0.167913579,0.000118106,0.097131186,0.000473045
913.639000000,0.981360,24.105740150,1381.157173,4.018309309,38.372027,0.097930641,0.991122966,0.168505786,0.000101044,0.097061307,0.000406028
913.642000000,0.981360,24.117828149,1381.849764,4.034426441,38.525935,0.097843512,0.991122966,0.169237627,0.000079960,0.096974952,0.000322594
913.643000000,0.981360,24.125910419,1382.312844,4.043256176,38.610252,0.097795779,0.991122966,0.169638564,0.000068409,0.096927642,0.000276596
913.654000000,0.970464,24.166558237,1384.641792,4.082698137,38.986895,0.098451620,0.998321662,0.171328164,0.000055726,0.098286385,0.000227513
913.657000000,0.955278,24.178826065,1385.344687,4.092570661,39.081171,0.098597307,0.999970513,0.171753234,0.000051724,0.098594400,0.000211685
913.658000000,0.955278,24.187019885,1385.814158,4.098282389,39.135714,0.098566430,0.999970513,0.172012590,0.000044252,0.098563524,0.000181358
913.660000000,0.955278,24.195223875,1386.284212,4.103169009,39.182378,0.098540013,0.999970513,0.172234480,0.000037860,0.098537107,0.000155344
913.662000000,0.955278,24.203436566,1386.754765,4.107349716,39.222301,0.098517412,0.999970513,0.172424316,0.000032390,0.098514507,0.000133039
913.665000000,0.932576,24.211656700,1387.225744,4.110926484,39.256456,0.098498076,0.999970513,0.172586728,0.000027711,0.098495172,0.000113919
913.677000000,0.932576,24.261045268,1390.055500,4.115342448,39.298626,0.097725394,0.993767919,0.172874586,-0.000011595,0.097116361,-0.000047717
913.679000000,0.902736,24.273387500,1390.762658,4.113492978,39.280964,0.097735392,0.993767919,0.172790606,-0.000009176,0.097126297,-0.000037744
913.681000000,0.902736,24.281612947,1391.233942,4.112479751,39.271289,0.097740870,0.993767919,0.172744598,-0.000007850,0.097131741,-0.000032283
913.683000000,0.902736,24.289836589,1391.705122,4.111612892,39.263011,0.097745556,0.993767919,0.172705236,-0.000006716,0.097136398,-0.000027614
913.696000000,0.879980,24.343080846,1394.755793,4.074069266,38.904496,0.095135192,0.970464383,0.171328608,-0.000083575,0.092325315,-0.000340488
913.698000000,0.841699,24.351214962,1395.221843,4.064840413,38.816367,0.095185082,0.970464383,0.170909548,-0.000071501,0.092373732,-0.000290642
913.700000000,0.841699,24.359332645,1395.686952,4.056944746,38.740969,0.095227766,0.970464383,0.170551024,-0.000061172,0.092415155,-0.000248173
913.703000000,0.841699,24.367436270,1396.151256,4.050189675,38.676462,0.095264284,0.970464383,0.170244293,-0.000052336,0.092450595,-0.000211969
913.716000000,0.813507,24.419592999,1399.139616,3.979516610,38.001584,0.091074253,0.932576036,0.167568473,-0.000164607,0.084933665,-0.000655056
913.716000000,0.813507,24.423563068,1399.367084,3.970068687,37.911363,0.091123338,0.932576036,0.167139698,-0.000152336,0.084979442,-0.000604786
913.718000000,0.767389,24.431477645,1399.820556,3.953246688,37.750725,0.091214276,0.932576036,0.166375851,-0.000130330,0.085064248,-0.000515227
913.721000000,0.767389,24.439362270,1400.272312,3.938854769,37.613292,0.091292079,0.932576036,0.165722348,-0.000111503,0.085136805,-0.000439194
913.723000000,0.767389,24.447221270,1400.722600,3.926541884,37.495713,0.091358642,0.932576036,0.165163249,-0.000095395,0.085198880,-0.000374574
913.725000000,0.734204,24.455058347,1401.171631,3.916007699,37.395119,0.091415590,0.932576036,0.164684917,-0.000081615,0.085251988,-0.000319604
913.737000000,0.734204,24.501405512,1403.827128,3.802306970,36.309357,0.085680636,0.879980407,0.160262640,-0.000217190,0.075397281,-0.000825825
913.740000000,0.676362,24.512741347,1404.476623,3.767663899,35.978540,0.085867914,0.879980407,0.158689581,-0.000171871,0.075562082,-0.000647552
913.742000000,0.676362,24.520247836,1404.906714,3.748684771,35.797303,0.085970515,0.879980407,0.157827784,-0.000147043,0.075652369,-0.000551217
913.743000000,0.676362,24.527720533,1405.334868,3.732447339,35.642247,0.086058294,0.879980407,0.157090481,-0.000125801,0.075729613,-0.000469546
913.758000000,0.643322,24.578749355,1408.258604,3.553124841,33.929843,0.079002686,0.813506961,0.149883890,-0.000250551,0.064269235,-0.000890240
913.759000000,0.578712,24.585813564,1408.663353,3.525457317,33.665638,0.079152256,0.813506961,0.148627574,-0.000214357,0.064390912,-0.000755706
913.761000000,0.578712,24.592828511,1409.065280,3.501786601,33.439599,0.079280220,0.813506961,0.147552743,-0.000183391,0.064495011,-0.000642197
913.765000000,0.578712,24.603273848,1409.663754,3.472534687,33.160264,0.079438355,0.813506961,0.146224483,-0.000145124,0.064623655,-0.000503949
913.777000000,0.542295,24.647044142,1412.171607,3.263459128,31.163739,0.070994749,0.734204025,0.137847530,-0.000300305,0.052124630,-0.000980032
913.780000000,0.471935,24.653520671,1412.542685,3.230297507,30.847069,0.071174020,0.734204025,0.136341740,-0.000256923,0.052256252,-0.000829938
913.782000000,0.471935,24.659938156,1412.910379,3.201926363,30.576144,0.071327394,0.734204025,0.135053474,-0.000219808,0.052368860,-0.000703810
913.783000000,0.471935,24.666305127,1413.275180,3.177653670,30.344357,0.071458612,0.734204025,0.133951309,-0.000188055,0.052465200,-0.000597574
913.793000000,0.432715,24.697170369,1415.043628,2.999225957,28.640498,0.065440186,0.676361912,0.126663810,-0.000267317,0.044261249,-0.000801745
913.797000000,0.381070,24.706050601,1415.552428,2.936871744,28.045059,0.061788553,0.643322253,0.124297687,-0.000364350,0.039749951,-0.001070048
913.798000000,0.381070,24.711863209,1415.885466,2.896637852,27.660854,0.062006055,0.643322253,0.122470762,-0.000311716,0.039889875,-0.000902929
913.800000000,0.381070,24.717604181,1416.214399,2.862216086,27.332150,0.062192138,0.643322253,0.120907752,-0.000266686,0.040009587,-0.000763313
913.802000000,0.381070,24.723283866,1416.539821,2.832766835,27.050931,0.062351341,0.643322253,0.119570531,-0.000228161,0.040112005,-0.000646327
913.805000000,0.316311,24.728911116,1416.862239,2.807571777,26.810336,0.062487545,0.643322253,0.118426484,-0.000195201,0.040199628,-0.000548042
913.816000000,0.316311,24.761153524,1418.709593,2.560466049,24.450650,0.051626846,0.542294904,0.108628574,-0.000418067,0.027996975,-0.001070447
913.819000000,0.243954,24.766204307,1418.998981,2.514300305,24.009799,0.051876415,0.542294904,0.106532298,-0.000357674,0.028132315,-0.000899299
913.821000000,0.243954,24.771172893,1419.283660,2.474803593,23.632634,0.052089933,0.542294904,0.104738846,-0.000306005,0.028248105,-0.000757302
913.823000000,0.243954,24.776071155,1419.564310,2.441012515,23.309952,0.052272607,0.542294904,0.103204474,-0.000261800,0.028347169,-0.000639057
913.825000000,0.194919,24.780909252,1419.841513,2.412102843,23.033885,0.052428893,0.542294904,0.101891754,-0.000223981,0.028431921,-0.000540264
913.835000000,0.194919,24.806100255,1421.284851,2.166356093,20.687177,0.040531804,0.432715241,0.092275577,-0.000494702,0.017538729,-0.001071700
913.838000000,0.126718,24.810349934,1421.528339,2.111710851,20.165353,0.040823776,0.432715241,0.089794668,-0.000423370,0.017665070,-0.000894034
913.840000000,0.126718,24.814502318,1421.766254,2.064959570,19.718911,0.041076513,0.432715241,0.087671804,-0.000362210,0.017774433,-0.000747950
913.842000000,0.126718,24.818571461,1421.999398,2.024961907,19.336962,0.041292739,0.432715241,0.085855605,-0.000309886,0.017867998,-0.000627507
913.845000000,0.126718,24.824544921,1422.341652,1.975533397,18.864954,0.041559949,0.432715241,0.083611174,-0.000245224,0.017983623,-0.000484449
913.853000000,0.070453,24.839436094,1423.194854,1.789440875,17.087902,0.036331124,0.381070376,0.075888371,-0.000280959,0.013844715,-0.000502759
913.854000000,0.007679,24.842967833,1423.397207,1.758415549,16.791632,0.036498846,0.381070376,0.074479585,-0.000240372,0.013908629,-0.000422674
913.857000000,0.007679,24.846385621,1423.593032,1.693228650,16.169143,0.029033207,0.316311400,0.072431478,-0.000505164,0.009183534,-0.000855359
913.859000000,0.007679,24.849687315,1423.782205,1.637445046,15.636448,0.029334768,0.316311400,0.069898478,-0.000432189,0.009278921,-0.000707686
913.862000000,0.007679,24.854458196,1424.055557,1.568508509,14.978153,0.029707438,0.316311400,0.066768234,-0.000342007,0.009396801,-0.000536442
913.863000000,0.007679,24.857537826,1424.232007,1.530741783,14.617507,0.029911604,0.316311400,0.065053337,-0.000292602,0.009461381,-0.000447898
913.878000000,-0.055124,24.876416000,1425.313646,1.167614453,11.149897,0.017219555,0.194919140,0.050273922,-0.000473777,0.003356421,-0.000553189
913.880000000,-0.136407,24.879763777,1425.505460,1.092044464,10.428256,0.017628085,0.194919140,0.046842469,-0.000374917,0.003436051,-0.000409426
913.882000000,-0.136407,24.881884958,1425.626994,1.050643616,10.032907,0.017851897,0.194919140,0.044962555,-0.000320757,0.003479676,-0.000337002
913.884000000,-0.179832,24.883932424,1425.744306,1.015223470,9.694670,0.018043378,0.194919140,0.043354211,-0.000274421,0.003517000,-0.000278599
913.897000000,-0.179832,24.894681154,1426.360162,0.661735255,6.319106,0.004928112,0.070452888,0.029055771,-0.000484823,0.000347200,-0.000320825
913.900000000,-0.265556,24.896507678,1426.464815,0.584403285,5.580640,0.005346167,0.070452888,0.025544310,-0.000383659,0.000376653,-0.000224211
913.903000000,-0.265556,24.897612109,1426.528094,0.542037140,5.176073,0.005575198,0.070452888,0.023620564,-0.000328236,0.000392789,-0.000177916
913.904000000,-0.301704,24.898641108,1426.587051,0.505791143,4.829950,0.005771143,0.070452888,0.021974720,-0.000280820,0.000406594,-0.000142036
913.915000000,-0.301704,24.902336565,1426.798785,0.213260152,2.036484,-0.007802285,-0.055124448,0.010459205,-0.000576725,0.000430097,-0.000122992
913.918000000,-0.366826,24.902666274,1426.817676,0.149547178,1.428070,-0.007463362,-0.055124448,0.007566793,-0.000493623,0.000411414,-0.000073820
913.920000000,-0.366826,24.902882542,1426.830067,0.095038072,0.907547,-0.007168686,-0.055124448,0.005091664,-0.000422315,0.000395170,-0.000040136
913.922000000,-0.366826,24.903001757,1426.836898,0.048403267,0.462217,-0.006916579,-0.055124448,0.002974089,-0.000361308,0.000381273,-0.000017488
913.925000000,-0.366826,24.903028712,1426.838442,-0.009227322,-0.088114,-0.006605029,-0.055124448,0.000357221,-0.000285916,0.000364099,0.000002638
913.936000000,-0.418818,24.901452241,1426.748117,-0.289902335,-2.768363,-0.020139298,-0.179832439,-0.010631985,-0.000592708,0.003621699,0.000171827
913.938000000,-0.480530,24.900772956,1426.709197,-0.355371896,-3.393552,-0.019789179,-0.179832439,-0.013604358,-0.000507232,0.003558736,0.000180256
913.940000000,-0.480530,24.899977102,1426.663598,-0.411383832,-3.928426,-0.019486380,-0.179832439,-0.016147727,-0.000433958,0.003504283,0.000178523
913.943000000,-0.480530,24.898600917,1426.584748,-0.480602539,-4.589416,-0.019112184,-0.179832439,-0.019290784,-0.000343407,0.003436991,0.000165042
913.944000000,-0.480530,24.897582091,1426.526374,-0.518523851,-4.951538,-0.018907182,-0.179832439,-0.021012700,-0.000293799,0.003400125,0.000152342
913.953000000,-0.529327,24.892675742,1426.245261,-0.717722601,-6.853746,-0.028179329,-0.265556117,-0.028850760,-0.000496609,0.007483193,0.000356427
913.955000000,-0.581555,24.891156970,1426.158242,-0.772561444,-7.377418,-0.027882871,-0.265556117,-0.031340861,-0.000424870,0.007404467,0.000328238
913.957000000,-0.581555,24.889507785,1426.063750,-0.841048996,-8.031426,-0.031876632,-0.301704364,-0.033941712,-0.000530683,0.009617319,0.000446330
913.959000000,-0.581555,24.887736642,1425.962271,-0.899650479,-8.591029,-0.031559835,-0.301704364,-0.036602666,-0.000454021,0.009521740,0.000408460
913.961000000,-0.581555,24.885861160,1425.854814,-0.949786484,-9.069793,-0.031288801,-0.301704364,-0.038879222,-0.000388434,0.009439968,0.000368929
913.964000000,-0.581555,24.882884667,1425.684274,-1.011743802,-9.661442,-0.030953861,-0.301704364,-0.041692557,-0.000307382,0.009338915,0.000310992
913.977000000,-0.631488,24.867426479,1424.798585,-1.347514460,-12.867815,-0.043277286,-0.418818232,-0.055290014,-0.000501217,0.018125316,0.000675397
913.978000000,-0.688101,24.864647349,1424.639352,-1.402862181,-13.396347,-0.042978080,-0.418818232,-0.057803222,-0.000428812,0.018000004,0.000601564
913.981000000,-0.688101,24.861769673,1424.474474,-1.450214457,-13.848528,-0.042722095,-0.418818232,-0.059953376,-0.000366867,0.017892792,0.000532035
913.983000000,-0.688101,24.858807687,1424.304764,-1.490726296,-14.235388,-0.042503088,-0.418818232,-0.061792923,-0.000313870,0.017801068,0.000467894
913.998000000,-0.719340,24.833651635,1422.863429,-1.853266285,-17.697389,-0.053884411,-0.529327086,-0.076698917,-0.000436981,0.028522478,0.000809841
913.999000000,-0.719340,24.831773301,1422.755808,-1.878334032,-17.936769,-0.053748895,-0.529327086,-0.077837184,-0.000404187,0.028450746,0.000759199
913.999000000,-0.777585,24.829871781,1422.646859,-1.901520567,-18.158184,-0.053623549,-0.529327086,-0.078890029,-0.000373855,0.028384397,0.000710893
914.001000000,-0.777585,24.826006009,1422.425367,-1.942804110,-18.552413,-0.053400371,-0.529327086,-0.080764617,-0.000319849,0.028266263,0.000621403
914.004000000,-0.777585,24.822066733,1422.199663,-1.978123896,-18.889692,-0.053209433,-0.529327086,-0.082368404,-0.000273644,0.028165194,0.000541301
914.016000000,-0.804479,24.796529168,1420.736468,-2.245061485,-21.438758,-0.064095410,-0.631488135,-0.093051378,-0.000476498,0.040475491,0.001069768
914.018000000,-0.843579,24.789637962,1420.341631,-2.321096818,-22.164842,-0.063688744,-0.631488135,-0.096503451,-0.000377226,0.040218686,0.000875578
914.020000000,-0.843579,24.784932473,1420.072026,-2.362752608,-22.562625,-0.063463553,-0.631488135,-0.098394941,-0.000322733,0.040076481,0.000762537
914.023000000,-0.843579,24.780152816,1419.798172,-2.398390868,-22.902946,-0.063270893,-0.631488135,-0.100013190,-0.000276111,0.039954818,0.000662222
914.025000000,-0.872581,24.775309705,1419.520682,-2.428880880,-23.194104,-0.063106065,-0.631488135,-0.101397669,-0.000236225,0.039850731,0.000573761
914.037000000,-0.872581,24.744543242,1417.757894,-2.683989265,-25.630210,-0.072332864,-0.719339800,-0.111744488,-0.000377397,0.052031908,0.001012930
914.038000000,-0.906897,24.739111939,1417.446703,-2.725663974,-26.028174,-0.072107573,-0.719339800,-0.113636837,-0.000322879,0.051869847,0.000880060
914.042000000,-0.906897,24.730829270,1416.972141,-2.777164951,-26.519972,-0.071829160,-0.719339800,-0.115975374,-0.000255506,0.051669573,0.000709583
914.043000000,-0.906897,24.725232068,1416.651445,-2.805379645,-26.789402,-0.071676632,-0.719339800,-0.117256536,-0.000218596,0.051559854,0.000613245
914.056000000,-0.926922,24.690257701,1414.647561,-3.027014341,-28.905858,-0.080754608,-0.804479317,-0.126121859,-0.000388792,0.064965412,0.001176879
914.059000000,-0.950624,24.681049373,1414.119963,-3.089045646,-29.498213,-0.080421626,-0.804479317,-0.128938278,-0.000307749,0.064697535,0.000950652
914.061000000,-0.950624,24.674819644,1413.763026,-3.123029358,-29.822734,-0.080237911,-0.804479317,-0.130481397,-0.000263292,0.064549740,0.000822270
914.063000000,-0.950624,24.668529407,1413.402622,-3.152103836,-30.100374,-0.080080735,-0.804479317,-0.131801600,-0.000225258,0.064423295,0.000710035
914.065000000,-0.966645,24.662187402,1413.039252,-3.176978261,-30.337908,-0.079946264,-0.804479317,-0.132931089,-0.000192717,0.064315116,0.000612258
914.074000000,-0.966645,24.632816696,1411.356434,-3.326295182,-31.763779,-0.083859371,-0.843578947,-0.139160650,-0.000208745,0.070742000,0.000694347
914.076000000,-0.980819,24.622743196,1410.779265,-3.376897591,-32.246997,-0.087087126,-0.872581274,-0.141050001,-0.000299326,0.075990596,0.001010793
914.079000000,-0.980819,24.615939176,1410.389424,-3.409951151,-32.562635,-0.086908441,-0.872581274,-0.142550884,-0.000256086,0.075834678,0.000873240
914.080000000,-0.980819,24.609076304,1409.996210,-3.438229844,-32.832677,-0.086755567,-0.872581274,-0.143834952,-0.000219092,0.075701283,0.000753289
914.082000000,-0.980819,24.602163082,1409.600112,-3.462423442,-33.063708,-0.086624777,-0.872581274,-0.144933526,-0.000187442,0.075587158,0.000649005
914.085000000,-0.991123,24.595206784,1409.201545,-3.483122070,-33.261366,-0.086512881,-0.872581274,-0.145873402,-0.000160365,0.075489520,0.000558570
914.097000000,-0.991123,24.552367246,1406.747020,-3.646387072,-34.820432,-0.092190581,-0.926922104,-0.152521700,-0.000240535,0.085453487,0.000877085
914.100000000,-0.998666,24.541349358,1406.115742,-3.684753782,-35.186807,-0.091983172,-0.926922104,-0.154263840,-0.000190345,0.085261236,0.000701373
914.101000000,-0.998666,24.533947912,1405.691670,-3.705772897,-35.387524,-0.091869543,-0.926922104,-0.155218268,-0.000162848,0.085155910,0.000603477
914.104000000,-0.998666,24.526509042,1405.265454,-3.723755623,-35.559247,-0.091772329,-0.926922104,-0.156034821,-0.000139323,0.085065800,0.000518805
914.115000000,-0.999971,24.481013373,1402.658744,-3.846504160,-36.731409,-0.095902882,-0.966644818,-0.161049366,-0.000193412,0.092704024,0.000743961
914.119000000,-0.998113,24.469410536,1401.993951,-3.877364512,-37.026104,-0.095737456,-0.966644818,-0.162450497,-0.000153104,0.092544116,0.000593641
914.121000000,-0.998113,24.461630118,1401.548166,-3.894271288,-37.187552,-0.095646058,-0.966644818,-0.163218193,-0.000130987,0.092455767,0.000510099
914.123000000,-0.998113,24.453819597,1401.100656,-3.908735737,-37.325677,-0.095567864,-0.966644818,-0.163874989,-0.000112065,0.092380180,0.000438032
914.125000000,-0.993048,24.445983321,1400.651670,-3.921110674,-37.443849,-0.095500965,-0.966644818,-0.164436906,-0.000095876,0.092315513,0.000375941
914.137000000,-0.993048,24.398326246,1397.921121,-4.007410588,-38.267952,-0.097989559,-0.991122966,-0.168010901,-0.000115302,0.097119702,0.000462062
914.139000000,-0.981360,24.390292078,1397.460797,-4.020142991,-38.389538,-0.097920728,-0.991122966,-0.168589049,-0.000098646,0.097051483,0.000396569
914.141000000,-0.981360,24.382235240,1396.999174,-4.031036090,-38.493559,-0.097861840,-0.991122966,-0.169083679,-0.000084395,0.096993117,0.000340201
914.143000000,-0.981360,24.374159007,1396.536440,-4.040355590,-38.582554,-0.097811459,-0.991122966,-0.169506855,-0.000072204,0.096943184,0.000291729
914.153000000,-0.971961,24.333540222,1394.209155,-4.080316469,-38.964152,-0.098506045,-0.998665829,-0.171215172,-0.000060702,0.098374621,0.000247684
914.153000000,-0.971961,24.329456423,1393.975171,-4.083798699,-38.997405,-0.098487220,-0.998665829,-0.171373292,-0.000056147,0.098355821,0.000229292
914.156000000,-0.953402,24.321279405,1393.506662,-4.089998798,-39.056612,-0.098453703,-0.998665829,-0.171654823,-0.000048036,0.098322349,0.000196467
914.158000000,-0.953402,24.313090943,1393.037498,-4.095707534,-39.111126,-0.098580235,-0.999970513,-0.171895686,-0.000047615,0.098577328,0.000195019
914.160000000,-0.953402,24.304891537,1392.567707,-4.100966114,-39.161342,-0.098551922,-0.999970513,-0.172134452,-0.000040741,0.098549016,0.000167079
914.163000000,-0.953402,24.292575304,1391.862038,-4.107464588,-39.223398,-0.098516791,-0.999970513,-0.172429532,-0.000032240,0.098513886,0.000132425
914.163000000,-0.953402,24.288465990,1391.626592,-4.109314072,-39.241059,-0.098506793,-0.999970513,-0.172513513,-0.000029821,0.098503888,0.000122543
914.177000000,-0.932576,24.234957716,1388.560794,-4.116662243,-39.311229,-0.097631338,-0.993047928,-0.172944653,0.000017214,0.096952598,-0.000070863
914.180000000,-0.902736,24.222613364,1387.853515,-4.113916574,-39.285009,-0.097646181,-0.993047928,-0.172819979,0.000013622,0.096967338,-0.000056039
914.182000000,-0.902736,24.214387816,1387.382225,-4.112412366,-39.270645,-0.097654313,-0.993047928,-0.172751676,0.000011654,0.096975413,-0.000047926
914.183000000,-0.902736,24.206164947,1386.911090,-4.111125453,-39.258356,-0.097661270,-0.993047928,-0.172693241,0.000009970,0.096982322,-0.000040990
914.197000000,-0.879980,24.152928581,1383.860871,-4.074500903,-38.908618,-0.095313538,-0.971961001,-0.171327133,0.000076049,0.092641042,-0.000309861
914.198000000,-0.841699,24.144792339,1383.394698,-4.066103081,-38.828424,-0.095358936,-0.971961001,-0.170945808,0.000065063,0.092685167,-0.000264553
914.200000000,-0.841699,24.136671050,1382.929383,-4.058918395,-38.759816,-0.095397776,-0.971961001,-0.170619569,0.000055664,0.092722918,-0.000225936
914.203000000,-0.841699,24.128562554,1382.464800,-4.052771598,-38.701118,-0.095431006,-0.971961001,-0.170340458,0.000047623,0.092755216,-0.000193005
914.206000000,-0.809837,24.116425577,1381.769402,-4.039424298,-38.573661,-0.093264192,-0.953401529,-0.169995536,0.000130417,0.088918223,-0.000526808
914.216000000,-0.809837,24.076369361,1379.474350,-3.978942995,-37.996107,-0.091077189,-0.932576036,-0.167542446,0.000163864,0.084936404,-0.000652005
914.218000000,-0.767389,24.064486191,1378.793495,-3.952792766,-37.746390,-0.091216730,-0.932576036,-0.166355239,0.000129736,0.085066537,-0.000512821
914.221000000,-0.767389,24.056602375,1378.341785,-3.938466419,-37.609584,-0.091294178,-0.932576036,-0.165704714,0.000110995,0.085138763,-0.000437149
914.223000000,-0.767389,24.048744066,1377.891538,-3.926209635,-37.492540,-0.091360438,-0.932576036,-0.165148163,0.000094961,0.085200555,-0.000372836
914.225000000,-0.734204,24.040907580,1377.442540,-3.915723446,-37.392405,-0.091417126,-0.932576036,-0.164672010,0.000081243,0.085253421,-0.000318124
914.237000000,-0.734204,23.994562545,1374.787165,-3.802195502,-36.308293,-0.085681238,-0.879980407,-0.160257579,0.000217045,0.075397811,-0.000825246
914.239000000,-0.680977,23.986994572,1374.353552,-3.778227992,-36.079420,-0.085810805,-0.879980407,-0.159169271,0.000185691,0.075511827,-0.000701582
914.241000000,-0.680977,23.979469274,1373.922384,-3.757722792,-35.883609,-0.085921656,-0.879980407,-0.158238179,0.000158866,0.075609373,-0.000596975
914.243000000,-0.680977,23.971980485,1373.493308,-3.740179741,-35.716086,-0.086016493,-0.879980407,-0.157441591,0.000135917,0.075692829,-0.000508353
914.257000000,-0.648120,23.920757226,1370.558432,-3.575590309,-34.144372,-0.078440965,-0.809836909,-0.150955346,0.000299654,0.063524388,-0.001071441
914.258000000,-0.648120,23.917198833,1370.354551,-3.558393218,-33.980152,-0.078531140,-0.809836909,-0.150174793,0.000277282,0.063597415,-0.000986680
914.259000000,-0.583825,23.910128572,1369.949455,-3.527773847,-33.687759,-0.078696665,-0.809836909,-0.148784440,0.000237227,0.063731464,-0.000836882
914.261000000,-0.583825,23.903112829,1369.547482,-3.501577703,-33.437604,-0.078838281,-0.809836909,-0.147594936,0.000202957,0.063846150,-0.000710671
914.264000000,-0.583825,23.896143728,1369.148182,-3.479165813,-33.223586,-0.078959440,-0.809836909,-0.146577265,0.000173638,0.063944268,-0.000604117
914.276000000,-0.542295,23.852210596,1366.630999,-3.279773724,-31.319532,-0.070906554,-0.734204025,-0.138588337,0.000321647,0.052059878,-0.001054929
914.279000000,-0.477465,23.845705018,1366.258257,-3.244255322,-30.980356,-0.071098564,-0.734204025,-0.136975531,0.000275182,0.052200852,-0.000892762
914.280000000,-0.477465,23.839262681,1365.889138,-3.213867853,-30.690177,-0.071262838,-0.734204025,-0.135595709,0.000235430,0.052321463,-0.000756641
914.282000000,-0.477465,23.832874449,1365.523120,-3.187870111,-30.441917,-0.071403382,-0.734204025,-0.134415213,0.000201420,0.052424650,-0.000642101
914.296000000,-0.432715,23.789899626,1363.060844,-2.946823446,-28.140091,-0.062313952,-0.648119901,-0.124682014,0.000351433,0.040386912,-0.001035612
914.298000000,-0.363576,23.784064947,1362.726541,-2.908015834,-27.769506,-0.062523743,-0.648119901,-0.122919853,0.000300666,0.040522882,-0.000874341
914.301000000,-0.363576,23.778299365,1362.396198,-2.874814310,-27.452454,-0.062703230,-0.648119901,-0.121412251,0.000257232,0.040639211,-0.000739495
914.303000000,-0.363576,23.772592898,1362.069241,-2.846409027,-27.181204,-0.062856788,-0.648119901,-0.120122435,0.000220073,0.040738735,-0.000626417
914.316000000,-0.316311,23.737207181,1360.041789,-2.592314437,-24.754779,-0.051458314,-0.542294904,-0.110074309,0.000459568,0.027905581,-0.001191344
914.318000000,-0.250042,23.732099691,1359.749151,-2.541547931,-24.269995,-0.051729115,-0.542294904,-0.107769548,0.000393319,0.028052435,-0.000999639
914.320000000,-0.250042,23.727082592,1359.461693,-2.498115069,-23.855242,-0.051963912,-0.542294904,-0.105797365,0.000336501,0.028179765,-0.000840617
914.322000000,-0.250042,23.722142824,1359.178665,-2.460956451,-23.500403,-0.052164791,-0.542294904,-0.104110080,0.000287890,0.028288700,-0.000708485
914.325000000,-0.250042,23.714854180,1358.761056,-2.415036391,-23.061899,-0.052413034,-0.542294904,-0.102024960,0.000227818,0.028423321,-0.000550189
914.337000000,-0.194919,23.687589762,1357.198920,-2.137382650,-20.410501,-0.040684998,-0.432715241,-0.090960363,0.000456953,0.017605019,-0.000976683
914.340000000,-0.120483,23.681327173,1356.840100,-2.064496129,-19.714486,-0.041079018,-0.432715241,-0.087650760,0.000361604,0.017775517,-0.000746530
914.342000000,-0.120483,23.677258856,1356.607003,-2.024565413,-19.333176,-0.041294883,-0.432715241,-0.085837601,0.000309367,0.017868925,-0.000626334
914.343000000,-0.120483,23.673261634,1356.377979,-1.990403027,-19.006949,-0.041479564,-0.432715241,-0.084286369,0.000264677,0.017948840,-0.000526813
914.354000000,-0.070453,23.654548246,1355.305781,-1.760610329,-16.812590,-0.034375020,-0.363576430,-0.074825578,0.000337811,0.012497947,-0.000594753
914.356000000,-0.007679,23.651098354,1355.108117,-1.708660641,-16.316507,-0.028953922,-0.316311400,-0.073131725,0.000525167,0.009158456,-0.000897332
914.358000000,-0.007679,23.647769183,1354.917369,-1.650647763,-15.762525,-0.029263394,-0.316311400,-0.070497982,0.000449461,0.009256345,-0.000741902
914.359000000,-0.007679,23.644543303,1354.732540,-1.601015328,-15.288570,-0.029531706,-0.316311400,-0.068244291,0.000384532,0.009341215,-0.000615642
914.362000000,-0.007679,23.641405794,1354.552774,-1.558552717,-14.883082,-0.029761258,-0.316311400,-0.066316165,0.000328983,0.009413825,-0.000512738
914.364000000,-0.007679,23.636837812,1354.291048,-1.506078063,-14.381986,-0.030044936,-0.316311400,-0.063933416,0.000260337,0.009503556,-0.000392088
914.376000000,0.055124,23.620779869,1353.370995,-1.194482020,-11.406463,-0.017074313,-0.194919140,-0.051493914,0.000508924,0.003328110,-0.000607901
914.379000000,0.130180,23.618476298,1353.239010,-1.138283202,-10.869804,-0.017378119,-0.194919140,-0.048942060,0.000435406,0.003387328,-0.000495615
914.381000000,0.130180,23.615203956,1353.051519,-1.068833549,-10.206609,-0.017753563,-0.194919140,-0.045788517,0.000344553,0.003460509,-0.000368270
914.383000000,0.130180,23.613124102,1352.932352,-1.030785714,-9.843278,-0.017959249,-0.194919140,-0.044060855,0.000294780,0.003500601,-0.000303855
914.397000000,0.179832,23.601950980,1352.292179,-0.690736188,-6.596045,-0.004771336,-0.070452888,-0.030372634,0.000522762,0.000336154,-0.000361091
914.399000000,0.253420,23.600049870,1352.183254,-0.607352807,-5.799792,-0.005222102,-0.070452888,-0.026586393,0.000413681,0.000367912,-0.000251250
914.402000000,0.253420,23.598904577,1352.117633,-0.561671410,-5.363567,-0.005469055,-0.070452888,-0.024512110,0.000353921,0.000385311,-0.000198787
914.404000000,0.253420,23.597840620,1352.056673,-0.522589076,-4.990358,-0.005680334,-0.070452888,-0.022737474,0.000302794,0.000400196,-0.000158237
914.415000000,0.301704,23.593644005,1351.816225,-0.213017597,-2.034168,0.007800974,0.055124448,-0.010448191,0.000576407,0.000430024,-0.000122785
914.416000000,0.301704,23.593464068,1351.805915,-0.179937381,-1.718275,0.007627647,0.055124448,-0.008946739,0.000533379,0.000420470,-0.000095975
914.419000000,0.372664,23.593193690,1351.790424,-0.121038153,-1.155829,0.007309242,0.055124448,-0.006272266,0.000456328,0.000402918,-0.000055233
914.421000000,0.372664,23.593028182,1351.780941,-0.070647417,-0.674633,0.007036831,0.055124448,-0.003984142,0.000390407,0.000387901,-0.000027581
914.423000000,0.372664,23.592952395,1351.776598,-0.027536048,-0.262950,0.006803771,0.055124448,-0.002026558,0.000334010,0.000375054,-0.000009197
914.425000000,0.418818,23.592953367,1351.776654,0.009347520,0.089262,0.006604380,0.055124448,-0.000351763,0.000285759,0.000364063,0.000002671
914.436000000,0.418818,23.594786378,1351.881678,0.307008961,2.931720,0.020046274,0.179832439,0.011408820,0.000570305,0.003604970,0.000175089
914.438000000,0.480530,23.595496122,1351.922343,0.370007325,3.533310,0.019710060,0.179832439,0.014268918,0.000488086,0.003544508,0.000180596
914.441000000,0.480530,23.596765893,1351.995096,0.447859763,4.276746,0.019289191,0.179832439,0.017804012,0.000386241,0.003468822,0.000172982
914.443000000,0.480530,23.597726421,1352.050130,0.490511046,4.684035,0.019058619,0.179832439,0.019740705,0.000330445,0.003427358,0.000162087
914.444000000,0.480530,23.598762889,1352.109515,0.527000990,5.032489,0.018861355,0.179832439,0.021397627,0.000282710,0.003391883,0.000148988
914.456000000,0.529327,23.606248736,1352.538423,0.804873894,7.685980,0.026243089,0.253420289,0.032978978,0.000316996,0.006650531,0.000255142
914.458000000,0.591732,23.608852508,1352.687608,0.897059746,8.566290,0.031573841,0.301704364,0.036485027,0.000457410,0.009525966,0.000410324
914.460000000,0.591732,23.610723377,1352.794801,0.947570004,9.048627,0.031300783,0.301704364,0.038778577,0.000391333,0.009443583,0.000370816
914.462000000,0.591732,23.612684180,1352.907146,0.990783628,9.461287,0.031067171,0.301704364,0.040740805,0.000334802,0.009373101,0.000331716
914.464000000,0.631488,23.614721925,1353.023901,1.027754679,9.814334,0.030867306,0.301704364,0.042419572,0.000286437,0.009312801,0.000294387
914.476000000,0.631488,23.629058464,1353.845324,1.347203438,12.864845,0.043278968,0.418818232,0.055275892,0.000501624,0.018126021,0.000675790
914.478000000,0.688101,23.631837040,1354.004525,1.402596089,13.393806,0.042979519,0.418818232,0.057791140,0.000429160,0.018000606,0.000601939
914.480000000,0.688101,23.634714242,1354.169376,1.449986804,13.846354,0.042723325,0.418818232,0.059943039,0.000367164,0.017893308,0.000532384
914.484000000,0.688101,23.639184374,1354.425496,1.508551535,14.405606,0.042406726,0.418818232,0.062602324,0.000290551,0.017760710,0.000438311
914.497000000,0.723690,23.660977014,1355.674122,1.826099353,17.437964,0.054031272,0.529327086,0.075465332,0.000472520,0.028600216,0.000862868
914.499000000,0.773619,23.664708497,1355.887920,1.878278128,17.936235,0.053749197,0.529327086,0.077834645,0.000404260,0.028450906,0.000759314
914.500000000,0.773619,23.668532886,1356.107042,1.922919237,18.362526,0.053507868,0.529327086,0.079861692,0.000345862,0.028323164,0.000665064
914.502000000,0.773619,23.672436757,1356.330717,1.961111562,18.727236,0.053301401,0.529327086,0.081595915,0.000295899,0.028213875,0.000580291
914.513000000,0.804479,23.693158890,1357.518008,2.180004402,20.817509,0.059651896,0.591731821,0.090656592,0.000346889,0.035297925,0.000756220
914.515000000,0.840188,23.697577105,1357.771153,2.218310219,21.183302,0.059444816,0.591731821,0.092395968,0.000296778,0.035175389,0.000658346
914.517000000,0.840188,23.702099565,1358.030271,2.274806112,21.722798,0.063938988,0.631488135,0.094401501,0.000437783,0.040376712,0.000995871
914.520000000,0.840188,23.709067269,1358.429491,2.344634859,22.389614,0.063561497,0.631488135,0.097572257,0.000346434,0.040138331,0.000812261
914.522000000,0.840188,23.713814668,1358.701497,2.382890381,22.754927,0.063354689,0.631488135,0.099309350,0.000296389,0.040007734,0.000706262
914.524000000,0.840188,23.718630180,1358.977405,2.415619569,23.067468,0.063177755,0.631488135,0.100795504,0.000253573,0.039896003,0.000612535
914.537000000,0.872581,23.751840381,1360.880210,2.687089235,25.659812,0.072841313,0.723690240,0.111823991,0.000396859,0.052714547,0.001066396
914.539000000,0.906897,23.757281149,1361.191943,2.730913060,26.078299,0.072604405,0.723690240,0.113813926,0.000339530,0.052543099,0.000927226
914.541000000,0.906897,23.762799946,1361.508146,2.768406163,26.436332,0.072401718,0.723690240,0.115516399,0.000290482,0.052396416,0.000804171
914.542000000,0.906897,23.768385499,1361.828175,2.800483071,26.742643,0.072228310,0.723690240,0.116972935,0.000248519,0.052270923,0.000695974
914.553000000,0.924546,23.797309157,1363.485378,2.980490795,28.461591,0.077282861,0.773619071,0.124443606,0.000282937,0.059787495,0.000843292
914.554000000,0.924546,23.800305878,1363.657078,2.996721718,28.616584,0.077195117,0.773619071,0.125180613,0.000261704,0.059719615,0.000784254
914.556000000,0.948655,23.806352797,1364.003541,3.035183745,28.983870,0.080710096,0.804479317,0.126492853,0.000378089,0.064929603,0.001147571
914.558000000,0.948655,23.812486625,1364.354983,3.076948259,29.382692,0.080487024,0.804479317,0.128388964,0.000323575,0.064750146,0.000995623
914.560000000,0.948655,23.818694815,1364.710686,3.112679542,29.723900,0.080293862,0.804479317,0.130011437,0.000276832,0.064594751,0.000861689
914.561000000,0.948655,23.824966624,1365.070035,3.143249138,30.015818,0.080128603,0.804479317,0.131399529,0.000236841,0.064461804,0.000744451
914.564000000,0.948655,23.831292863,1365.432501,3.169402699,30.265566,0.079987217,0.804479317,0.132587100,0.000202627,0.064348062,0.000642208
914.577000000,0.965016,23.877380837,1368.073148,3.394286196,32.413046,0.086993126,0.872581274,0.141839576,0.000276579,0.075908573,0.000938787
914.578000000,0.965016,23.880790989,1368.268535,3.410152349,32.564556,0.086907354,0.872581274,0.142560020,0.000255823,0.075833729,0.000872394
914.579000000,0.984319,23.884215817,1368.464763,3.424827825,32.704697,0.086828018,0.872581274,0.143226399,0.000236624,0.075764503,0.000810398
914.581000000,0.984319,23.891105176,1368.859495,3.450957457,32.954216,0.086686762,0.872581274,0.144412883,0.000202442,0.075641245,0.000698619
914.584000000,0.984319,23.901524307,1369.456467,3.483248063,33.262569,0.086512199,0.872581274,0.145879123,0.000160200,0.075488925,0.000558016
914.597000000,0.991123,23.948020818,1372.120521,3.658182993,34.933074,0.091839962,0.924546034,0.153090782,0.000212260,0.084910273,0.000776485
914.600000000,0.998971,23.959064839,1372.753296,3.692039586,35.256381,0.091656934,0.924546034,0.154628129,0.000167969,0.084741055,0.000620149
914.603000000,0.998971,23.966477103,1373.177988,3.710587844,35.433504,0.091556662,0.924546034,0.155470361,0.000143705,0.084648349,0.000533228
914.605000000,0.999971,23.973922391,1373.604571,3.726456649,35.585040,0.091470876,0.924546034,0.156190926,0.000122945,0.084569035,0.000458150
914.616000000,0.999971,24.019527439,1376.217548,3.853902467,36.802058,0.095667711,0.965016494,0.161408070,0.000174995,0.092320919,0.000674412
914.619000000,0.997708,24.027264607,1376.660855,3.873226529,36.986589,0.095563246,0.965016494,0.162285529,0.000149715,0.092220109,0.000579881
914.621000000,0.997708,24.035036181,1377.106134,3.889759066,37.144463,0.095473871,0.965016494,0.163036233,0.000128088,0.092133861,0.000498230
914.624000000,0.997708,24.046747381,1377.777136,3.910189727,37.339561,0.095363424,0.965016494,0.163963940,0.000101360,0.092027277,0.000396339
914.634000000,0.993048,24.090206302,1380.267149,3.988381881,38.086241,0.097271017,0.984318997,0.167242660,0.000103415,0.095745710,0.000412457
914.637000000,0.983697,24.098206587,1380.725531,4.003861723,38.234063,0.098008744,0.991122966,0.167849756,0.000119944,0.097138717,0.000480241
914.639000000,0.983697,24.110257430,1381.415994,4.022993527,38.416758,0.097905318,0.991122966,0.168718485,0.000094917,0.097036209,0.000381849
914.642000000,0.983697,24.118319343,1381.877907,4.033474842,38.516848,0.097848656,0.991122966,0.169194417,0.000081205,0.096980051,0.000327539
914.644000000,0.983697,24.126399918,1382.340890,4.042442043,38.602478,0.097800180,0.991122966,0.169601596,0.000069474,0.096932004,0.000280846
914.652000000,0.970464,24.162952236,1384.435184,4.077923137,38.941297,0.098555773,0.998970570,0.171102205,0.000065480,0.098454317,0.000267024
914.656000000,0.953402,24.175207747,1385.137373,4.088677487,39.043994,0.098618266,0.999970513,0.171576465,0.000056813,0.098615358,0.000232291
914.658000000,0.953402,24.183394636,1385.606447,4.094951616,39.103907,0.098584436,0.999970513,0.171861348,0.000048609,0.098581529,0.000199053
914.660000000,0.953402,24.191592695,1386.076161,4.100319395,39.155166,0.098555418,0.999970513,0.172105086,0.000041587,0.098552512,0.000170522
914.661000000,0.953402,24.199800312,1386.546423,4.104911753,39.199020,0.098530592,0.999970513,0.172313614,0.000035580,0.098527686,0.000146052
914.664000000,0.953402,24.208016106,1387.017153,4.108840705,39.236539,0.098509352,0.999970513,0.172492018,0.000030440,0.098506447,0.000125073
914.679000000,0.934826,24.273857660,1390.789596,4.113254057,39.278683,0.097649763,0.993047928,0.172789895,-0.000012755,0.096970894,-0.000052465
914.680000000,0.934826,24.277970182,1391.025227,4.112522351,39.271696,0.097653718,0.993047928,0.172756670,-0.000011798,0.096974823,-0.000048519
914.683000000,0.894467,24.286193247,1391.496373,4.111219550,39.259255,0.097660761,0.993047928,0.172697513,-0.000010094,0.096981817,-0.000041497
914.684000000,0.879980,24.294413992,1391.967388,4.110104949,39.248611,0.097666787,0.993047928,0.172646902,-0.000008635,0.096987800,-0.000035493
914.697000000,0.879980,24.343542815,1394.782262,4.075939337,38.922354,0.095125083,0.970464383,0.171413523,-0.000086021,0.092315505,-0.000350616
914.699000000,0.841699,24.351680260,1395.248503,4.066440336,38.831645,0.095176433,0.970464383,0.170982196,-0.000073594,0.092365338,-0.000299268
914.701000000,0.841699,24.359800792,1395.713775,4.058313547,38.754040,0.095220366,0.970464383,0.170613178,-0.000062963,0.092407974,-0.000255524
914.703000000,0.841699,24.367906855,1396.178218,4.051360741,38.687645,0.095257953,0.970464383,0.170297468,-0.000053868,0.092444451,-0.000218237
914.713000000,0.813507,24.412115067,1398.711162,3.992075266,38.121511,0.093518532,0.953401529,0.167845719,-0.000068548,0.089160712,-0.000273650
914.715000000,0.775386,24.420081959,1399.167632,3.978749455,37.994259,0.091349626,0.934825676,0.167502003,-0.000151459,0.085395976,-0.000602616
914.717000000,0.775386,24.428014032,1399.622106,3.962016339,37.834469,0.091438456,0.934825676,0.166742382,-0.000129642,0.085479017,-0.000513642
914.720000000,0.775386,24.435916312,1400.074873,3.947700461,37.697763,0.091515848,0.934825676,0.166092332,-0.000110914,0.085551364,-0.000437854
914.722000000,0.775386,24.443793103,1400.526180,3.935452632,37.580804,0.091582059,0.934825676,0.165536188,-0.000094891,0.085613260,-0.000373440
914.724000000,0.775386,24.451648086,1400.976237,3.924974105,37.480742,0.091638706,0.934825676,0.165060383,-0.000081183,0.085666215,-0.000318643
914.735000000,0.734204,24.498293594,1403.648828,3.828905471,36.563354,0.085538114,0.879980407,0.161470267,-0.000251929,0.075271864,-0.000964614
914.738000000,0.685564,24.505909124,1404.085166,3.801079483,36.297635,0.085687270,0.879980407,0.160206903,-0.000215585,0.075403119,-0.000819455
914.741000000,0.685564,24.517241802,1404.734481,3.766692543,35.969264,0.085873165,0.879980407,0.158645474,-0.000170600,0.075566703,-0.000642599
914.742000000,0.685564,24.524746561,1405.164472,3.747853736,35.789367,0.085975008,0.879980407,0.157790049,-0.000145956,0.075656322,-0.000547020
914.744000000,0.685564,24.532217778,1405.592541,3.731736353,35.635457,0.086062138,0.879980407,0.157058197,-0.000124871,0.075732995,-0.000465986
914.757000000,0.643322,24.576016986,1408.102051,3.571215238,34.102593,0.078904892,0.813506961,0.150705332,-0.000274217,0.064189679,-0.000979287
914.760000000,0.578712,24.586640881,1408.710755,3.527476160,33.684916,0.079141343,0.813506961,0.148719245,-0.000216998,0.064382033,-0.000765455
914.762000000,0.578712,24.593659423,1409.112888,3.503513805,33.456092,0.079270883,0.813506961,0.147631171,-0.000185651,0.064487415,-0.000650430
914.763000000,0.578712,24.600635300,1409.512576,3.483013015,33.260324,0.079381710,0.813506961,0.146700279,-0.000158832,0.064577573,-0.000553214
914.776000000,0.542295,24.644542366,1412.028266,3.285314079,31.372439,0.070876604,0.734204025,0.138839911,-0.000328895,0.052037888,-0.001080523
914.779000000,0.477465,24.651057808,1412.401573,3.248995326,31.025620,0.071072940,0.734204025,0.137190764,-0.000281383,0.052182038,-0.000914213
914.781000000,0.477465,24.657508585,1412.771175,3.217923124,30.728902,0.071240916,0.734204025,0.135779849,-0.000240735,0.052305367,-0.000774667
914.783000000,0.477465,24.667083562,1413.319781,3.179524564,30.362223,0.071448497,0.734204025,0.134036262,-0.000190503,0.052457774,-0.000605708
914.796000000,0.432715,24.703900263,1415.429223,2.969057183,28.352408,0.061618262,0.643322253,0.125758720,-0.000406288,0.039640399,-0.001206293
914.799000000,0.363576,24.712674403,1415.931944,2.904225542,27.733311,0.061965036,0.643322253,0.122815301,-0.000321642,0.039863487,-0.000934122
914.801000000,0.363576,24.718428885,1416.261651,2.868707670,27.394140,0.062157045,0.643322253,0.121202519,-0.000275178,0.039987010,-0.000789406
914.802000000,0.363576,24.724120127,1416.587735,2.838320655,27.103966,0.062321317,0.643322253,0.119822717,-0.000235427,0.040092690,-0.000668216
914.805000000,0.316311,24.729757266,1416.910720,2.812323301,26.855709,0.062461858,0.643322253,0.118642239,-0.000201417,0.040183103,-0.000566450
914.815000000,0.316311,24.759472943,1418.613303,2.588409083,24.717486,0.051478978,0.542294904,0.109897029,-0.000454479,0.027916787,-0.001176377
914.817000000,0.250042,24.764573479,1418.905542,2.538206738,24.238089,0.051747177,0.542294904,0.107617832,-0.000388948,0.028062230,-0.000987230
914.819000000,0.250042,24.769584630,1419.192660,2.495256540,23.827945,0.051979365,0.542294904,0.105667566,-0.000332761,0.028188145,-0.000830324
914.821000000,0.250042,24.774519308,1419.475396,2.458510861,23.477049,0.052178012,0.542294904,0.103999032,-0.000284691,0.028295870,-0.000699916
914.824000000,0.250042,24.781801662,1419.892644,2.413101104,23.043418,0.052423496,0.542294904,0.101937083,-0.000225287,0.028428995,-0.000543639
914.836000000,0.194919,24.806914958,1421.331530,2.164902447,20.673296,0.040540148,0.432715241,0.092209514,-0.000492778,0.017542340,-0.001066817
914.838000000,0.126718,24.811162048,1421.574870,2.110467197,20.153477,0.040830499,0.432715241,0.089738197,-0.000421743,0.017667979,-0.000890074
914.840000000,0.126718,24.815312218,1421.812657,2.063895573,19.708751,0.041082265,0.432715241,0.087623490,-0.000360818,0.017776922,-0.000744692
914.842000000,0.126718,24.819379466,1422.045694,2.024051613,19.328269,0.041297660,0.432715241,0.085814271,-0.000308695,0.017870127,-0.000624815
914.843000000,0.126718,24.823375773,1422.274665,1.989963449,19.002751,0.041481940,0.432715241,0.084266409,-0.000264102,0.017949868,-0.000525552
914.854000000,0.076719,24.842086226,1423.346695,1.760408845,16.810666,0.034376109,0.363576430,0.074816429,-0.000337547,0.012498343,-0.000594221
914.857000000,0.007679,24.847214124,1423.640502,1.678363937,16.027195,0.029113564,0.316311400,0.071756507,-0.000485719,0.009208952,-0.000815213
914.859000000,0.007679,24.850489352,1423.828159,1.624727666,15.515006,0.029403518,0.316311400,0.069321012,-0.000415553,0.009300668,-0.000675160
914.860000000,0.007679,24.853669080,1424.010344,1.578839608,15.076808,0.029651588,0.316311400,0.067237345,-0.000355522,0.009379135,-0.000561313
914.862000000,0.007679,24.856767106,1424.187847,1.539580467,14.701910,0.029863822,0.316311400,0.065454680,-0.000304164,0.009446267,-0.000468285
914.865000000,-0.055124,24.859795230,1424.361346,1.505992641,14.381170,0.030045397,0.316311400,0.063929537,-0.000260225,0.009503702,-0.000391897
914.877000000,-0.055124,24.877017790,1425.348126,1.165256161,11.127377,0.017232304,0.194919140,0.050166838,-0.000470692,0.003358906,-0.000548476
914.879000000,-0.136407,24.879269323,1425.477130,1.113279265,10.631034,0.017513290,0.194919140,0.047806691,-0.000402696,0.003413675,-0.000448314
914.882000000,-0.136407,24.881428312,1425.600831,1.068810870,10.206392,0.017753685,0.194919140,0.045787487,-0.000344523,0.003460533,-0.000368230
914.884000000,-0.136407,24.884521983,1425.778085,1.013857499,9.681626,0.018050762,0.194919140,0.043292185,-0.000272634,0.003518439,-0.000276412
914.893000000,-0.179832,24.892424923,1426.230890,0.777900352,7.428401,0.011092788,0.126718364,0.033538273,-0.000332633,0.001405660,-0.000258755
914.896000000,-0.241244,24.893879581,1426.314236,0.711332830,6.792728,0.005416473,0.076719028,0.031219644,-0.000515833,0.000415547,-0.000366929
914.897000000,-0.241244,24.895215694,1426.390789,0.654371123,6.248784,0.005724403,0.076719028,0.028633149,-0.000441317,0.000439171,-0.000288785
914.899000000,-0.241244,24.896450386,1426.461532,0.605638016,5.783417,0.005987854,0.076719028,0.026420294,-0.000377565,0.000459382,-0.000228668
914.902000000,-0.241244,24.897598310,1426.527303,0.563944818,5.385276,0.006213246,0.076719028,0.024527106,-0.000323022,0.000476674,-0.000182167
914.903000000,-0.241244,24.898671999,1426.588821,0.528274555,5.044650,0.006406079,0.076719028,0.022907404,-0.000276359,0.000491468,-0.000145993
914.917000000,-0.301704,24.903109721,1426.843084,0.182762194,1.745250,-0.007642917,-0.055124448,0.009075007,-0.000537074,0.000421312,-0.000098157
914.918000000,-0.301704,24.903261674,1426.851790,0.151952487,1.451039,-0.007476365,-0.055124448,0.007676012,-0.000496770,0.000412130,-0.000075485
914.919000000,-0.372664,24.903385128,1426.858863,0.123454898,1.178907,-0.007322307,-0.055124448,0.006382004,-0.000459489,0.000403638,-0.000056726
914.921000000,-0.372664,24.903554939,1426.868593,0.072715043,0.694378,-0.007048008,-0.055124448,0.004078028,-0.000393112,0.000388518,-0.000028585
914.924000000,-0.372664,24.903644420,1426.873720,0.010011494,0.095603,-0.006709034,-0.055124448,0.001230809,-0.000311084,0.000369832,-0.000003114
914.936000000,-0.418818,24.901914086,1426.774579,-0.303912414,-2.902150,-0.020063560,-0.179832439,-0.011268150,-0.000574380,0.003608079,0.000174561
914.938000000,-0.480530,24.901209856,1426.734230,-0.367358100,-3.508011,-0.019724382,-0.179832439,-0.014148623,-0.000491552,0.003547084,0.000180576
914.940000000,-0.480530,24.900392661,1426.687408,-0.421638528,-4.026351,-0.019430943,-0.179832439,-0.016613368,-0.000420543,0.003494314,0.000177317
914.943000000,-0.480530,24.898990103,1426.607047,-0.488717463,-4.666908,-0.019068315,-0.179832439,-0.019659263,-0.000332792,0.003429102,0.000162641
914.945000000,-0.480530,24.897956828,1426.547845,-0.525466505,-5.017836,-0.018869650,-0.179832439,-0.021327950,-0.000284717,0.003393375,0.000149609
914.953000000,-0.529327,24.892679304,1426.245465,-0.744309899,-7.107636,-0.025100565,-0.241244442,-0.030400360,-0.000330406,0.006055372,0.000245924
914.955000000,-0.581555,24.891135245,1426.156997,-0.780795475,-7.456048,-0.024903325,-0.241244442,-0.032057083,-0.000282676,0.006007789,0.000220712
914.956000000,-0.581555,24.889471410,1426.061666,-0.848088482,-8.098648,-0.031838575,-0.301704364,-0.034261358,-0.000521474,0.009605837,0.000442256
914.960000000,-0.581555,24.886756467,1425.906111,-0.931266376,-8.892939,-0.031388920,-0.301704364,-0.038038268,-0.000412662,0.009470174,0.000384298
914.961000000,-0.581555,24.884824693,1425.795429,-0.976835197,-9.328089,-0.031142576,-0.301704364,-0.040107440,-0.000353049,0.009395851,0.000344871
914.964000000,-0.581555,24.882811783,1425.680098,-1.015821217,-9.700378,-0.030931818,-0.301704364,-0.041877702,-0.000302048,0.009332265,0.000306827
914.976000000,-0.631488,24.867401685,1424.797164,-1.349318582,-12.885043,-0.043267533,-0.418818232,-0.055371935,-0.000498857,0.018121232,0.000673117
914.979000000,-0.688101,24.864619343,1424.637748,-1.404405683,-13.411086,-0.042969736,-0.418818232,-0.057873309,-0.000426793,0.017996509,0.000599391
914.980000000,-0.688101,24.861738919,1424.472711,-1.451534986,-13.861138,-0.042714956,-0.418818232,-0.060013338,-0.000365139,0.017889802,0.000530012
914.982000000,-0.688101,24.858774582,1424.302867,-1.491856064,-14.246176,-0.042496981,-0.418818232,-0.061844223,-0.000312392,0.017798510,0.000466043
914.997000000,-0.723690,24.835462543,1422.967186,-1.826543730,-17.442208,-0.054028869,-0.529327086,-0.075485510,-0.000471938,0.028598944,0.000862016
914.998000000,-0.723690,24.833608926,1422.860982,-1.853616873,-17.700737,-0.053882516,-0.529327086,-0.076714837,-0.000436522,0.028521475,0.000809144
915.001000000,-0.777585,24.827905203,1422.534182,-1.923244499,-18.365632,-0.053506110,-0.529327086,-0.079876461,-0.000345436,0.028322233,0.000664358
915.003000000,-0.777585,24.824000752,1422.310474,-1.961389837,-18.729893,-0.053299897,-0.529327086,-0.081608550,-0.000295535,0.028213079,0.000579659
915.004000000,-0.777585,24.822022409,1422.197123,-1.978343440,-18.891788,-0.053208246,-0.529327086,-0.082378373,-0.000273356,0.028164566,0.000540793
915.015000000,-0.804479,24.796483199,1420.733834,-2.245147578,-21.439580,-0.064094945,-0.631488135,-0.093055287,-0.000476386,0.040475197,0.001069556
915.018000000,-0.843579,24.791912937,1420.471977,-2.297774870,-21.942134,-0.063814822,-0.631488135,-0.095444457,-0.000407735,0.040298303,0.000936884
915.019000000,-0.843579,24.787248972,1420.204752,-2.342799713,-22.372089,-0.063571418,-0.631488135,-0.097488928,-0.000348835,0.040144596,0.000817250
915.021000000,-0.843579,24.782504841,1419.932933,-2.381320336,-22.739934,-0.063363176,-0.631488135,-0.099238058,-0.000298443,0.040013094,0.000710687
915.025000000,-0.843579,24.775263200,1419.518018,-2.428923543,-23.194511,-0.063105834,-0.631488135,-0.101399606,-0.000236169,0.039850585,0.000573636
915.034000000,-0.872581,24.749841025,1418.061434,-2.635304938,-25.165308,-0.068824781,-0.688101330,-0.109973719,-0.000272219,0.047358423,0.000717380
915.037000000,-0.901531,24.744492474,1417.754985,-2.686602021,-25.655160,-0.072843947,-0.723690240,-0.111801868,-0.000397497,0.052716454,0.001067915
915.040000000,-0.901531,24.736302568,1417.285738,-2.750004902,-26.260612,-0.072501194,-0.723690240,-0.114680842,-0.000314554,0.052468407,0.000865025
915.042000000,-0.901531,24.730749779,1416.967587,-2.784740027,-26.592308,-0.072313417,-0.723690240,-0.116258081,-0.000269114,0.052332514,0.000749412
915.043000000,-0.901531,24.725135143,1416.645892,-2.814457370,-26.876088,-0.072152765,-0.723690240,-0.117607475,-0.000230238,0.052216252,0.000647996
915.054000000,-0.926922,24.696095370,1414.982035,-2.993021262,-28.581248,-0.077693924,-0.777585121,-0.124956738,-0.000287984,0.060413639,0.000861943
915.057000000,-0.946649,24.686997667,1414.460775,-3.055004839,-29.173147,-0.080605649,-0.804479317,-0.127392566,-0.000352281,0.064845577,0.001076220
915.058000000,-0.946649,24.680828547,1414.107311,-3.093906034,-29.544626,-0.080395351,-0.804479317,-0.129158976,-0.000301391,0.064676397,0.000932475
915.061000000,-0.946649,24.674590164,1413.749878,-3.127187622,-29.862442,-0.080215431,-0.804479317,-0.130670214,-0.000257853,0.064531655,0.000806353
915.063000000,-0.946649,24.668292523,1413.389049,-3.155661404,-30.134347,-0.080061503,-0.804479317,-0.131963141,-0.000220604,0.064407823,0.000696150
915.065000000,-0.966645,24.661944185,1413.025316,-3.180021908,-30.366972,-0.079929810,-0.804479317,-0.133069293,-0.000188736,0.064301879,0.000600183
915.078000000,-0.966645,24.619082002,1410.569494,-3.395172655,-32.421511,-0.086988334,-0.872581274,-0.141879828,-0.000275419,0.075904391,0.000935095
915.079000000,-0.984319,24.612245444,1410.177788,-3.425586227,-32.711939,-0.086823918,-0.872581274,-0.143260836,-0.000235632,0.075760925,0.000807179
915.082000000,-0.984319,24.605354734,1409.782980,-3.451606302,-32.960412,-0.086683254,-0.872581274,-0.144442346,-0.000201593,0.075638184,0.000695820
915.084000000,-0.984319,24.598417696,1409.385517,-3.473867557,-33.172992,-0.086562910,-0.872581274,-0.145453176,-0.000172471,0.075533175,0.000599143
915.093000000,-0.991123,24.562907961,1407.350959,-3.605619585,-34.431131,-0.089345582,-0.901530654,-0.151028084,-0.000156608,0.080547781,0.000564668
915.096000000,-0.997515,24.555662576,1406.935829,-3.630781504,-34.671409,-0.092272719,-0.926922104,-0.151813348,-0.000260851,0.085529623,0.000947092
915.097000000,-0.997515,24.548357228,1406.517263,-3.659597367,-34.946581,-0.092119168,-0.926922104,-0.153121548,-0.000223254,0.085387293,0.000817019
915.101000000,-0.997515,24.537305365,1405.884038,-3.695207581,-35.286633,-0.091926659,-0.926922104,-0.154738523,-0.000176669,0.085208852,0.000652829
915.103000000,-0.997515,24.529885306,1405.458900,-3.714716557,-35.472930,-0.091821194,-0.926922104,-0.155624379,-0.000151148,0.085111094,0.000561471
915.105000000,-0.997515,24.522424398,1405.031421,-3.737520317,-35.690690,-0.094077753,-0.946649260,-0.156382265,-0.000227878,0.089058635,0.000851700
915.116000000,-0.999971,24.480632062,1402.636897,-3.837897088,-36.649218,-0.093536848,-0.946649260,-0.160939934,-0.000096644,0.088546588,0.000370911
915.119000000,-0.998113,24.469051374,1401.973372,-3.870549560,-36.961026,-0.095774298,-0.966644818,-0.162141046,-0.000162019,0.092579728,0.000627104
915.120000000,-0.998113,24.465171530,1401.751074,-3.879843935,-37.049780,-0.095724052,-0.966644818,-0.162563082,-0.000149861,0.092531159,0.000581436
915.122000000,-0.998113,24.453482950,1401.081367,-3.903747524,-37.278043,-0.095594830,-0.966644818,-0.163648487,-0.000118590,0.092406247,0.000462947
915.124000000,-0.993048,24.445655556,1400.632891,-3.916843050,-37.403096,-0.095524036,-0.966644818,-0.164243123,-0.000101459,0.092337814,0.000397399
915.137000000,-0.993048,24.398094458,1397.907841,-4.004886563,-38.243850,-0.098003204,-0.991122966,-0.167896291,-0.000118604,0.097133226,0.000474995
915.140000000,-0.981360,24.386040979,1397.217227,-4.023804522,-38.424503,-0.097900934,-0.991122966,-0.168755310,-0.000093856,0.097031864,0.000377657
915.142000000,-0.981360,24.377977622,1396.755231,-4.034168682,-38.523473,-0.097844905,-0.991122966,-0.169225922,-0.000080297,0.096976333,0.000323933
915.143000000,-0.981360,24.369895811,1396.292177,-4.043035652,-38.608147,-0.097796971,-0.991122966,-0.169628550,-0.000068698,0.096928824,0.000277748
915.154000000,-0.970464,24.329217408,1393.961476,-4.084803038,-39.006996,-0.098342870,-0.997515108,-0.171435100,-0.000048612,0.098098498,0.000198572
915.156000000,-0.953402,24.321038884,1393.492881,-4.090932023,-39.065523,-0.098605951,-0.999970513,-0.171678853,-0.000053858,0.098603043,0.000220330
915.158000000,-0.953402,24.312847982,1393.023577,-4.096880465,-39.122327,-0.098574009,-0.999970513,-0.171948932,-0.000046086,0.098571102,0.000188810
915.160000000,-0.953402,24.304646488,1392.553666,-4.101969605,-39.170924,-0.098546497,-0.999970513,-0.172180018,-0.000039429,0.098543591,0.000161735
915.163000000,-0.953402,24.292327674,1391.847850,-4.108258688,-39.230981,-0.098512498,-0.999970513,-0.172465590,-0.000031201,0.098509594,0.000128183
915.165000000,-0.953402,24.284105921,1391.376779,-4.111704148,-39.263882,-0.098493872,-0.999970513,-0.172622040,-0.000026694,0.098490968,0.000109758
915.176000000,-0.932576,24.234703582,1388.546233,-4.116928661,-39.313773,-0.097629898,-0.993047928,-0.172956750,0.000017562,0.096951168,-0.000072302
915.179000000,-0.902736,24.226472672,1388.074637,-4.114989331,-39.295254,-0.097640382,-0.993047928,-0.172868690,0.000015025,0.096961579,-0.000061828
915.180000000,-0.902736,24.218245214,1387.603238,-4.113330154,-39.279410,-0.097649351,-0.993047928,-0.172793351,0.000012855,0.096970486,-0.000052875
915.183000000,-0.902736,24.210020711,1387.132009,-4.111910659,-39.265854,-0.097657025,-0.993047928,-0.172728895,0.000010998,0.096978106,-0.000045221
915.195000000,-0.882948,24.160825688,1384.313341,-4.084379833,-39.002954,-0.096394805,-0.981359807,-0.171643367,0.000038165,0.094597987,-0.000155880
915.196000000,-0.882948,24.156746873,1384.079643,-4.078814208,-38.949807,-0.095110496,-0.970464383,-0.171543953,0.000089739,0.092301349,-0.000366029
915.197000000,-0.848418,24.152673210,1383.846239,-4.073663803,-38.900624,-0.095137384,-0.970464383,-0.171310197,0.000083044,0.092327443,-0.000338294
915.198000000,-0.848418,24.144539816,1383.380230,-4.064493523,-38.813054,-0.095186958,-0.970464383,-0.170893796,0.000071048,0.092375552,-0.000288773
915.201000000,-0.848418,24.136422750,1382.915156,-4.056647967,-38.738135,-0.095229371,-0.970464383,-0.170537548,0.000060784,0.092416712,-0.000246580
915.203000000,-0.848418,24.128319654,1382.450883,-4.049935768,-38.674038,-0.095265657,-0.970464383,-0.170232763,0.000052003,0.092451927,-0.000210611
915.205000000,-0.813507,24.120228508,1381.987294,-4.044193203,-38.619200,-0.095296701,-0.970464383,-0.169972007,0.000044491,0.092482054,-0.000179931
915.216000000,-0.813507,24.072188203,1379.234788,-3.968236230,-37.893865,-0.091133244,-0.932576036,-0.167056490,0.000149939,0.084988680,-0.000594994
915.219000000,-0.767389,24.064276889,1378.781503,-3.951678945,-37.735754,-0.091222752,-0.932576036,-0.166304663,0.000128279,0.085072152,-0.000506919
915.221000000,-0.767389,24.056395055,1378.329907,-3.937513499,-37.600484,-0.091299330,-0.932576036,-0.165661444,0.000109748,0.085143567,-0.000432135
915.223000000,-0.767389,24.048538443,1377.879756,-3.925394372,-37.484755,-0.091364846,-0.932576036,-0.165111143,0.000093894,0.085204665,-0.000368572
915.225000000,-0.734204,24.040703409,1377.430842,-3.915025955,-37.385744,-0.091420897,-0.932576036,-0.164640338,0.000080330,0.085256938,-0.000314496
915.236000000,-0.734204,23.998226801,1374.997112,-3.811322428,-36.395448,-0.085991846,-0.882947593,-0.160630027,0.000212867,0.075926294,-0.000811304
915.238000000,-0.685564,23.990639887,1374.562413,-3.787807679,-36.170899,-0.086117231,-0.882947593,-0.159562481,0.000182183,0.076037002,-0.000690074
915.241000000,-0.685564,23.979336092,1373.914754,-3.758748502,-35.893404,-0.086274325,-0.882947593,-0.158242973,0.000144168,0.076175707,-0.000541892
915.243000000,-0.685564,23.971842785,1373.485419,-3.742828498,-35.741379,-0.086360388,-0.882947593,-0.157520083,0.000123342,0.076251697,-0.000461647
915.244000000,-0.685564,23.964377824,1373.057708,-3.729208273,-35.611316,-0.086434019,-0.882947593,-0.156901621,0.000105524,0.076316709,-0.000393521
915.253000000,-0.643322,23.935052901,1371.377514,-3.625523435,-34.621199,-0.082825925,-0.848417843,-0.152679756,0.000156543,0.070270993,-0.000567552
915.255000000,-0.593981,23.927828121,1370.963564,-3.608236875,-34.456124,-0.082919376,-0.848417843,-0.151894814,0.000133929,0.070350278,-0.000483249
915.257000000,-0.593981,23.920665770,1370.553192,-3.572615232,-34.115962,-0.078897324,-0.813506961,-0.150768903,0.000276048,0.064183522,-0.000986214
915.260000000,-0.593981,23.910038274,1369.944281,-3.528584028,-33.695495,-0.079135354,-0.813506961,-0.148769551,0.000218447,0.064377161,-0.000770810
915.261000000,-0.593981,23.903017760,1369.542035,-3.504461632,-33.465143,-0.079265759,-0.813506961,-0.147674210,0.000186891,0.064483247,-0.000654951
915.264000000,-0.593981,23.896040196,1369.142250,-3.483823920,-33.268068,-0.079377326,-0.813506961,-0.146737101,0.000159893,0.064574007,-0.000557038
915.276000000,-0.542295,23.852042850,1366.621388,-3.282914170,-31.349521,-0.070889577,-0.734204025,-0.138730937,0.000325755,0.052047413,-0.001069427
915.280000000,-0.477465,23.842300726,1366.063206,-3.230954407,-30.853342,-0.071170469,-0.734204025,-0.136371568,0.000257782,0.052253645,-0.000832883
915.281000000,-0.477465,23.835882072,1365.695444,-3.202488367,-30.581511,-0.071324356,-0.734204025,-0.135078993,0.000220544,0.052366629,-0.000706288
915.283000000,-0.477465,23.829514100,1365.330586,-3.178134488,-30.348949,-0.071456012,-0.734204025,-0.133973142,0.000188684,0.052463292,-0.000599664
915.298000000,-0.432715,23.786838870,1362.885475,-2.923707474,-27.919350,-0.061859717,-0.643322253,-0.123699929,0.000347128,0.039795732,-0.001014902
915.300000000,-0.357716,23.781049701,1362.553780,-2.885375273,-27.553304,-0.062066940,-0.643322253,-0.121959355,0.000296983,0.039929044,-0.000856906
915.301000000,-0.357716,23.775328782,1362.225996,-2.852580481,-27.240137,-0.062244228,-0.643322253,-0.120470222,0.000254081,0.040043097,-0.000724787
915.304000000,-0.357716,23.769666254,1361.901557,-2.824523175,-26.972210,-0.062395906,-0.643322253,-0.119196206,0.000217377,0.040140675,-0.000613986
915.315000000,-0.316311,23.737332187,1360.048951,-2.590057615,-24.733228,-0.051471405,-0.542294904,-0.109971728,0.000456575,0.027912680,-0.001182557
915.318000000,-0.243954,23.729711517,1359.612319,-2.517198971,-24.037480,-0.051860745,-0.542294904,-0.106663919,0.000361466,0.028123818,-0.000909881
915.320000000,-0.243954,23.727215054,1359.469282,-2.496463187,-23.839467,-0.051972842,-0.542294904,-0.105722357,0.000334340,0.028184607,-0.000834667
915.322000000,-0.243954,23.719835093,1359.046442,-2.443134197,-23.330213,-0.052261138,-0.542294904,-0.103300814,0.000264575,0.028340949,-0.000646393
915.324000000,-0.194919,23.714993218,1358.769023,-2.413918031,-23.051219,-0.052419080,-0.542294904,-0.101974178,0.000226355,0.028426600,-0.000546403
915.337000000,-0.194919,23.687737179,1357.207367,-2.136944090,-20.406313,-0.040687368,-0.432715241,-0.090940449,0.000456379,0.017606044,-0.000975257
915.339000000,-0.120483,23.683539867,1356.966878,-2.086547655,-19.925062,-0.040959808,-0.432715241,-0.088652067,0.000390452,0.017723933,-0.000814696
915.341000000,-0.120483,23.679432287,1356.731531,-2.043431410,-19.513333,-0.041192894,-0.432715241,-0.086694261,0.000334048,0.017824793,-0.000682603
915.343000000,-0.120483,23.675401475,1356.500583,-2.006543671,-19.161081,-0.041392308,-0.432715241,-0.085019277,0.000285792,0.017911083,-0.000573453
915.353000000,-0.076719,23.656378024,1355.410619,-1.788131500,-17.075398,-0.033518752,-0.357716100,-0.076157769,0.000405493,0.011990197,-0.000725074
915.354000000,-0.076719,23.654613154,1355.309500,-1.764870084,-16.853268,-0.033644502,-0.357716100,-0.075101523,0.000375062,0.012035180,-0.000661936
915.356000000,-0.007679,23.651159177,1355.111601,-1.710622788,-16.335244,-0.028942801,-0.316311400,-0.073220882,0.000527757,0.009154938,-0.000902793
915.358000000,-0.007679,23.647826512,1354.920654,-1.652326460,-15.778555,-0.029254319,-0.316311400,-0.070574208,0.000451657,0.009253475,-0.000746285
915.360000000,-0.007679,23.644597644,1354.735653,-1.602451523,-15.302285,-0.029523942,-0.316311400,-0.068309505,0.000386411,0.009338760,-0.000619205
915.361000000,-0.007679,23.641457577,1354.555741,-1.559781442,-14.894816,-0.029754616,-0.316311400,-0.066371959,0.000330591,0.009411724,-0.000515649
915.365000000,-0.007679,23.636886435,1354.293834,-1.507050398,-14.391271,-0.030039679,-0.316311400,-0.063977567,0.000261609,0.009501893,-0.000394258
915.376000000,0.055124,23.620741572,1353.368801,-1.194289978,-11.404629,-0.017075351,-0.194919140,-0.051485194,0.000508673,0.003328313,-0.000607503
915.380000000,0.130180,23.617325190,1353.173057,-1.113153803,-10.629836,-0.017513968,-0.194919140,-0.047800994,0.000402532,0.003413808,-0.000448080
915.381000000,0.130180,23.615166424,1353.049369,-1.068703532,-10.205367,-0.017754266,-0.194919140,-0.045782613,0.000344383,0.003460646,-0.000368043
915.383000000,0.130180,23.613086802,1352.930215,-1.030674479,-9.842216,-0.017959850,-0.194919140,-0.044055804,0.000294634,0.003500719,-0.000303672
915.394000000,0.173648,23.603328364,1352.371098,-0.758150859,-7.239807,-0.010446832,-0.120483369,-0.032729291,0.000340502,0.001258670,-0.000258152
915.397000000,0.241244,23.601908873,1352.289767,-0.694435018,-6.631366,-0.005507821,-0.076719028,-0.030452355,0.000493728,0.000422555,-0.000342862
915.399000000,0.241244,23.600602846,1352.214937,-0.639914343,-6.110732,-0.005802556,-0.076719028,-0.027976701,0.000422405,0.000445166,-0.000270303
915.401000000,0.241244,23.599393894,1352.145669,-0.593269640,-5.665308,-0.006054717,-0.076719028,-0.025858676,0.000361385,0.000464512,-0.000214399
915.403000000,0.241244,23.598267992,1352.081160,-0.553363158,-5.284229,-0.006270451,-0.076719028,-0.024046618,0.000309180,0.000481063,-0.000171089
915.417000000,0.301704,23.593236893,1351.792899,-0.185428981,-1.770716,0.007657334,0.055124448,-0.009196100,0.000540563,0.000422106,-0.000100236
915.417000000,0.301704,23.593082474,1351.784051,-0.154419145,-1.474594,0.007489699,0.055124448,-0.007788017,0.000499996,0.000412866,-0.000077209
915.419000000,0.372664,23.592956738,1351.776847,-0.125736445,-1.200695,0.007334641,0.055124448,-0.006485604,0.000462474,0.000404318,-0.000058150
915.421000000,0.372664,23.592782864,1351.766885,-0.074667001,-0.713017,0.007058561,0.055124448,-0.004166662,0.000395666,0.000389099,-0.000029543
915.423000000,0.372664,23.592699920,1351.762133,-0.030974969,-0.295789,0.006822362,0.055124448,-0.002182711,0.000338509,0.000376079,-0.000010485
915.435000000,0.418818,23.594070624,1351.840668,0.270277670,2.580962,0.019498789,0.173648178,0.009827958,0.000584950,0.003385929,0.000158099
915.437000000,0.475010,23.594709359,1351.877265,0.334890573,3.197969,0.019153304,0.173648178,0.012761431,0.000500595,0.003325936,0.000167645
915.440000000,0.475010,23.595877874,1351.944216,0.414738234,3.960458,0.018721649,0.173648178,0.016387123,0.000396140,0.003250980,0.000164294
915.442000000,0.475010,23.596773820,1351.995550,0.458482595,4.378186,0.018485168,0.173648178,0.018373451,0.000338914,0.003209916,0.000155386
915.443000000,0.475010,23.597747652,1352.051346,0.495907713,4.735570,0.018282848,0.173648178,0.020072836,0.000289955,0.003174783,0.000143791
915.457000000,0.529327,23.606648764,1352.561343,0.843019304,8.050241,0.031865979,0.301704364,0.034031179,0.000528105,0.009614105,0.000445203
915.459000000,0.596785,23.609350670,1352.716150,0.927254946,8.854632,0.031410606,0.301704364,0.037856119,0.000417909,0.009476717,0.000387508
915.461000000,0.596785,23.611275301,1352.826424,0.973403252,9.295316,0.031161129,0.301704364,0.039951603,0.000357539,0.009401449,0.000348029
915.464000000,0.596785,23.613282100,1352.941405,1.012885045,9.672340,0.030947691,0.301704364,0.041744378,0.000305889,0.009337053,0.000309831
915.476000000,0.631488,23.628669136,1353.823017,1.348253584,12.874873,0.043273291,0.418818232,0.055323576,0.000500250,0.018123643,0.000674464
915.478000000,0.688101,23.631449581,1353.982325,1.403494533,13.402386,0.042974662,0.418818232,0.057831936,0.000427985,0.017998572,0.000600675
915.480000000,0.688101,23.634328383,1354.147268,1.450755460,13.853694,0.042719170,0.418818232,0.059977942,0.000366159,0.017891567,0.000531207
915.484000000,0.688101,23.638800492,1354.403501,1.509159801,14.411415,0.042403437,0.418818232,0.062629944,0.000289755,0.017759333,0.000437287
915.496000000,0.723690,23.660513966,1355.647591,1.816475681,17.346065,0.054083297,0.529327086,0.075028344,0.000485109,0.028627754,0.000881189
915.499000000,0.773619,23.664228316,1355.860408,1.870044677,17.857611,0.053793707,0.529327086,0.077460784,0.000415031,0.028474466,0.000776127
915.500000000,0.773619,23.668038044,1356.078689,1.915875178,18.295260,0.053545948,0.529327086,0.079541838,0.000355077,0.028343321,0.000680282
915.502000000,0.773619,23.671929374,1356.301646,1.955085076,18.669687,0.053333980,0.529327086,0.081322266,0.000303783,0.028231120,0.000593921
915.516000000,0.804479,23.699185959,1357.863333,2.243228097,21.421250,0.064106657,0.631488135,0.092967973,0.000478956,0.040482593,0.001074409
915.518000000,0.843579,23.703752803,1358.124994,2.296132676,21.926452,0.063823699,0.631488135,0.095369889,0.000409884,0.040303909,0.000941147
915.520000000,0.843579,23.708413844,1358.392052,2.341394748,22.358673,0.063579013,0.631488135,0.097425132,0.000350673,0.040149393,0.000821063
915.522000000,0.843579,23.713155474,1358.663728,2.380118330,22.728456,0.063369674,0.631488135,0.099183477,0.000300015,0.040017197,0.000714071
915.523000000,0.843579,23.717966051,1358.939353,2.413247965,23.044821,0.063190576,0.631488135,0.100687815,0.000256675,0.039904099,0.000619421
915.535000000,0.869495,23.748471394,1360.687181,2.661545967,25.415892,0.072976281,0.723690240,0.110664496,0.000430135,0.052812222,0.001144824
915.538000000,0.904232,23.753866683,1360.996308,2.709059728,25.869615,0.072722543,0.723690240,0.112821619,0.000368118,0.052628595,0.000997253
915.541000000,0.904232,23.762114346,1361.468864,2.767776524,26.430319,0.072405121,0.723690240,0.115487809,0.000291305,0.052398880,0.000806268
915.543000000,0.904232,23.767698778,1361.788829,2.799944388,26.737499,0.072231222,0.723690240,0.116948475,0.000249224,0.052273031,0.000697813
915.544000000,0.904232,23.773340485,1362.112075,2.827465333,27.000305,0.072082445,0.723690240,0.118198135,0.000213221,0.052165362,0.000602876
915.558000000,0.926922,23.811829502,1364.317333,3.084354545,29.453416,0.080446986,0.804479317,0.128725266,0.000313886,0.064717937,0.000968136
915.559000000,0.954449,23.818050878,1364.673792,3.119015926,29.784408,0.080259607,0.804479317,0.130299157,0.000268543,0.064567194,0.000837589
915.561000000,0.954449,23.824333970,1365.033786,3.148670179,30.067585,0.080099297,0.804479317,0.131645686,0.000229749,0.064438228,0.000723405
915.563000000,0.954449,23.830669860,1365.396806,3.174040624,30.309855,0.079962145,0.804479317,0.132797697,0.000196560,0.064327892,0.000623890
915.577000000,0.965016,23.873359055,1367.842717,3.378325667,32.260634,0.086706807,0.869494930,0.141158306,0.000280774,0.075391129,0.000948545
915.579000000,0.983191,23.880162818,1368.232544,3.409330580,32.556709,0.086539196,0.869494930,0.142566165,0.000240214,0.075245392,0.000818968
915.580000000,0.983191,23.887021785,1368.625533,3.435856570,32.810013,0.086395797,0.869494930,0.143770647,0.000205513,0.075120708,0.000706113
915.584000000,0.983191,23.897396619,1369.219968,3.468636990,33.123043,0.086218587,0.869494930,0.145259128,0.000162630,0.074966624,0.000564104
915.596000000,0.991123,23.943708885,1371.873465,3.644083510,34.798434,0.092203034,0.926922104,0.152417100,0.000243549,0.085465030,0.000887512
915.599000000,0.998322,23.951037917,1372.293388,3.670977790,35.055256,0.092057645,0.926922104,0.153638305,0.000208366,0.085330266,0.000764908
915.600000000,0.998322,23.958414835,1372.716054,3.693986963,35.274977,0.091933258,0.926922104,0.154683097,0.000178266,0.085214969,0.000658512
915.602000000,0.998322,23.965832721,1373.141067,3.713672267,35.462958,0.091826839,0.926922104,0.155576960,0.000152514,0.085116327,0.000566387
915.616000000,0.999971,24.018827497,1376.177444,3.854825644,36.810873,0.095662720,0.965016494,0.161449989,0.000173787,0.092316103,0.000669918
915.618000000,0.999971,24.022692292,1376.398881,3.864795073,36.906074,0.095608826,0.965016494,0.161902677,0.000160745,0.092264095,0.000621247
915.619000000,0.997708,24.026566308,1376.620846,3.874016345,36.994131,0.095558976,0.965016494,0.162321393,0.000148682,0.092215988,0.000575996
915.621000000,0.997708,24.034339289,1377.066205,3.890434787,37.150916,0.095470219,0.965016494,0.163066915,0.000127204,0.092130336,0.000494877
915.623000000,0.997708,24.042141502,1377.513239,3.904481447,37.285051,0.095394283,0.965016494,0.163704741,0.000108828,0.092057056,0.000424917
915.635000000,0.993048,24.093539196,1380.458109,3.997838295,38.176544,0.098040611,0.991122966,0.167576327,0.000127793,0.097170302,0.000510896
915.637000000,0.993048,24.097544367,1380.687589,4.005171037,38.246566,0.098001666,0.991122966,0.167909208,0.000118232,0.097131702,0.000473538
915.638000000,0.982548,24.101556320,1380.917457,4.011953495,38.311334,0.097965000,0.991122966,0.168217184,0.000109359,0.097095362,0.000438743
915.641000000,0.982548,24.113627974,1381.609112,4.029396848,38.477906,0.097870702,0.991122966,0.169009245,0.000086540,0.097001900,0.000348703
915.642000000,0.982548,24.121701288,1382.071678,4.038953150,38.569162,0.097819041,0.991122966,0.169443174,0.000074038,0.096950698,0.000299038
915.644000000,0.970464,24.129791618,1382.535220,4.047128963,38.647235,0.097774842,0.991122966,0.169814418,0.000063343,0.096906892,0.000256357
915.658000000,0.970464,24.182774177,1385.570897,4.096947078,39.122963,0.098573649,0.999970513,0.171951957,0.000045999,0.098570742,0.000188456
915.659000000,0.947546,24.190975789,1386.040815,4.102026595,39.171469,0.098546189,0.999970513,0.172182606,0.000039354,0.098543283,0.000161432
915.661000000,0.947546,24.199186446,1386.511251,4.106372334,39.212967,0.098522696,0.999970513,0.172379935,0.000033669,0.098519791,0.000138258
915.664000000,0.947546,24.211516583,1387.217716,4.111742731,39.264251,0.098493664,0.999970513,0.172623792,0.000026644,0.098490759,0.000109552
915.677000000,0.932576,24.260914009,1390.047980,4.116278277,39.307562,0.097633414,0.993047928,0.172927218,-0.000016711,0.096954660,-0.000068788
915.679000000,0.902736,24.273257375,1390.755203,4.113612728,39.282108,0.097647824,0.993047928,0.172806182,-0.000013224,0.096968969,-0.000054400
915.681000000,0.902736,24.281482381,1391.226461,4.112152413,39.268163,0.097655718,0.993047928,0.172739872,-0.000011314,0.096976809,-0.000046525
915.683000000,0.902736,24.289704788,1391.697570,4.110903052,39.256232,0.097662472,0.993047928,0.172683142,-0.000009680,0.096983516,-0.000039792
915.697000000,0.879980,24.342928299,1394.747052,4.073984735,38.903689,0.095135649,0.970464383,0.171324769,-0.000083464,0.092325759,-0.000340031
915.699000000,0.841699,24.351062263,1395.213094,4.064768094,38.815676,0.095185473,0.970464383,0.170906264,-0.000071407,0.092374112,-0.000290252
915.701000000,0.841699,24.359179818,1395.678196,4.056882874,38.740378,0.095228101,0.970464383,0.170548215,-0.000061092,0.092415480,-0.000247841
915.703000000,0.841699,24.367283333,1396.142493,4.050136740,38.675957,0.095264570,0.970464383,0.170241889,-0.000052266,0.092450872,-0.000211686
915.714000000,0.813507,24.411547116,1398.678621,3.991725820,38.118174,0.092813451,0.947545503,0.167912310,-0.000099747,0.087944969,-0.000398163
915.715000000,0.813507,24.415533120,1398.907002,3.986003740,38.063532,0.092844385,0.947545503,0.167652484,-0.000092262,0.087974279,-0.000367755
915.716000000,0.775386,24.419509192,1399.134814,3.976072359,37.968694,0.091092194,0.932576036,0.167412157,-0.000160132,0.084950397,-0.000636695
915.718000000,0.775386,24.427434458,1399.588899,3.958383081,37.799774,0.091186509,0.932576036,0.166609082,-0.000137050,0.085038353,-0.000542495
915.720000000,0.775386,24.435328228,1400.041178,3.943249166,37.655256,0.091268323,0.932576036,0.165921887,-0.000117252,0.085114651,-0.000462352
915.723000000,0.775386,24.447119600,1400.716774,3.924546903,37.476662,0.091369427,0.932576036,0.165072662,-0.000092786,0.085208938,-0.000364141
915.724000000,0.775386,24.451038824,1400.941329,3.919224184,37.425834,0.091398201,0.932576036,0.164830970,-0.000085822,0.085235772,-0.000336357
915.738000000,0.734204,24.505005704,1404.033404,3.784986832,36.143962,0.085774267,0.879980407,0.159476174,-0.000194533,0.075479674,-0.000736303
915.741000000,0.671721,24.516296994,1404.680347,3.753957827,35.847657,0.085942009,0.879980407,0.158067221,-0.000153941,0.075627284,-0.000577888
915.743000000,0.671721,24.523779080,1405.109039,3.736958657,35.685327,0.086033906,0.879980407,0.157295329,-0.000131703,0.075708152,-0.000492168
915.744000000,0.643322,24.531230899,1405.535997,3.722415161,35.546446,0.086112528,0.879980407,0.156634944,-0.000112677,0.075777337,-0.000419431
915.758000000,0.643322,24.578512375,1408.245026,3.552103616,33.920091,0.079008207,0.813506961,0.149837519,-0.000249215,0.064273726,-0.000885239
915.760000000,0.578712,24.585574766,1408.649671,3.524583617,33.657294,0.079156980,0.813506961,0.148587901,-0.000213214,0.064394754,-0.000751491
915.762000000,0.578712,24.592588158,1409.051509,3.501039114,33.432461,0.079284261,0.813506961,0.147518802,-0.000182413,0.064498298,-0.000638637
915.763000000,0.578712,24.599559628,1409.450945,3.480895814,33.240107,0.079393155,0.813506961,0.146604142,-0.000156062,0.064586884,-0.000543237
915.774000000,0.542295,24.633533779,1411.397520,3.336819642,31.864280,0.075569811,0.775385540,0.140598777,-0.000173658,0.058595739,-0.000579465
915.777000000,0.488469,24.643450065,1411.965681,3.284546136,31.365105,0.070880755,0.734204025,0.138805041,-0.000327890,0.052040936,-0.001076971
915.778000000,0.488469,24.649964139,1412.338910,3.248338319,31.019346,0.071076491,0.734204025,0.137160930,-0.000280524,0.052184646,-0.000911236
915.780000000,0.488469,24.656413746,1412.708446,3.217361026,30.723535,0.071243954,0.734204025,0.135754325,-0.000240000,0.052307598,-0.000772166
915.783000000,0.488469,24.662808198,1413.074821,3.190858666,30.470456,0.071387226,0.734204025,0.134550916,-0.000205330,0.052412788,-0.000655178
915.785000000,0.432715,24.669155463,1413.438492,3.168184795,30.253936,0.071509800,0.734204025,0.133521350,-0.000175668,0.052502783,-0.000556549
915.797000000,0.432715,24.705954499,1415.546922,2.949754987,28.168085,0.061718906,0.643322253,0.124882685,-0.000381203,0.039705146,-0.001124456
915.799000000,0.363576,24.714678997,1416.046799,2.888950988,27.587450,0.062047610,0.643322253,0.122121720,-0.000301660,0.039916608,-0.000871482
915.801000000,0.363576,24.720406282,1416.374948,2.855639654,27.269350,0.062227690,0.643322253,0.120609132,-0.000258083,0.040032458,-0.000736992
915.803000000,0.363576,24.726074257,1416.699699,2.827140424,26.997202,0.062381757,0.643322253,0.119315050,-0.000220801,0.040131572,-0.000624235
915.815000000,0.316311,24.758619678,1418.564414,2.589320901,24.726193,0.051474048,0.542294904,0.109938432,-0.000455672,0.027914114,-0.001179880
915.817000000,0.250042,24.763721838,1418.856746,2.538986836,24.245538,0.051742960,0.542294904,0.107653254,-0.000389968,0.028059943,-0.000990125
915.820000000,0.250042,24.768734378,1419.143944,2.495923946,23.834318,0.051975757,0.542294904,0.105697871,-0.000333634,0.028186188,-0.000832726
915.822000000,0.250042,24.773670244,1419.426748,2.459081854,23.482502,0.052174925,0.542294904,0.104024959,-0.000285438,0.028294196,-0.000701915
915.824000000,0.250042,24.778540514,1419.705794,2.427561914,23.181509,0.052345321,0.542294904,0.102593714,-0.000244204,0.028386601,-0.000592820
915.834000000,0.201078,24.803776378,1421.151702,2.199563989,21.004289,0.047079724,0.488468955,0.092998798,-0.000236909,0.022996983,-0.000521096
915.837000000,0.132948,24.808085208,1421.398580,2.140133205,20.436767,0.040670129,0.432715241,0.091085259,-0.000460551,0.017598585,-0.000985641
915.839000000,0.132948,24.812288197,1421.639394,2.089276075,19.951117,0.040945058,0.432715241,0.088775959,-0.000394021,0.017717551,-0.000823218
915.841000000,0.132948,24.816400636,1421.875019,2.045765687,19.535623,0.041180274,0.432715241,0.086800255,-0.000337101,0.017819332,-0.000689630
915.842000000,0.132948,24.820435604,1422.106206,2.008540742,19.180151,0.041381512,0.432715241,0.085109959,-0.000288404,0.017906411,-0.000579271
915.846000000,0.076719,24.826366832,1422.446040,1.962538716,18.740864,0.041630198,0.432715241,0.083021117,-0.000228225,0.018014021,-0.000447900
915.858000000,0.076719,24.848097666,1423.691125,1.661010154,15.861479,0.029207375,0.316311400,0.070968513,-0.000463017,0.009238626,-0.000769076
915.859000000,-0.011170,24.851341996,1423.877012,1.609880784,15.373229,0.029483780,0.316311400,0.068646850,-0.000396130,0.009326056,-0.000637722
915.862000000,-0.011170,24.854495289,1424.057682,1.566137483,14.955511,0.029720255,0.316311400,0.066660571,-0.000338906,0.009400856,-0.000530773
915.863000000,-0.011170,24.857570699,1424.233890,1.528713271,14.598136,0.029922570,0.316311400,0.064961227,-0.000289948,0.009464850,-0.000443247
915.877000000,-0.055124,24.875149064,1425.241056,1.187519557,11.339976,0.017855469,0.201077921,0.051091044,-0.000466524,0.003590340,-0.000554006
915.880000000,-0.130180,24.878558930,1425.436427,1.113106478,10.629384,0.018257744,0.201077921,0.047712123,-0.000369178,0.003671229,-0.000410934
915.882000000,-0.130180,24.880723198,1425.560430,1.072339441,10.240087,0.018478130,0.201077921,0.045860989,-0.000315847,0.003715544,-0.000338695
915.883000000,-0.130180,24.882814880,1425.680275,1.037461546,9.907028,0.018666680,0.201077921,0.044277266,-0.000270220,0.003753457,-0.000280343
915.898000000,-0.179832,24.894591413,1426.355021,0.672321910,6.420201,0.005627362,0.076719028,0.029448251,-0.000464800,0.000431726,-0.000312495
915.899000000,-0.259493,24.895858067,1426.427595,0.620995660,5.930072,0.005904831,0.076719028,0.027117649,-0.000397655,0.000453013,-0.000246942
915.901000000,-0.259493,24.897033335,1426.494932,0.577083921,5.510746,0.006142217,0.076719028,0.025123721,-0.000340211,0.000471225,-0.000196330
915.904000000,-0.259493,24.898130418,1426.557791,0.539515603,5.151995,0.006345310,0.076719028,0.023417833,-0.000291064,0.000486806,-0.000157034
915.914000000,-0.295708,24.902280180,1426.795555,0.283266348,2.704994,-0.002879819,-0.011169875,0.013019734,-0.000430946,0.000032167,-0.000122073
915.915000000,-0.360974,24.902760782,1426.823091,0.222057856,2.120496,-0.007851499,-0.055124448,0.010858881,-0.000588308,0.000432810,-0.000130638
915.917000000,-0.360974,24.903106156,1426.842879,0.157073977,1.499946,-0.007504051,-0.055124448,0.007908567,-0.000503469,0.000413657,-0.000079082
915.919000000,-0.360974,24.903335825,1426.856039,0.101477562,0.969039,-0.007203498,-0.055124448,0.005384066,-0.000430739,0.000397089,-0.000043710
915.922000000,-0.360974,24.903466506,1426.863526,0.053912518,0.514827,-0.006946362,-0.055124448,0.003224250,-0.000368515,0.000382914,-0.000019868
915.925000000,-0.360974,24.903507629,1426.865882,-0.004867647,-0.046483,-0.006628598,-0.055124448,0.000555183,-0.000291620,0.000365398,0.000001420
915.936000000,-0.418818,24.901536425,1426.752941,-0.326444826,-3.117318,-0.019945555,-0.179832439,-0.012290849,-0.000545074,0.003586858,0.000177937
915.939000000,-0.486030,24.900792076,1426.710292,-0.386635522,-3.692097,-0.019620168,-0.179832439,-0.015023965,-0.000466334,0.003528343,0.000180301
915.941000000,-0.486030,24.899940558,1426.661504,-0.438131164,-4.183844,-0.019341784,-0.179832439,-0.017362260,-0.000398968,0.003478280,0.000174800
915.943000000,-0.486030,24.898997352,1426.607462,-0.482187825,-4.604555,-0.019103614,-0.179832439,-0.019362768,-0.000341334,0.003435450,0.000164587
915.944000000,-0.523986,24.897975703,1426.548926,-0.519880129,-4.964490,-0.018899850,-0.179832439,-0.021074285,-0.000292025,0.003398806,0.000151818
915.959000000,-0.523986,24.887964286,1425.975314,-0.906154245,-8.653136,-0.030800769,-0.295708050,-0.036982421,-0.000413098,0.009108035,0.000374331
915.960000000,-0.601815,24.886082662,1425.867505,-0.951771311,-9.088747,-0.030554164,-0.295708050,-0.039053783,-0.000353423,0.009035112,0.000336378
915.963000000,-0.601815,24.884119818,1425.755042,-0.990798607,-9.461430,-0.030343183,-0.295708050,-0.040825920,-0.000302368,0.008972724,0.000299586
915.975000000,-0.631488,24.870291900,1424.962761,-1.277364678,-12.197934,-0.036673211,-0.360973597,-0.052919194,-0.000280294,0.013238061,0.000358038
915.975000000,-0.631488,24.868980531,1424.887625,-1.311368783,-12.522649,-0.043467619,-0.418818232,-0.053649316,-0.000548275,0.018205032,0.000718991
915.976000000,-0.678929,24.867637697,1424.810686,-1.342834066,-12.823121,-0.043302588,-0.418818232,-0.055077489,-0.000507340,0.018135913,0.000681273
915.979000000,-0.678929,24.863443143,1424.570356,-1.423757572,-13.595883,-0.042865120,-0.418818232,-0.058752032,-0.000401477,0.017952694,0.000571606
915.982000000,-0.678929,24.860528264,1424.403346,-1.468091332,-14.019240,-0.042625453,-0.418818232,-0.060765123,-0.000343480,0.017852317,0.000504261
915.983000000,-0.678929,24.857534447,1424.231813,-1.506020706,-14.381438,-0.042420407,-0.418818232,-0.062487405,-0.000293862,0.017766440,0.000442562
915.997000000,-0.723690,24.835842855,1422.988976,-1.822250608,-17.401212,-0.053407263,-0.523985906,-0.075365779,-0.000448682,0.027984653,0.000817611
915.999000000,-0.773619,24.832123069,1422.775848,-1.871797025,-17.874345,-0.053139419,-0.523985906,-0.077615564,-0.000383866,0.027844306,0.000718519
916.000000000,-0.773619,24.828315065,1422.557666,-1.914186043,-18.279130,-0.052910264,-0.523985906,-0.079540348,-0.000328413,0.027724233,0.000628644
916.003000000,-0.773619,24.824431587,1422.335159,-1.950451610,-18.625441,-0.052714213,-0.523985906,-0.081187081,-0.000280971,0.027621505,0.000548021
916.014000000,-0.804479,24.801811245,1421.039109,-2.178032333,-20.798677,-0.060879854,-0.601815023,-0.090425063,-0.000403976,0.036638411,0.000879873
916.014000000,-0.804479,24.799610039,1420.912989,-2.201206758,-21.019976,-0.060754574,-0.601815023,-0.091477358,-0.000373660,0.036563015,0.000822502
916.015000000,-0.840188,24.797378202,1420.785114,-2.231837115,-21.312475,-0.064168678,-0.631488135,-0.092450684,-0.000493878,0.040521759,0.001102255
916.018000000,-0.840188,24.792831639,1420.524615,-2.286387219,-21.833390,-0.063876383,-0.631488135,-0.094927371,-0.000422633,0.040337178,0.000966302
916.019000000,-0.840188,24.788187950,1420.258551,-2.333057104,-22.279054,-0.063624086,-0.631488135,-0.097046539,-0.000361580,0.040177856,0.000843586
916.023000000,-0.840188,24.781070434,1419.850748,-2.390731045,-22.829800,-0.063312302,-0.631488135,-0.099665375,-0.000286132,0.039980968,0.000684064
916.025000000,-0.840188,24.776240961,1419.574039,-2.422327583,-23.131525,-0.063141492,-0.631488135,-0.101100099,-0.000244797,0.039873103,0.000592980
916.035000000,-0.872581,24.748087178,1417.960946,-2.656910443,-25.371626,-0.073000536,-0.723690240,-0.110454102,-0.000436163,0.052829776,0.001158846
916.039000000,-0.904232,24.739973634,1417.496075,-2.726508841,-26.036242,-0.072628214,-0.723690240,-0.113613941,-0.000345291,0.052560329,0.000941439
916.041000000,-0.904232,24.734462679,1417.180320,-2.764638171,-26.400350,-0.072422087,-0.723690240,-0.115345303,-0.000295411,0.052411158,0.000816704
916.042000000,-0.904232,24.728883835,1416.860676,-2.797259397,-26.711860,-0.072245737,-0.723690240,-0.116826556,-0.000252736,0.052283535,0.000706969
916.044000000,-0.926922,24.723246909,1416.537704,-2.825168211,-26.978369,-0.072094863,-0.723690240,-0.118093829,-0.000216226,0.052174349,0.000610876
916.057000000,-0.926922,24.687859457,1414.510152,-3.063986483,-29.258916,-0.080557096,-0.804479317,-0.127800401,-0.000340531,0.064806517,0.001043383
916.059000000,-0.954449,24.678556042,1413.977106,-3.118303086,-29.777601,-0.080263461,-0.804479317,-0.130266789,-0.000269475,0.064570294,0.000840305
916.061000000,-0.954449,24.672274220,1413.617184,-3.148060314,-30.061762,-0.080102594,-0.804479317,-0.131617993,-0.000230547,0.064440880,0.000725776
916.063000000,-0.954449,24.665939416,1413.254226,-3.173518859,-30.304873,-0.079964965,-0.804479317,-0.132774005,-0.000197243,0.064330161,0.000625953
916.077000000,-0.966645,24.619817729,1410.611648,-3.395667153,-32.426233,-0.086985660,-0.872581274,-0.141902282,-0.000274772,0.075902058,0.000933034
916.079000000,-0.984319,24.612980290,1410.219892,-3.426009291,-32.715979,-0.086821631,-0.872581274,-0.143280046,-0.000235079,0.075758930,0.000805382
916.081000000,-0.984319,24.606088827,1409.825040,-3.451968250,-32.963869,-0.086681298,-0.872581274,-0.144458781,-0.000201120,0.075636477,0.000694259
916.083000000,-0.984319,24.599151145,1409.427540,-3.474177219,-33.175949,-0.086561236,-0.872581274,-0.145467237,-0.000172066,0.075531714,0.000597789
916.096000000,-0.990268,24.552854812,1406.774956,-3.642375432,-34.782123,-0.092212268,-0.926922104,-0.152339541,-0.000245783,0.085473589,0.000895235
916.099000000,-0.998322,24.541847241,1406.144268,-3.681579221,-35.156492,-0.092000334,-0.926922104,-0.154119691,-0.000194498,0.085277143,0.000716058
916.101000000,-0.998322,24.534451448,1405.720521,-3.703056928,-35.361589,-0.091884226,-0.926922104,-0.155094943,-0.000166401,0.085169520,0.000616191
916.104000000,-0.998322,24.527017413,1405.294582,-3.721431999,-35.537058,-0.091784891,-0.926922104,-0.155929311,-0.000142363,0.085077444,0.000529793
916.113000000,-0.999971,24.493105822,1403.351591,-3.813062116,-36.412061,-0.094612714,-0.954448866,-0.159702410,-0.000171296,0.090302998,0.000653161
916.114000000,-0.998806,24.485450955,1402.912999,-3.831977716,-36.592692,-0.094510457,-0.954448866,-0.160561323,-0.000146551,0.090205399,0.000561578
916.117000000,-0.998806,24.473885486,1402.250347,-3.865866844,-36.916309,-0.095799612,-0.966644818,-0.161928415,-0.000168145,0.092604199,0.000650027
916.119000000,-0.998806,24.466125539,1401.805734,-3.884434555,-37.093618,-0.095699235,-0.966644818,-0.162771531,-0.000143855,0.092507170,0.000558796
916.122000000,-0.998806,24.458332532,1401.359228,-3.900320004,-37.245312,-0.095613359,-0.966644818,-0.163492851,-0.000123074,0.092424158,0.000480029
916.124000000,-0.998806,24.450511241,1400.911101,-3.913910665,-37.375094,-0.095539888,-0.966644818,-0.164109971,-0.000105295,0.092353138,0.000412115
916.136000000,-0.993048,24.399002554,1397.959871,-4.007173611,-38.265689,-0.097887633,-0.990268069,-0.168012178,-0.000110991,0.096934997,0.000444759
916.139000000,-0.981360,24.390969583,1397.499615,-4.019429929,-38.382728,-0.097821375,-0.990268069,-0.168568709,-0.000094957,0.096869384,0.000381673
916.141000000,-0.981360,24.382914790,1397.038110,-4.029915717,-38.482860,-0.097764689,-0.990268069,-0.169044843,-0.000081240,0.096813250,0.000327389
916.142000000,-0.981360,24.374841327,1396.575534,-4.038886745,-38.568527,-0.097716192,-0.990268069,-0.169452196,-0.000069504,0.096765225,0.000280719
916.144000000,-0.970464,24.366751891,1396.112044,-4.046561832,-38.641819,-0.097674701,-0.990268069,-0.169800704,-0.000059464,0.096724137,0.000240623
916.159000000,-0.970464,24.309681192,1392.842134,-4.098821099,-39.140858,-0.098563518,-0.999970513,-0.172037052,-0.000043547,0.098560611,0.000178493
916.161000000,-0.945519,24.301476243,1392.372025,-4.103629898,-39.186779,-0.098537521,-0.999970513,-0.172255408,-0.000037257,0.098534616,0.000152888
916.164000000,-0.945519,24.289153159,1391.665964,-4.109572540,-39.243527,-0.098505396,-0.999970513,-0.172525249,-0.000029483,0.098502491,0.000121161
916.177000000,-0.932576,24.235642731,1388.600042,-4.117432764,-39.318587,-0.097627173,-0.993047928,-0.172979641,0.000018222,0.096948462,-0.000075026
916.179000000,-0.902736,24.227410923,1388.128394,-4.115420612,-39.299372,-0.097638050,-0.993047928,-0.172888274,0.000015589,0.096959264,-0.000064157
916.180000000,-0.902736,24.219182698,1387.656952,-4.113699133,-39.282933,-0.097647357,-0.993047928,-0.172810105,0.000013337,0.096968505,-0.000054866
916.182000000,-0.902736,24.210957537,1387.185685,-4.112226336,-39.268869,-0.097655319,-0.993047928,-0.172743229,0.000011411,0.096976412,-0.000046923
916.198000000,-0.879980,24.149538453,1383.666631,-4.068997870,-38.856067,-0.095162607,-0.970464383,-0.171098328,0.000076940,0.092351921,-0.000313070
916.198000000,-0.879980,24.145473869,1383.433747,-4.064584132,-38.813919,-0.095186468,-0.970464383,-0.170897911,0.000071166,0.092375077,-0.000289261
916.199000000,-0.838290,24.141413367,1383.201097,-4.060501623,-38.774934,-0.095208538,-0.970464383,-0.170712534,0.000065826,0.092396495,-0.000267285
916.202000000,-0.838290,24.133303409,1382.736431,-4.053232731,-38.705521,-0.095247833,-0.970464383,-0.170382470,0.000056316,0.092434630,-0.000228264
916.204000000,-0.838290,24.125206393,1382.272506,-4.047013892,-38.646136,-0.095281452,-0.970464383,-0.170100088,0.000048181,0.092467256,-0.000194990
916.216000000,-0.813507,24.076999202,1379.510438,-3.977244464,-37.979887,-0.091085680,-0.932576036,-0.167465400,0.000161673,0.084944322,-0.000643013
916.217000000,-0.771403,24.069071850,1379.056234,-3.959385865,-37.809350,-0.091181088,-0.932576036,-0.166654616,0.000138361,0.085033298,-0.000547826
916.220000000,-0.771403,24.061176294,1378.603852,-3.944107090,-37.663448,-0.091263685,-0.932576036,-0.165960843,0.000118374,0.085110325,-0.000466879
916.223000000,-0.771403,24.049382716,1377.928130,-3.925225810,-37.483145,-0.091365757,-0.932576036,-0.165103489,0.000093674,0.085205515,-0.000367690
916.225000000,-0.771403,24.041547982,1377.479232,-3.914881743,-37.384367,-0.091421677,-0.932576036,-0.164633790,0.000080142,0.085257665,-0.000313745
916.235000000,-0.734204,23.999066266,1375.045209,-3.817393136,-36.453419,-0.088346193,-0.902735506,-0.160627251,0.000113918,0.079753246,-0.000434871
916.238000000,-0.685564,23.991471225,1374.610045,-3.791234945,-36.203627,-0.085740491,-0.879980407,-0.159759886,0.000202706,0.075449952,-0.000768507
916.240000000,-0.685564,23.983922767,1374.177551,-3.768850780,-35.989874,-0.085861498,-0.879980407,-0.158743474,0.000173424,0.075556436,-0.000653608
916.242000000,-0.685564,23.976414165,1373.747340,-3.749700197,-35.806999,-0.085965026,-0.879980407,-0.157873892,0.000148371,0.075647538,-0.000556347
916.243000000,-0.685564,23.968939660,1373.319082,-3.733316078,-35.650542,-0.086053598,-0.879980407,-0.157129928,0.000126938,0.075725480,-0.000473898
916.258000000,-0.643322,23.917880844,1370.393627,-3.548084667,-33.881713,-0.079029933,-0.813506961,-0.149655028,0.000243958,0.064291401,-0.000865583
916.261000000,-0.578712,23.907316437,1369.788331,-3.509172076,-33.510125,-0.079240294,-0.813506961,-0.147888100,0.000193053,0.064462531,-0.000677456
916.262000000,-0.578712,23.900330486,1369.388066,-3.487853900,-33.306551,-0.079355540,-0.813506961,-0.146920092,0.000165165,0.064556284,-0.000576071
916.264000000,-0.578712,23.893382492,1368.989975,-3.469615316,-33.132386,-0.079454137,-0.813506961,-0.146091922,0.000141305,0.064636494,-0.000490275
916.277000000,-0.542295,23.852946263,1366.673150,-3.281541745,-31.336415,-0.070896997,-0.734204025,-0.138668619,0.000323960,0.052052860,-0.001063088
916.279000000,-0.477465,23.843207669,1366.115169,-3.229868356,-30.842971,-0.071176340,-0.734204025,-0.136322253,0.000256362,0.052257955,-0.000828014
916.281000000,-0.477465,23.836790948,1365.747518,-3.201559206,-30.572638,-0.071329379,-0.734204025,-0.135036802,0.000219328,0.052370317,-0.000702192
916.283000000,-0.477465,23.830424631,1365.382755,-3.177339552,-30.341358,-0.071460310,-0.734204025,-0.133937045,0.000187644,0.052466447,-0.000596210
916.296000000,-0.432715,23.790679352,1363.105519,-2.944948078,-28.122183,-0.061744893,-0.643322253,-0.124664414,0.000374915,0.039721864,-0.001104105
916.299000000,-0.363576,23.784852364,1362.771657,-2.903547492,-27.726836,-0.061968702,-0.643322253,-0.122784513,0.000320755,0.039865845,-0.000931328
916.300000000,-0.363576,23.779099090,1362.442018,-2.868127570,-27.388601,-0.062160181,-0.643322253,-0.121176178,0.000274419,0.039989028,-0.000787070
916.304000000,-0.363576,23.770584524,1361.954170,-2.824356164,-26.970615,-0.062396809,-0.643322253,-0.119188623,0.000217158,0.040141255,-0.000613333
916.313000000,-0.316311,23.745899252,1360.539808,-2.654397603,-25.347630,-0.055515509,-0.578711965,-0.112380991,0.000344086,0.032127489,-0.000913342
916.316000000,-0.256121,23.738059963,1360.090650,-2.588229067,-24.715767,-0.051479951,-0.542294904,-0.109888854,0.000454243,0.027917315,-0.001175686
916.317000000,-0.256121,23.732959747,1359.798429,-2.538052727,-24.236618,-0.051748010,-0.542294904,-0.107610839,0.000388746,0.028062682,-0.000986659
916.320000000,-0.256121,23.727948870,1359.511327,-2.495124777,-23.826687,-0.051980077,-0.542294904,-0.105661583,0.000332589,0.028188531,-0.000829850
916.322000000,-0.256121,23.723014427,1359.228604,-2.458398132,-23.475973,-0.052178621,-0.542294904,-0.103993913,0.000284543,0.028296200,-0.000699521
916.324000000,-0.256121,23.718145375,1358.949628,-2.426976961,-23.175923,-0.052348483,-0.542294904,-0.102567153,0.000243439,0.028388316,-0.000590820
916.336000000,-0.201078,23.690484570,1357.364780,-2.175635952,-20.775793,-0.040482122,-0.432715241,-0.092696897,0.000506820,0.017517231,-0.001102655
916.338000000,-0.126718,23.686218368,1357.120345,-2.119650157,-20.241168,-0.040780856,-0.432715241,-0.090155173,0.000433756,0.017646498,-0.000919411
916.340000000,-0.126718,23.682051849,1356.881621,-2.071751976,-19.783774,-0.041039793,-0.432715241,-0.087980231,0.000371096,0.017758544,-0.000768819
916.342000000,-0.126718,23.677970612,1356.647784,-2.030773092,-19.392455,-0.041261324,-0.432715241,-0.086119477,0.000317488,0.017854404,-0.000644746
916.344000000,-0.126718,23.671982206,1356.304673,-1.980132005,-18.908868,-0.041535089,-0.432715241,-0.083819986,0.000251240,0.017972866,-0.000497489
916.354000000,-0.070453,23.655213495,1355.343897,-1.763044639,-16.835836,-0.034361860,-0.363576430,-0.074936114,0.000340995,0.012493163,-0.000601190
916.356000000,-0.007679,23.651759268,1355.145984,-1.710743295,-16.336395,-0.028942664,-0.316311400,-0.073226294,0.000527891,0.009154894,-0.000903087
916.357000000,-0.007679,23.648426389,1354.955024,-1.652429559,-15.779540,-0.029253762,-0.316311400,-0.070578889,0.000451792,0.009253298,-0.000746554
916.360000000,-0.007679,23.643616971,1354.679465,-1.580366314,-15.091387,-0.029643335,-0.316311400,-0.067306669,0.000357520,0.009376525,-0.000565012
916.362000000,-0.007679,23.640516227,1354.501805,-1.540886628,-14.714383,-0.029856761,-0.316311400,-0.065513990,0.000305873,0.009444034,-0.000471316
916.363000000,-0.007679,23.638992887,1354.414524,-1.523339976,-14.546825,-0.029951618,-0.316311400,-0.064717238,0.000282919,0.009474038,-0.000430981
916.377000000,0.055124,23.621520706,1353.413442,-1.186885117,-11.333918,-0.017858898,-0.201077921,-0.051062235,0.000465694,0.003591030,-0.000552725
916.380000000,0.136407,23.618112471,1353.218165,-1.112604422,-10.624590,-0.018260459,-0.201077921,-0.047689326,0.000368521,0.003671775,-0.000410018
916.381000000,0.136407,23.615949097,1353.094212,-1.071909911,-10.235986,-0.018480452,-0.201077921,-0.045841485,0.000315285,0.003716011,-0.000337957
916.383000000,0.136407,23.613858180,1352.974412,-1.037094066,-9.903519,-0.018668666,-0.201077921,-0.044260580,0.000269739,0.003753857,-0.000279745
916.398000000,0.179832,23.602021355,1352.296212,-0.664805002,-6.348420,-0.004911517,-0.070452888,-0.029195160,0.000488839,0.000346031,-0.000324983
916.400000000,0.259493,23.600773769,1352.224730,-0.610824150,-5.832941,-0.005203336,-0.070452888,-0.026744018,0.000418222,0.000366590,-0.000255460
916.401000000,0.259493,23.599622295,1352.158756,-0.564641288,-5.391927,-0.005453000,-0.070452888,-0.024646965,0.000357806,0.000384180,-0.000202032
916.404000000,0.259493,23.598553050,1352.097492,-0.525129931,-5.014621,-0.005666598,-0.070452888,-0.022852848,0.000306118,0.000399228,-0.000160752
916.413000000,0.295708,23.594801257,1351.882530,-0.267539830,-2.554817,0.000519222,-0.007679373,-0.012040213,0.000308479,-0.000003987,-0.000082530
916.416000000,0.360974,23.594337399,1351.855953,-0.214013980,-2.043683,0.007806360,0.055124448,-0.010493434,0.000577711,0.000430321,-0.000123638
916.417000000,0.360974,23.594006348,1351.836986,-0.150192110,-1.434229,0.007466848,0.055124448,-0.007596078,0.000494467,0.000411606,-0.000074265
916.419000000,0.360974,23.593788932,1351.824529,-0.095589838,-0.912816,0.007171669,0.055124448,-0.005116718,0.000423037,0.000395334,-0.000040438
916.423000000,0.360974,23.593640621,1351.816031,-0.028113173,-0.268461,0.006806891,0.055124448,-0.002052764,0.000334765,0.000375226,-0.000009411
916.425000000,0.360974,23.593640566,1351.816028,0.008853765,0.084547,0.006607049,0.055124448,-0.000374183,0.000286405,0.000364210,0.000002536
916.435000000,0.418818,23.595370304,1351.915134,0.304344704,2.906278,0.020061223,0.179832439,0.011287779,0.000573815,0.003607659,0.000174637
916.438000000,0.480530,23.596075304,1351.955528,0.367727943,3.511543,0.019722383,0.179832439,0.014165417,0.000491068,0.003546724,0.000180580
916.440000000,0.480530,23.596893158,1352.002388,0.421954944,4.029373,0.019429232,0.179832439,0.016627736,0.000420129,0.003494006,0.000177276
916.442000000,0.480530,23.597807562,1352.054779,0.468348396,4.472398,0.019178430,0.179832439,0.018734352,0.000359438,0.003448904,0.000168342
916.443000000,0.480530,23.598804570,1352.111903,0.508039923,4.851424,0.018963858,0.179832439,0.020536650,0.000307514,0.003410317,0.000156229
916.454000000,0.529327,23.605124810,1352.474026,0.758392581,7.242116,0.027227535,0.259493325,0.030782857,0.000410631,0.007065364,0.000311420
916.456000000,0.581555,23.606743328,1352.566761,0.825347516,7.881488,0.031237607,0.295708050,0.033313180,0.000518809,0.009237212,0.000428197
916.459000000,0.581555,23.609389176,1352.718357,0.908100324,8.671719,0.030790249,0.295708050,0.037070787,0.000410553,0.009104924,0.000372823
916.461000000,0.581555,23.611274264,1352.826364,0.953436262,9.104646,0.030545164,0.295708050,0.039129385,0.000351245,0.009032451,0.000334890
916.462000000,0.581555,23.613240073,1352.938997,0.992223042,9.475032,0.030335483,0.295708050,0.040890600,0.000300505,0.008970447,0.000298168
916.464000000,0.581555,23.615274941,1353.055586,1.025406743,9.791913,0.030156092,0.295708050,0.042397393,0.000257094,0.008917399,0.000263626
916.477000000,0.631488,23.631106241,1353.962653,1.372380073,13.105264,0.043142866,0.418818232,0.056419102,0.000468688,0.018069019,0.000643219
916.479000000,0.692647,23.633929643,1354.124422,1.424135747,13.599495,0.042863076,0.418818232,0.058769204,0.000400982,0.017951838,0.000571053
916.481000000,0.692647,23.636845196,1354.291471,1.468414876,14.022329,0.042623704,0.418818232,0.060779814,0.000343057,0.017851584,0.000503750
916.483000000,0.692647,23.639839589,1354.463037,1.506297511,14.384082,0.042418911,0.418818232,0.062499974,0.000293500,0.017765813,0.000442098
916.497000000,0.719340,23.661614523,1355.710649,1.825281782,17.430157,0.054035691,0.529327086,0.075428208,0.000473589,0.028602555,0.000864434
916.499000000,0.773619,23.667245373,1356.033273,1.900821883,18.151512,0.053627326,0.529327086,0.078858304,0.000374769,0.028386396,0.000712369
916.502000000,0.773619,23.671109900,1356.254694,1.942206357,18.546705,0.053403602,0.529327086,0.080737474,0.000320630,0.028267973,0.000622731
916.504000000,0.773619,23.675048112,1356.480337,1.977612494,18.884808,0.053212197,0.529327086,0.082345183,0.000274313,0.028166657,0.000542484
916.515000000,0.804479,23.700581846,1357.943312,2.244860941,21.436843,0.064096495,0.631488135,0.093042272,0.000476761,0.040476176,0.001070261
916.517000000,0.843579,23.705151597,1358.205139,2.297529640,21.939792,0.063816147,0.631488135,0.095433322,0.000408056,0.040299140,0.000937521
916.520000000,0.843579,23.709815126,1358.472340,2.342589908,22.370086,0.063572552,0.631488135,0.097479401,0.000349109,0.040145312,0.000817819
916.523000000,0.843579,23.716957158,1358.881548,2.398274709,22.901836,0.063271521,0.631488135,0.100007915,0.000276263,0.039955215,0.000662555
916.525000000,0.872581,23.721800062,1359.159026,2.428781501,23.193155,0.063106602,0.631488135,0.101393156,0.000236355,0.039851070,0.000574053
916.536000000,0.872581,23.749805199,1360.763602,2.658445627,25.386286,0.072468614,0.719339800,0.110584885,0.000410708,0.052129558,0.001091846
916.539000000,0.906897,23.757914994,1361.228259,2.723972559,26.012022,0.072116717,0.719339800,0.113560034,0.000325092,0.051876425,0.000885541
916.541000000,0.906897,23.763417487,1361.543529,2.759871343,26.354830,0.071922649,0.719339800,0.115190112,0.000278130,0.051736824,0.000767602
916.542000000,0.906897,23.768983898,1361.862461,2.790584245,26.648117,0.071756615,0.719339800,0.116584712,0.000237951,0.051617389,0.000664023
916.545000000,0.926922,23.774604993,1362.184526,2.816860409,26.899035,0.071614567,0.719339800,0.117777850,0.000203577,0.051515208,0.000573449
916.558000000,0.926922,23.812954143,1364.381770,3.071833068,29.333845,0.080514677,0.804479317,0.128156696,0.000330267,0.064772392,0.001014524
916.561000000,0.954449,23.822277738,1364.915973,3.124512382,29.836895,0.080229894,0.804479317,0.130548738,0.000261352,0.064543290,0.000816598
916.562000000,0.954449,23.828570616,1365.276528,3.153372625,30.112490,0.080073876,0.804479317,0.131859213,0.000223598,0.064417777,0.000705087
916.564000000,0.966645,23.834914879,1365.640028,3.178063762,30.348273,0.079940396,0.804479317,0.132980379,0.000191297,0.064310395,0.000607954
916.578000000,0.966645,23.877761681,1368.094969,3.394462403,32.414728,0.086992173,0.872581274,0.141847577,0.000276348,0.075907741,0.000938053
916.580000000,0.984319,23.884596975,1368.486602,3.424978577,32.706136,0.086827203,0.872581274,0.143233244,0.000236427,0.075763792,0.000809758
916.581000000,0.984319,23.891486602,1368.881349,3.451086432,32.955448,0.086686065,0.872581274,0.144418740,0.000202273,0.075640637,0.000698063
916.584000000,0.984319,23.901906065,1369.478340,3.483350126,33.263543,0.086511648,0.872581274,0.145883757,0.000160066,0.075488444,0.000557567
916.598000000,0.991123,23.948493771,1372.147619,3.664780123,34.996072,0.092091150,0.926922104,0.153356884,0.000216474,0.085361322,0.000793329
916.599000000,0.998666,23.955859654,1372.569653,3.688684602,35.224343,0.091961922,0.926922104,0.154442330,0.000185202,0.085241539,0.000683153
916.601000000,0.998666,23.963268099,1372.994125,3.709135877,35.419639,0.091851363,0.926922104,0.155370973,0.000158448,0.085139059,0.000587707
916.603000000,0.998666,23.970712957,1373.420684,3.726632792,35.586722,0.091756775,0.926922104,0.156165467,0.000135559,0.085051383,0.000505179
916.617000000,0.999903,24.023825873,1376.463830,3.863381376,36.892575,0.095813049,0.966644818,0.161815556,0.000171397,0.092617187,0.000662171
916.619000000,0.997263,24.031581394,1376.908189,3.882308134,37.073312,0.095710731,0.966644818,0.162674975,0.000146637,0.092518282,0.000569290
916.622000000,0.997263,24.039370615,1377.354478,3.898500762,37.227940,0.095623194,0.966644818,0.163410244,0.000125454,0.092433665,0.000489083
916.624000000,0.997263,24.047188667,1377.802420,3.912354227,37.360231,0.095548302,0.966644818,0.164039297,0.000107331,0.092361271,0.000419918
916.634000000,0.993048,24.086686653,1380.065488,3.984089897,38.045256,0.097294220,0.984318997,0.167047771,0.000109029,0.095768549,0.000434383
916.635000000,0.983697,24.094675235,1380.523200,3.998238041,38.180361,0.098038549,0.991122966,0.167594467,0.000127275,0.097168258,0.000508874
916.638000000,0.983697,24.102693071,1380.982588,4.012295495,38.314600,0.097963152,0.991122966,0.168232713,0.000108912,0.097093529,0.000436985
916.640000000,0.983697,24.110735937,1381.443410,4.024322232,38.429447,0.097898135,0.991122966,0.168778818,0.000093178,0.097029090,0.000374980
916.641000000,0.983697,24.118800216,1381.905459,4.034611605,38.527703,0.097842511,0.991122966,0.169246034,0.000079718,0.096973960,0.000321631
916.644000000,0.983697,24.130930142,1382.600453,4.047327057,38.649126,0.097773772,0.991122966,0.169823413,0.000063084,0.096905830,0.000255321
916.659000000,0.970464,24.187999639,1385.870294,4.098975017,39.142328,0.098554478,0.999902524,0.172044998,0.000042979,0.098544871,0.000176168
916.660000000,0.970464,24.192101080,1386.105289,4.101440519,39.165872,0.098541149,0.999902524,0.172156951,0.000039753,0.098531544,0.000163046
916.661000000,0.945519,24.196204801,1386.340415,4.103720996,39.187649,0.098528821,0.999902524,0.172260502,0.000036770,0.098519217,0.000150894
916.662000000,0.945519,24.204418413,1386.811021,4.107781379,39.226423,0.098506871,0.999902524,0.172444874,0.000031458,0.098497269,0.000129224
916.678000000,0.932576,24.270261697,1390.583563,4.113975761,39.285575,0.097645861,0.993047928,0.172822666,-0.000013699,0.096967020,-0.000056358
916.680000000,0.932576,24.274374887,1390.819231,4.113189894,39.278070,0.097650110,0.993047928,0.172786982,-0.000012671,0.096971239,-0.000052119
916.683000000,0.894467,24.286710310,1391.525999,4.111168775,39.258770,0.097661036,0.993047928,0.172695208,-0.000010027,0.096982089,-0.000041223
916.683000000,0.894467,24.290820903,1391.761519,4.110593559,39.253277,0.097664145,0.993047928,0.172669089,-0.000009275,0.096985177,-0.000038124
916.697000000,0.879980,24.344035976,1394.810518,4.074692879,38.910451,0.095131821,0.970464383,0.171356925,-0.000084390,0.092322044,-0.000343865
916.700000000,0.841699,24.356232434,1395.509323,4.061232160,38.781910,0.095204588,0.970464383,0.170745705,-0.000066781,0.092392662,-0.000271214
916.702000000,0.841699,24.364343693,1395.974064,4.053857735,38.711490,0.095244454,0.970464383,0.170410850,-0.000057134,0.092431351,-0.000231614
916.703000000,0.841699,24.372441822,1396.438053,4.047548609,38.651242,0.095278561,0.970464383,0.170124368,-0.000048881,0.092464450,-0.000197847
916.714000000,0.813507,24.412688066,1398.743993,3.994021016,38.140091,0.092556342,0.945518576,0.168045071,-0.000113707,0.087513741,-0.000454147
916.715000000,0.775386,24.420653018,1399.200351,3.977454151,37.981889,0.091084546,0.932576036,0.167474922,-0.000161947,0.084943265,-0.000644138
916.718000000,0.775386,24.428580745,1399.654576,3.959565261,37.811063,0.091180118,0.932576036,0.166662762,-0.000138596,0.085032393,-0.000548780
916.719000000,0.775386,24.436476620,1400.106976,3.944260570,37.664914,0.091262855,0.932576036,0.165967813,-0.000118575,0.085109552,-0.000467689
916.722000000,0.775386,24.444345245,1400.557815,3.931166772,37.539877,0.091333640,0.932576036,0.165373254,-0.000101446,0.085175564,-0.000398799
916.724000000,0.775386,24.452190557,1401.007319,3.919964483,37.432903,0.091394199,0.932576036,0.164864585,-0.000086791,0.085232040,-0.000340217
916.736000000,0.738455,24.498707242,1403.672528,3.816290942,36.442894,0.085606308,0.879980407,0.160897471,-0.000235427,0.075331873,-0.000898459
916.738000000,0.685564,24.506300311,1404.107579,3.790287229,36.194577,0.085745613,0.879980407,0.159716853,-0.000201466,0.075454459,-0.000763616
916.739000000,0.685564,24.513847081,1404.539977,3.768039970,35.982131,0.085865881,0.879980407,0.158706658,-0.000172363,0.075560293,-0.000649470
916.742000000,0.685564,24.521354240,1404.970106,3.749006516,35.800375,0.085968776,0.879980407,0.157842394,-0.000147464,0.075650838,-0.000552842
916.743000000,0.685564,24.528827510,1405.398293,3.732722604,35.644875,0.086056806,0.879980407,0.157102980,-0.000126161,0.075728303,-0.000470925
916.757000000,0.648120,24.576391045,1408.123483,3.574646945,34.135364,0.078886340,0.813506961,0.150861158,-0.000278706,0.064174587,-0.000996276
916.759000000,0.583825,24.583493574,1408.530427,3.543870372,33.841469,0.079052716,0.813506961,0.149463667,-0.000238445,0.064309935,-0.000845017
916.760000000,0.583825,24.590541306,1408.934233,3.517539735,33.590030,0.079195059,0.813506961,0.148268056,-0.000203999,0.064425732,-0.000717576
916.762000000,0.583825,24.597542156,1409.335352,3.495012780,33.374914,0.079316839,0.813506961,0.147245160,-0.000174530,0.064524801,-0.000609984
916.776000000,0.547563,24.644953690,1412.051833,3.288571932,31.403549,0.071372233,0.738455341,0.138927980,-0.000310175,0.052705206,-0.001020034
916.777000000,0.547563,24.648224469,1412.239235,3.270778468,31.233634,0.071468421,0.738455341,0.138120021,-0.000286898,0.052776238,-0.000938381
916.778000000,0.477465,24.651478789,1412.425693,3.254320316,31.076470,0.071557394,0.738455341,0.137372696,-0.000265368,0.052841940,-0.000863592
916.781000000,0.477465,24.661154895,1412.980093,3.211992686,30.672271,0.071786216,0.738455341,0.135450699,-0.000209996,0.053010915,-0.000674504
916.783000000,0.477465,24.667543645,1413.346142,3.188803590,30.450831,0.071911576,0.738455341,0.134397737,-0.000179660,0.053103488,-0.000572900
916.796000000,0.432715,24.707405201,1415.630041,2.953045512,28.199507,0.062280316,0.648119901,0.124964544,-0.000359573,0.040365112,-0.001061835
916.799000000,0.363576,24.713250959,1415.964978,2.913339070,27.820339,0.062494966,0.648119901,0.123161569,-0.000307630,0.040504231,-0.000896230
916.800000000,0.363576,24.719026019,1416.295865,2.879368560,27.495944,0.062678610,0.648119901,0.121619049,-0.000263190,0.040623254,-0.000757821
916.803000000,0.363576,24.724740595,1416.623286,2.850305377,27.218411,0.062835725,0.648119901,0.120299359,-0.000225170,0.040725084,-0.000641803
916.814000000,0.322266,24.754940844,1418.353632,2.639370444,25.204131,0.056213976,0.583824646,0.111626652,-0.000296790,0.032819104,-0.000783340
916.814000000,0.322266,24.757551952,1418.503238,2.611108182,24.934246,0.051992272,0.547563223,0.110853559,-0.000455695,0.028469056,-0.001189869
916.815000000,0.256121,24.760136911,1418.651345,2.584958703,24.684537,0.052130458,0.547563223,0.109666544,-0.000421629,0.028544722,-0.001089893
916.818000000,0.256121,24.765236082,1418.943506,2.538399637,24.239931,0.052382153,0.547563223,0.107552408,-0.000360721,0.028682541,-0.000915654
916.819000000,0.256121,24.770252355,1419.230917,2.498566420,23.859552,0.052597491,0.547563223,0.105743676,-0.000308612,0.028800452,-0.000771087
916.822000000,0.256121,24.775197705,1419.514265,2.464487449,23.534122,0.052781721,0.547563223,0.104196231,-0.000264030,0.028901329,-0.000650699
916.825000000,0.256121,24.782504751,1419.932928,2.422373170,23.131960,0.053009390,0.547563223,0.102283922,-0.000208937,0.029025993,-0.000506124
916.834000000,0.194919,24.805537824,1421.252626,2.201400108,21.021823,0.045741402,0.477465496,0.093237112,-0.000298792,0.021839941,-0.000657761
916.837000000,0.126718,24.809849918,1421.499691,2.141701787,20.451746,0.040661648,0.432715241,0.091156485,-0.000462603,0.017594915,-0.000990758
916.840000000,0.126718,24.816123615,1421.859147,2.067914024,19.747124,0.041060541,0.432715241,0.087805959,-0.000366075,0.017767522,-0.000757012
916.842000000,0.126718,24.820198018,1422.092593,2.027489565,19.361099,0.041279075,0.432715241,0.085970380,-0.000313193,0.017862085,-0.000634995
916.843000000,0.126718,24.824200446,1422.321915,1.992904760,19.030839,0.041466040,0.432715241,0.084399966,-0.000267949,0.017942987,-0.000533998
916.856000000,0.070453,24.848031686,1423.687345,1.672023229,15.966646,0.029866672,0.322265695,0.071384748,-0.000445237,0.009625004,-0.000744446
916.859000000,-0.004887,24.851301025,1423.874664,1.622857259,15.497145,0.030132463,0.322265695,0.069152238,-0.000380918,0.009710659,-0.000618176
916.861000000,-0.004887,24.854482824,1424.056968,1.580793728,15.095468,0.030359858,0.322265695,0.067242234,-0.000325892,0.009783941,-0.000515167
916.863000000,-0.004887,24.859118542,1424.322575,1.528812251,14.599082,0.030640869,0.322265695,0.064881878,-0.000257890,0.009874501,-0.000394266
916.878000000,-0.055124,24.877862139,1425.396504,1.170875333,11.181036,0.017201927,0.194919140,0.050421991,-0.000478043,0.003352985,-0.000559728
916.879000000,-0.055124,24.879005591,1425.462019,1.143452024,10.919163,0.017350177,0.194919140,0.049176764,-0.000442168,0.003381881,-0.000505598
916.880000000,-0.136407,24.880123678,1425.526081,1.118086700,10.676942,0.017487301,0.194919140,0.048024985,-0.000408985,0.003408610,-0.000457281
916.882000000,-0.136407,24.883344078,1425.710596,1.052851303,10.053989,0.017839963,0.194919140,0.045062801,-0.000323645,0.003477350,-0.000340750
916.885000000,-0.179832,24.885395475,1425.828132,1.017112238,9.712706,0.018033167,0.194919140,0.043439975,-0.000276892,0.003515009,-0.000281630
916.897000000,-0.179832,24.895496620,1426.406885,0.692544731,6.613315,0.004761560,0.070452888,0.030454755,-0.000525128,0.000335466,-0.000363674
916.900000000,-0.259493,24.897402381,1426.516077,0.608783974,5.813459,0.005214365,0.070452888,0.026651379,-0.000415553,0.000367367,-0.000252982
916.902000000,-0.259493,24.898550222,1426.581844,0.562895833,5.375259,0.005462436,0.070452888,0.024567708,-0.000355523,0.000384844,-0.000200122
916.904000000,-0.259493,24.899616360,1426.642929,0.523636621,5.000361,0.005674671,0.070452888,0.022785040,-0.000304165,0.000399797,-0.000159272
916.917000000,-0.301704,24.904147027,1426.902517,0.176868231,1.688967,-0.007611056,-0.055124448,0.008807376,-0.000529364,0.000419555,-0.000093628
916.919000000,-0.372664,24.904411940,1426.917695,0.118412368,1.130755,-0.007295047,-0.055124448,0.006153035,-0.000452893,0.000402135,-0.000053628
916.921000000,-0.372664,24.904572772,1426.926910,0.068400948,0.653181,-0.007024686,-0.055124448,0.003882136,-0.000387469,0.000387232,-0.000026503
916.924000000,-0.372664,24.904651158,1426.931402,0.006597590,0.063002,-0.006690579,-0.055124448,0.001075792,-0.000306618,0.000368814,-0.000002023
916.933000000,-0.418818,24.903824592,1426.884043,-0.201655835,-1.925671,-0.015377645,-0.136407212,-0.007235952,-0.000473577,0.002097622,0.000095499
916.934000000,-0.469472,24.903341818,1426.856382,-0.253951285,-2.425056,-0.015094936,-0.136407212,-0.009610563,-0.000405164,0.002059058,0.000102892
916.937000000,-0.469472,24.902726562,1426.821130,-0.324605231,-3.099752,-0.019955500,-0.179832439,-0.012207317,-0.000547481,0.003588646,0.000177715
916.940000000,-0.469472,24.901573557,1426.755068,-0.411931391,-3.933655,-0.019483419,-0.179832439,-0.016172590,-0.000433242,0.003503751,0.000178466
916.942000000,-0.469472,24.900677000,1426.703699,-0.459772830,-4.390507,-0.019224789,-0.179832439,-0.018344956,-0.000370656,0.003457241,0.000170418
916.943000000,-0.469472,24.899695261,1426.647450,-0.500703170,-4.781363,-0.019003521,-0.179832439,-0.020203505,-0.000317112,0.003417449,0.000158779
916.957000000,-0.529327,24.891009992,1426.149820,-0.834309645,-7.967070,-0.031909365,-0.301704364,-0.033636126,-0.000539333,0.009627195,0.000449971
916.958000000,-0.529327,24.890144734,1426.100245,-0.865258436,-8.262609,-0.031745755,-0.301704364,-0.035041005,-0.000499012,0.009577833,0.000431774
916.958000000,-0.591732,24.889250849,1426.049029,-0.893884679,-8.535970,-0.031591005,-0.301704364,-0.036340854,-0.000461564,0.009531144,0.000412585
916.962000000,-0.591732,24.886418126,1425.886726,-0.967506616,-9.239008,-0.031193006,-0.301704364,-0.039683851,-0.000365253,0.009411066,0.000353384
916.963000000,-0.591732,24.884421826,1425.772346,-1.007840229,-9.624165,-0.030974963,-0.301704364,-0.041515305,-0.000312489,0.009345282,0.000314939
916.977000000,-0.631488,24.869074416,1424.893004,-1.346423746,-12.857400,-0.043283183,-0.418818232,-0.055240488,-0.000502644,0.018127786,0.000676772
916.978000000,-0.688101,24.866297229,1424.733883,-1.401929031,-13.387436,-0.042983125,-0.418818232,-0.057760850,-0.000430033,0.018002116,0.000602876
916.981000000,-0.688101,24.863421214,1424.569100,-1.449416108,-13.840904,-0.042726411,-0.418818232,-0.059917125,-0.000367911,0.017894600,0.000533256
916.983000000,-0.688101,24.858952550,1424.313064,-1.508099922,-14.401293,-0.042409167,-0.418818232,-0.062581818,-0.000291142,0.017761732,0.000439071
916.996000000,-0.723690,24.837071016,1423.059345,-1.819033479,-17.370490,-0.054069469,-0.529327086,-0.075144487,-0.000481763,0.028620434,0.000876343
916.999000000,-0.773619,24.833352113,1422.846267,-1.872232979,-17.878508,-0.053781877,-0.529327086,-0.077560150,-0.000412169,0.028468204,0.000771676
917.001000000,-0.773619,24.829538488,1422.627763,-1.917747361,-18.313138,-0.053535827,-0.529327086,-0.079626849,-0.000352627,0.028337963,0.000676250
917.003000000,-0.773619,24.825643826,1422.404615,-1.956686807,-18.684983,-0.053325321,-0.529327086,-0.081394997,-0.000301687,0.028226537,0.000590308
917.005000000,-0.804479,24.821679831,1422.177495,-1.990001121,-19.003111,-0.053145225,-0.529327086,-0.082907721,-0.000258106,0.028131207,0.000513631
917.016000000,-0.804479,24.798290578,1420.837389,-2.246049843,-21.448196,-0.064090960,-0.631488135,-0.093096153,-0.000475245,0.040472681,0.001067424
917.019000000,-0.843579,24.791396831,1420.442407,-2.321878944,-22.172311,-0.063684515,-0.631488135,-0.096538965,-0.000376203,0.040216016,0.000873497
917.020000000,-0.843579,24.786689949,1420.172722,-2.363421750,-22.569015,-0.063459936,-0.631488135,-0.098425325,-0.000321857,0.040074196,0.000760684
917.023000000,-0.843579,24.781909100,1419.898800,-2.398963346,-22.908412,-0.063267798,-0.631488135,-0.100039185,-0.000275362,0.039952864,0.000660584
917.025000000,-0.872581,24.777064970,1419.621252,-2.429370659,-23.198781,-0.063103417,-0.631488135,-0.101419908,-0.000235584,0.039849059,0.000572320
917.036000000,-0.872581,24.748977671,1418.011968,-2.662138796,-25.421553,-0.072973076,-0.723690240,-0.110691415,-0.000429359,0.052809903,0.001143014
917.038000000,-0.904232,24.743581327,1417.702780,-2.709566917,-25.874458,-0.072719802,-0.723690240,-0.112844649,-0.000367454,0.052626611,0.000995642
917.040000000,-0.904232,24.738100537,1417.388754,-2.750143650,-26.261937,-0.072500444,-0.723690240,-0.114687142,-0.000314372,0.052467864,0.000864569
917.042000000,-0.904232,24.729747213,1416.910144,-2.800287766,-26.740778,-0.072229366,-0.723690240,-0.116964067,-0.000248775,0.052271687,0.000696641
917.044000000,-0.904232,24.724104895,1416.586863,-2.827759107,-27.003110,-0.072080856,-0.723690240,-0.118211475,-0.000212837,0.052164212,0.000601852
917.053000000,-0.926922,24.700824859,1415.253015,-2.980401276,-28.460736,-0.077283345,-0.773619071,-0.124439541,-0.000283054,0.059787870,0.000843615
917.055000000,-0.948655,24.694816562,1414.908765,-3.011658002,-28.759215,-0.077114372,-0.773619071,-0.125858834,-0.000242165,0.059657149,0.000729317
917.058000000,-0.948655,24.685647747,1414.383430,-3.076887653,-29.382113,-0.080487352,-0.804479317,-0.128386212,-0.000323654,0.064750410,0.000995848
917.059000000,-0.948655,24.679439665,1414.027734,-3.112627690,-29.723405,-0.080294142,-0.804479317,-0.130009082,-0.000276900,0.064594977,0.000861885
917.062000000,-0.948655,24.673167948,1413.668391,-3.143204777,-30.015395,-0.080128843,-0.804479317,-0.131397515,-0.000236899,0.064461997,0.000744622
917.062000000,-0.948655,24.670011153,1413.487520,-3.156794690,-30.145169,-0.080055376,-0.804479317,-0.132014601,-0.000219121,0.064402894,0.000691720
917.078000000,-0.966645,24.620889205,1410.673039,-3.390383527,-32.375778,-0.087014224,-0.872581274,-0.141662365,-0.000281684,0.075926982,0.000955017
917.079000000,-0.966645,24.617482663,1410.477859,-3.406542556,-32.530085,-0.086926868,-0.872581274,-0.142396108,-0.000260545,0.075850757,0.000887557
917.080000000,-0.984319,24.610625860,1410.084993,-3.435313650,-32.804829,-0.086771332,-0.872581274,-0.143702535,-0.000222907,0.075715039,0.000765756
917.082000000,-0.984319,24.603717831,1409.689192,-3.459928516,-33.039884,-0.086638264,-0.872581274,-0.144820238,-0.000190706,0.075598927,0.000659830
917.084000000,-0.991123,24.596765975,1409.290880,-3.480987557,-33.240983,-0.086524420,-0.872581274,-0.145776478,-0.000163157,0.075499588,0.000567948
917.097000000,-0.991123,24.553901283,1406.834914,-3.645674331,-34.813625,-0.092194434,-0.926922104,-0.152489336,-0.000241468,0.085457059,0.000880313
917.098000000,-0.998322,24.546569418,1406.414829,-3.672338803,-35.068252,-0.092050288,-0.926922104,-0.153700106,-0.000206586,0.085323446,0.000758653
917.101000000,-0.998322,24.539190077,1405.992024,-3.695151367,-35.286096,-0.091926963,-0.926922104,-0.154735970,-0.000176743,0.085209134,0.000653091
917.102000000,-0.998322,24.531770118,1405.566892,-3.714668463,-35.472471,-0.091821454,-0.926922104,-0.155622195,-0.000151211,0.085111335,0.000561698
917.115000000,-0.999971,24.482528898,1402.745578,-3.845635548,-36.723114,-0.095907405,-0.966644818,-0.161009944,-0.000194541,0.092708396,0.000748133
917.116000000,-0.999971,24.478672099,1402.524599,-3.856799595,-36.829723,-0.095848628,-0.966644818,-0.161516693,-0.000180007,0.092651580,0.000694250
917.118000000,-0.998113,24.470928296,1402.080912,-3.876677147,-37.019540,-0.095741172,-0.966644818,-0.162419285,-0.000154003,0.092547708,0.000597021
917.121000000,-0.998113,24.463149101,1401.635197,-3.893683218,-37.181936,-0.095649237,-0.966644818,-0.163191490,-0.000131756,0.092458840,0.000513017
917.123000000,-0.998113,24.455339627,1401.187747,-3.908232619,-37.320872,-0.095570584,-0.966644818,-0.163852144,-0.000112723,0.092382809,0.000440548
917.125000000,-0.993048,24.447504247,1400.738813,-3.920680236,-37.439738,-0.095503292,-0.966644818,-0.164417361,-0.000096439,0.092317762,0.000378107
917.137000000,-0.993048,24.399914401,1398.012116,-4.006391296,-38.258219,-0.097995069,-0.991122966,-0.167964617,-0.000116635,0.097125164,0.000467287
917.139000000,-0.981360,24.391882048,1397.551896,-4.019270944,-38.381210,-0.097925442,-0.991122966,-0.168549452,-0.000099786,0.097056155,0.000401069
917.142000000,-0.981360,24.379791575,1396.859163,-4.035187419,-38.533201,-0.097839398,-0.991122966,-0.169272181,-0.000078965,0.096970875,0.000318637
917.144000000,-0.981360,24.371707950,1396.396005,-4.043907224,-38.616469,-0.097792259,-0.991122966,-0.169668126,-0.000067558,0.096924154,0.000273197
917.152000000,-0.970464,24.335127665,1394.300109,-4.081076060,-38.971406,-0.098460389,-0.998321662,-0.171254509,-0.000057848,0.098295139,0.000236082
917.155000000,-0.953402,24.326955806,1393.831896,-4.087464022,-39.032406,-0.098425856,-0.998321662,-0.171544571,-0.000049491,0.098260664,0.000202294
917.157000000,-0.953402,24.318772063,1393.363002,-4.093440132,-39.089474,-0.098592463,-0.999970513,-0.171792732,-0.000050580,0.098589555,0.000207047
917.159000000,-0.953402,24.310576695,1392.893442,-4.099026257,-39.142817,-0.098562409,-0.999970513,-0.172046367,-0.000043279,0.098559502,0.000177402
917.161000000,-0.953402,24.298265451,1392.188060,-4.105929507,-39.208739,-0.098525090,-0.999970513,-0.172359828,-0.000034248,0.098522185,0.000140621
917.163000000,-0.953402,24.290047845,1391.717226,-4.109711436,-39.244853,-0.098504645,-0.999970513,-0.172531556,-0.000029301,0.098501740,0.000120418
917.175000000,-0.932576,24.240653256,1388.887124,-4.117885658,-39.322911,-0.097625169,-0.993047928,-0.173000154,0.000018794,0.096946471,-0.000077392
917.177000000,-0.902736,24.232420642,1388.415430,-4.115808083,-39.303072,-0.097635956,-0.993047928,-0.172905868,0.000016096,0.096957183,-0.000066249
917.180000000,-0.902736,24.224191727,1387.943948,-4.114030630,-39.286099,-0.097645565,-0.993047928,-0.172825158,0.000013771,0.096966726,-0.000056654
917.181000000,-0.902736,24.215965976,1387.472647,-4.112509945,-39.271577,-0.097653785,-0.993047928,-0.172756107,0.000011782,0.096974889,-0.000048452
917.194000000,-0.882948,24.162659693,1384.418422,-4.084349803,-39.002668,-0.096394967,-0.981359807,-0.171642003,0.000038126,0.094598147,-0.000155719
917.196000000,-0.882948,24.158580906,1384.184725,-4.078786432,-38.949541,-0.095110646,-0.970464383,-0.171542692,0.000089703,0.092301494,-0.000365878
917.198000000,-0.845075,24.150438392,1383.718193,-4.068876146,-38.854905,-0.095163265,-0.970464383,-0.171092801,0.000076781,0.092352559,-0.000312412
917.200000000,-0.845075,24.142313523,1383.252673,-4.060397483,-38.773940,-0.095209101,-0.970464383,-0.170707805,0.000065689,0.092397041,-0.000266725
917.202000000,-0.845075,24.134203750,1382.788017,-4.053143635,-38.704671,-0.095248315,-0.970464383,-0.170378425,0.000056200,0.092435097,-0.000227786
917.204000000,-0.845075,24.126106893,1382.324101,-4.046937666,-38.645408,-0.095281864,-0.970464383,-0.170096627,0.000048081,0.092467656,-0.000194582
917.216000000,-0.817145,24.077990742,1379.567249,-3.977529643,-37.982610,-0.091084829,-0.932576036,-0.167478269,0.000162015,0.084943529,-0.000644419
917.219000000,-0.767389,24.066111207,1378.886601,-3.951674327,-37.735710,-0.091222777,-0.932576036,-0.166304454,0.000128273,0.085072175,-0.000506894
917.221000000,-0.767389,24.058229382,1378.435006,-3.937509548,-37.600446,-0.091299351,-0.932576036,-0.165661265,0.000109743,0.085143587,-0.000432114
917.223000000,-0.767389,24.050372777,1377.984856,-3.925390992,-37.484723,-0.091364864,-0.932576036,-0.165110990,0.000093890,0.085204682,-0.000368554
917.225000000,-0.734204,24.042537749,1377.535942,-3.915023063,-37.385716,-0.091420913,-0.932576036,-0.164640207,0.000080327,0.085256952,-0.000314480
917.235000000,-0.734204,24.000061161,1375.102213,-3.811321202,-36.395437,-0.085991853,-0.882947593,-0.160629972,0.000212865,0.075926300,-0.000811298
917.238000000,-0.685564,23.992474249,1374.667515,-3.787806630,-36.170889,-0.086117237,-0.882947593,-0.159562433,0.000182182,0.076037007,-0.000690069
917.241000000,-0.685564,23.981170457,1374.019855,-3.758747672,-35.893396,-0.086274329,-0.882947593,-0.158242935,0.000144167,0.076175711,-0.000541888
917.243000000,-0.685564,23.973677152,1373.590520,-3.742827788,-35.741373,-0.086360392,-0.882947593,-0.157520051,0.000123341,0.076251700,-0.000461644
917.244000000,-0.685564,23.966212192,1373.162810,-3.729207666,-35.611310,-0.086434022,-0.882947593,-0.156901594,0.000105523,0.076316712,-0.000393518
917.253000000,-0.643322,23.936846083,1371.480255,-3.625914178,-34.624930,-0.082420278,-0.845075258,-0.152744566,0.000175124,0.069651338,-0.000634983
917.255000000,-0.593981,23.926050980,1370.861742,-3.581314191,-34.199031,-0.079289488,-0.817144898,-0.151112676,0.000267762,0.064791000,-0.000958941
917.258000000,-0.593981,23.918933280,1370.453927,-3.551746092,-33.916677,-0.079449331,-0.817144898,-0.149770059,0.000229082,0.064921615,-0.000813641
917.260000000,-0.593981,23.911868226,1370.049130,-3.526449355,-33.675111,-0.079586084,-0.817144898,-0.148621394,0.000195989,0.065033363,-0.000691146
917.262000000,-0.593981,23.904848213,1369.646913,-3.504806946,-33.468441,-0.079703083,-0.817144898,-0.147638664,0.000167677,0.065128968,-0.000587675
917.264000000,-0.593981,23.897866734,1369.246903,-3.486290965,-33.291626,-0.079803180,-0.817144898,-0.146797897,0.000143454,0.065210761,-0.000500124
917.276000000,-0.547563,23.853822627,1366.723362,-3.285247186,-31.371800,-0.070876965,-0.734204025,-0.138836874,0.000328807,0.052038153,-0.001080213
917.277000000,-0.547563,23.850556242,1366.536212,-3.266384880,-31.191678,-0.070978932,-0.734204025,-0.137980382,0.000304132,0.052113018,-0.000993412
917.278000000,-0.477465,23.847307304,1366.350061,-3.248938097,-31.025073,-0.071073249,-0.734204025,-0.137188165,0.000281308,0.052182266,-0.000913954
917.281000000,-0.477465,23.840856630,1365.980465,-3.217874162,-30.728435,-0.071241180,-0.734204025,-0.135777626,0.000240671,0.052305561,-0.000774449
917.284000000,-0.477465,23.831281778,1365.431866,-3.179485819,-30.361853,-0.071448707,-0.734204025,-0.134034502,0.000190452,0.052457928,-0.000605539
917.296000000,-0.432715,23.791519641,1363.153664,-2.945726564,-28.129617,-0.061740685,-0.643322253,-0.124699764,0.000375933,0.039719156,-0.001107396
917.299000000,-0.363576,23.782805504,1362.654380,-2.885763146,-27.557008,-0.062064843,-0.643322253,-0.121976968,0.000297490,0.039927695,-0.000858486
917.302000000,-0.363576,23.777083894,1362.326556,-2.852912323,-27.243306,-0.062242434,-0.643322253,-0.120485290,0.000254515,0.040041943,-0.000726109
917.304000000,-0.363576,23.771420775,1362.002083,-2.824807079,-26.974921,-0.062394371,-0.643322253,-0.119209098,0.000217748,0.040139687,-0.000615097
917.317000000,-0.316311,23.736515848,1360.002178,-2.567100881,-24.514008,-0.052226998,-0.547563223,-0.108855662,0.000398268,0.028597583,-0.001022393
917.319000000,-0.243954,23.731448473,1359.711839,-2.523121528,-24.094036,-0.052464746,-0.547563223,-0.106858665,0.000340735,0.028727766,-0.000859715
917.320000000,-0.243954,23.726459403,1359.425987,-2.485495364,-23.734732,-0.052668153,-0.547563223,-0.105150150,0.000291513,0.028839144,-0.000724553
917.323000000,-0.243954,23.721537326,1359.143972,-2.453304617,-23.427333,-0.052842176,-0.547563223,-0.103688445,0.000249401,0.028934432,-0.000611857
917.336000000,-0.201078,23.691445023,1357.419810,-2.171830120,-20.739450,-0.040502697,-0.432715241,-0.092524083,0.000501841,0.017526134,-0.001089914
917.337000000,-0.201078,23.689301991,1357.297024,-2.143031522,-20.464444,-0.040654460,-0.432715241,-0.091216865,0.000464343,0.017591804,-0.000995101
917.338000000,-0.126718,23.687185597,1357.175763,-2.116394110,-20.210075,-0.040798458,-0.432715241,-0.090007324,0.000429496,0.017654115,-0.000908983
917.340000000,-0.126718,23.683024875,1356.937371,-2.068966293,-19.757173,-0.041054852,-0.432715241,-0.087853740,0.000367452,0.017765060,-0.000760246
917.342000000,-0.126718,23.678948598,1356.703818,-2.028389824,-19.369696,-0.041274208,-0.432715241,-0.086011259,0.000314370,0.017859979,-0.000637666
917.344000000,-0.126718,23.672966322,1356.361059,-1.978246036,-18.890858,-0.041545285,-0.432715241,-0.083734349,0.000248773,0.017977278,-0.000492134
917.357000000,-0.070453,23.651077064,1355.106897,-1.679710166,-16.040051,-0.029106286,-0.316311400,-0.071817636,0.000487480,0.009206650,-0.000818825
917.359000000,0.004887,23.647799439,1354.919103,-1.625879421,-15.526005,-0.029397291,-0.316311400,-0.069373310,0.000417059,0.009298698,-0.000678088
917.361000000,0.004887,23.644617660,1354.736800,-1.579824982,-15.086217,-0.029646261,-0.316311400,-0.067282088,0.000356812,0.009377450,-0.000563700
917.363000000,0.004887,23.639994968,1354.471939,-1.522911600,-14.542735,-0.029953934,-0.316311400,-0.064697787,0.000282358,0.009474771,-0.000430007
917.378000000,0.055124,23.621217516,1353.396071,-1.159774474,-11.075030,-0.018005458,-0.201077921,-0.049831205,0.000430228,0.003620500,-0.000498967
917.378000000,0.055124,23.620082422,1353.331035,-1.135094091,-10.839350,-0.018138880,-0.201077921,-0.048710528,0.000397942,0.003647328,-0.000451701
917.380000000,0.142629,23.617879005,1353.204788,-1.091150758,-10.419722,-0.018376437,-0.201077921,-0.046715166,0.000340456,0.003695096,-0.000371488
917.382000000,0.142629,23.615753830,1353.083024,-1.053555410,-10.060713,-0.018579677,-0.201077921,-0.045008050,0.000291274,0.003735963,-0.000306873
917.384000000,0.179832,23.613695592,1352.965096,-1.021391027,-9.753566,-0.018753557,-0.201077921,-0.043547542,0.000249197,0.003770926,-0.000254527
917.397000000,0.179832,23.602882189,1352.345534,-0.664721860,-6.347626,-0.004911966,-0.070452888,-0.029191385,0.000488730,0.000346062,-0.000324870
917.399000000,0.259493,23.601634750,1352.274061,-0.610753019,-5.832262,-0.005203721,-0.070452888,-0.026740789,0.000418129,0.000366617,-0.000255374
917.401000000,0.259493,23.600483403,1352.208093,-0.564580432,-5.391346,-0.005453329,-0.070452888,-0.024644201,0.000357727,0.000384203,-0.000201966
917.404000000,0.259493,23.599414266,1352.146836,-0.525077866,-5.014124,-0.005666879,-0.070452888,-0.022850484,0.000306050,0.000399248,-0.000160700
917.415000000,0.295708,23.595049670,1351.896763,-0.210264614,-2.007879,0.007787193,0.055124448,-0.010323313,0.000572855,0.000429265,-0.000120451
917.419000000,0.372664,23.594606435,1351.871368,-0.118859614,-1.135026,0.007297465,0.055124448,-0.006173344,0.000453478,0.000402269,-0.000053900
917.421000000,0.372664,23.594444806,1351.862107,-0.068783586,-0.656835,0.007026755,0.055124448,-0.003899510,0.000387969,0.000387346,-0.000026686
917.423000000,0.372664,23.594372337,1351.857955,-0.025941463,-0.247723,0.006795151,0.055124448,-0.001954151,0.000331924,0.000374579,-0.000008611
917.424000000,0.418818,23.594376148,1351.858174,0.010711753,0.102290,0.006597004,0.055124448,-0.000289816,0.000283975,0.000363656,0.000003042
917.436000000,0.418818,23.596340571,1351.970727,0.332717527,3.177218,0.019911646,0.179832439,0.012575677,0.000536868,0.003580760,0.000178625
917.439000000,0.486030,23.597096088,1352.014015,0.392002078,3.743344,0.019591157,0.179832439,0.015267648,0.000459313,0.003523126,0.000180052
917.441000000,0.486030,23.597957162,1352.063350,0.442722475,4.227688,0.019316963,0.179832439,0.017570740,0.000392962,0.003473817,0.000173973
917.442000000,0.486030,23.598908543,1352.117861,0.486115882,4.642065,0.019082379,0.179832439,0.019541131,0.000336195,0.003431631,0.000163430
917.454000000,0.529327,23.605716574,1352.507932,0.757183455,7.230569,0.027234072,0.259493325,0.030727954,0.000412213,0.007067060,0.000312121
917.455000000,0.529327,23.606508627,1352.553313,0.792052559,7.563545,0.031414425,0.295708050,0.031801705,0.000562222,0.009289498,0.000445310
917.456000000,0.581555,23.607332940,1352.600543,0.824313059,7.871610,0.031243199,0.295708050,0.033266207,0.000520162,0.009238866,0.000428776
917.458000000,0.581555,23.609068845,1352.700003,0.881752776,8.420119,0.030932683,0.295708050,0.035874408,0.000445020,0.009147043,0.000392398
917.460000000,0.581555,23.611859758,1352.859911,0.952735912,9.097958,0.030548950,0.295708050,0.039097583,0.000352161,0.009033570,0.000335516
917.463000000,0.581555,23.613824319,1352.972472,0.991623863,9.469310,0.030338722,0.295708050,0.040863393,0.000301288,0.008971404,0.000298765
917.465000000,0.581555,23.615858121,1353.089000,1.024894121,9.787018,0.030158864,0.295708050,0.042374116,0.000257765,0.008918219,0.000264182
917.477000000,0.631488,23.630143885,1353.907514,1.344440359,12.838460,0.043293905,0.418818232,0.055150427,0.000505239,0.018132277,0.000679263
917.479000000,0.688101,23.632917541,1354.066433,1.400232160,13.371232,0.042992298,0.418818232,0.057683799,0.000432253,0.018005958,0.000605254
917.481000000,0.688101,23.635790534,1354.231043,1.447964364,13.827041,0.042734259,0.418818232,0.059851205,0.000369810,0.017897887,0.000535472
917.483000000,0.688101,23.638748514,1354.400523,1.488801249,14.217005,0.042513495,0.418818232,0.061705511,0.000316388,0.017805427,0.000471039
917.494000000,0.719340,23.656572247,1355.421748,1.744973886,16.663273,0.049242829,0.486030347,0.072391282,0.000344597,0.023933509,0.000601313
917.495000000,0.719340,23.658336989,1355.522860,1.764741966,16.852044,0.049135963,0.486030347,0.073288903,0.000318737,0.023881569,0.000562488
917.498000000,0.765596,23.663812114,1355.836561,1.852906116,17.693950,0.053886358,0.529327086,0.076682563,0.000437452,0.028523509,0.000810557
917.499000000,0.765596,23.667591327,1356.053094,1.901212427,18.155241,0.053625215,0.529327086,0.078876037,0.000374258,0.028385279,0.000711544
917.500000000,0.765596,23.669514009,1356.163256,1.922682050,18.360261,0.053509150,0.529327086,0.079850922,0.000346172,0.028323843,0.000665578
917.502000000,0.765596,23.673417458,1356.386907,1.960908638,18.725298,0.053302498,0.529327086,0.081586700,0.000296164,0.028214456,0.000580751
917.516000000,0.800731,23.703203558,1358.093525,2.272325627,21.699111,0.063952397,0.631488135,0.094288868,0.000441028,0.040385180,0.001002158
917.518000000,0.800731,23.705501183,1358.225169,2.297625545,21.940708,0.063815629,0.631488135,0.095437676,0.000407931,0.040298812,0.000937272
917.519000000,0.846936,23.707822210,1358.358154,2.321026828,22.164174,0.063689122,0.631488135,0.096500273,0.000377318,0.040218925,0.000875764
917.521000000,0.846936,23.712527575,1358.627752,2.362692729,22.562054,0.063463877,0.631488135,0.098392222,0.000322811,0.040076685,0.000762703
917.523000000,0.846936,23.717307125,1358.901600,2.398339638,22.902457,0.063271170,0.631488135,0.100010864,0.000276178,0.039954993,0.000662369
917.535000000,0.872581,23.750232307,1360.788074,2.660564459,25.406519,0.072456761,0.719339800,0.110681142,0.000407919,0.052121032,0.001085294
917.536000000,0.872581,23.752916279,1360.941854,2.683972078,25.630045,0.072332957,0.719339800,0.111743707,0.000377420,0.052031975,0.001012984
917.538000000,0.904232,23.755621902,1361.096875,2.705623074,25.836797,0.072215914,0.719339800,0.112726827,0.000349096,0.051947781,0.000944523
917.540000000,0.904232,23.761091724,1361.410272,2.744172597,26.204918,0.072007516,0.719339800,0.114477269,0.000298666,0.051797872,0.000819592
917.542000000,0.904232,23.769421995,1361.887562,2.791811515,26.659836,0.071749981,0.719339800,0.116640439,0.000236346,0.051612617,0.000659833
917.544000000,0.904232,23.772227365,1362.048298,2.805369690,26.789307,0.071676685,0.719339800,0.117256084,0.000218609,0.051559893,0.000613280
917.556000000,0.926922,23.810480705,1364.240053,3.058334809,29.204946,0.080135177,0.800731371,0.127596547,0.000327664,0.064166750,0.001002107
917.559000000,0.952555,23.819762953,1364.771886,3.110599068,29.704033,0.079852637,0.800731371,0.129969743,0.000259293,0.063940512,0.000806557
917.561000000,0.952555,23.826027659,1365.130827,3.139231924,29.977457,0.079697848,0.800731371,0.131269892,0.000221836,0.063816567,0.000696395
917.563000000,0.952555,23.829179617,1365.311421,3.151957727,30.098979,0.079629053,0.800731371,0.131847741,0.000205188,0.063761481,0.000646745
917.577000000,0.965016,23.878268350,1368.123999,3.392219276,32.393308,0.087004300,0.872581274,0.141745722,0.000279282,0.075918323,0.000947387
917.578000000,0.965016,23.881676590,1368.319276,3.408240541,32.546300,0.086917689,0.872581274,0.142473210,0.000258324,0.075842748,0.000880429
917.581000000,0.984319,23.888536416,1368.712315,3.436766347,32.818701,0.086763479,0.872581274,0.143768499,0.000221007,0.075708187,0.000759548
917.583000000,0.984319,23.895447032,1369.108265,3.461171359,33.051752,0.086631546,0.872581274,0.144876672,0.000189080,0.075593065,0.000654439
917.584000000,0.991123,23.902401101,1369.506703,3.482050861,33.251136,0.086518671,0.872581274,0.145824761,0.000161766,0.075494573,0.000563278
917.596000000,0.991123,23.945273759,1371.963126,3.646091301,34.817607,0.092192180,0.926922104,0.152508269,0.000240922,0.085454969,0.000878425
917.599000000,0.998322,23.956290886,1372.594361,3.684519727,35.184572,0.091984438,0.926922104,0.154253213,0.000190651,0.085262408,0.000702457
917.601000000,0.998322,23.963691915,1373.018408,3.705572653,35.385612,0.091870626,0.926922104,0.155209176,0.000163110,0.085156914,0.000604415
917.604000000,0.998322,23.971130429,1373.444604,3.723584306,35.557611,0.091773255,0.926922104,0.156027042,0.000139547,0.085066659,0.000519616
917.616000000,0.999971,24.020449235,1376.270363,3.856369774,36.825619,0.095654373,0.965016494,0.161520104,0.000171767,0.092308047,0.000662397
917.619000000,0.997708,24.028190796,1376.713922,3.875337413,37.006746,0.095551835,0.965016494,0.162381380,0.000146954,0.092209097,0.000569495
917.621000000,0.997708,24.035966129,1377.159416,3.891565015,37.161709,0.095464109,0.965016494,0.163118236,0.000125725,0.092124439,0.000489267
917.623000000,0.997708,24.043770354,1377.606565,3.905448404,37.294285,0.095389055,0.965016494,0.163748648,0.000107563,0.092052012,0.000420082
917.637000000,0.993048,24.099112171,1380.777417,4.001173000,38.208388,0.098023279,0.991122966,0.167727667,0.000123462,0.097153123,0.000493992
917.639000000,0.981360,24.107135233,1381.237105,4.014806475,38.338578,0.097949577,0.991122966,0.168346731,0.000105627,0.097080076,0.000424071
917.641000000,0.981360,24.115182569,1381.698183,4.026470479,38.449961,0.097886522,0.991122966,0.168876365,0.000090368,0.097017580,0.000363864
917.643000000,0.981360,24.123250673,1382.160452,4.036449520,38.545254,0.097832575,0.991122966,0.169329490,0.000077314,0.096964112,0.000312073
917.645000000,0.970464,24.131336545,1382.623738,4.044987003,38.626781,0.097786422,0.991122966,0.169717157,0.000066145,0.096918368,0.000267556
917.654000000,0.970464,24.167936060,1384.720736,4.083009150,38.989865,0.098449939,0.998321662,0.171342286,0.000055319,0.098284707,0.000225869
917.657000000,0.953402,24.180204688,1385.423676,4.092816777,39.083521,0.098595977,0.999970513,0.171764410,0.000051402,0.098593070,0.000210380
917.659000000,0.953402,24.188398946,1385.893173,4.098492951,39.137725,0.098565292,0.999970513,0.172022151,0.000043977,0.098562385,0.000180238
917.660000000,0.953402,24.196603311,1386.363248,4.103349154,39.184098,0.098539039,0.999970513,0.172242660,0.000037624,0.098536134,0.000154384
917.663000000,0.953402,24.204816323,1386.833819,4.107503837,39.223772,0.098516579,0.999970513,0.172431314,0.000032189,0.098513674,0.000132216
917.664000000,0.932576,24.213036731,1387.304814,4.111058342,39.257715,0.098497363,0.999970513,0.172592716,0.000027539,0.098494459,0.000113214
917.678000000,0.932576,24.266544102,1390.370560,4.115071378,39.296037,0.097639938,0.993047928,0.172872416,-0.000015132,0.096961138,-0.000062271
917.679000000,0.900015,24.274771706,1390.841967,4.113400349,39.280080,0.097648972,0.993047928,0.172796538,-0.000012946,0.096970109,-0.000053254
917.682000000,0.900015,24.282996334,1391.313204,4.111970713,39.266428,0.097656700,0.993047928,0.172731622,-0.000011076,0.096977784,-0.000045545
917.684000000,0.900015,24.291218417,1391.784295,4.110747601,39.254748,0.097663313,0.993047928,0.172676083,-0.000009476,0.096984350,-0.000038954
917.694000000,0.879980,24.332214228,1394.133181,4.086502908,39.023228,0.096383328,0.981359807,0.171739771,-0.000040942,0.094586724,-0.000167311
917.695000000,0.848418,24.340376988,1394.600873,4.078605521,38.947814,0.095111624,0.970464383,0.171534477,-0.000089466,0.092302443,-0.000364897
917.699000000,0.848418,24.352583508,1395.300255,4.064328382,38.811477,0.095187850,0.970464383,0.170886298,-0.000070832,0.092376418,-0.000287883
917.700000000,0.848418,24.360700280,1395.765312,4.056506682,38.736785,0.095230134,0.970464383,0.170531133,-0.000060599,0.092417454,-0.000245822
917.702000000,0.848418,24.368803125,1396.229571,4.049814893,38.672884,0.095266310,0.970464383,0.170227275,-0.000051845,0.092452561,-0.000209964
917.705000000,0.848418,24.376894056,1396.693147,4.044089789,38.618213,0.095297260,0.970464383,0.169967311,-0.000044356,0.092482596,-0.000179379
917.715000000,0.813507,24.420965390,1399.218249,3.977491635,37.982247,0.091085035,0.932576036,0.167476543,-0.000161965,0.084943721,-0.000644216
917.718000000,0.771403,24.428893183,1399.672478,3.959597331,37.811369,0.091179945,0.932576036,0.166664218,-0.000138638,0.085032232,-0.000548951
917.719000000,0.771403,24.436789116,1400.124881,3.944288008,37.665176,0.091262707,0.932576036,0.165969058,-0.000118611,0.085109413,-0.000467834
917.723000000,0.771403,24.448583159,1400.800630,3.925368977,37.484513,0.091364983,0.932576036,0.165109990,-0.000093861,0.085204793,-0.000368439
917.724000000,0.771403,24.456418147,1401.249542,3.915004228,37.385537,0.091421014,0.932576036,0.164639352,-0.000080302,0.085257047,-0.000314383
917.735000000,0.734204,24.498931116,1403.685356,3.810975664,36.392137,0.085635528,0.879980407,0.160656060,-0.000228452,0.075357587,-0.000870625
917.739000000,0.680977,24.510289246,1404.336128,3.774523764,36.044047,0.085830830,0.879980407,0.159001071,-0.000180845,0.075529449,-0.000682604
917.741000000,0.680977,24.517807949,1404.766918,3.754553670,35.853347,0.085938788,0.879980407,0.158094277,-0.000154720,0.075624449,-0.000580906
917.742000000,0.680977,24.525291095,1405.195671,3.737468426,35.690194,0.086031150,0.879980407,0.157318476,-0.000132370,0.075705727,-0.000494728
917.744000000,0.643322,24.532743822,1405.622681,3.722851289,35.550611,0.086110170,0.879980407,0.156654747,-0.000113248,0.075775263,-0.000421605
917.753000000,0.643322,24.562032366,1407.300791,3.622117275,34.588672,0.082844339,0.848417843,0.152525090,-0.000152088,0.070286615,-0.000550879
917.756000000,0.593981,24.572838122,1407.919915,3.587040353,34.253712,0.078822401,0.813506961,0.151423556,-0.000294782,0.064122572,-0.001057395
917.758000000,0.593981,24.579962717,1408.328124,3.554473453,33.942721,0.078995396,0.813506961,0.149945128,-0.000252315,0.064263304,-0.000896849
917.759000000,0.593981,24.587029328,1408.733011,3.526611111,33.676655,0.079146019,0.813506961,0.148679965,-0.000215866,0.064385838,-0.000761277
917.761000000,0.593981,24.594046329,1409.135056,3.502773720,33.449025,0.079274884,0.813506961,0.147597566,-0.000184683,0.064490670,-0.000646902
917.763000000,0.593981,24.601020888,1409.534669,3.482379841,33.254278,0.079385133,0.813506961,0.146671528,-0.000158004,0.064580358,-0.000550229
917.778000000,0.547563,24.648222457,1412.239119,3.264299751,31.171766,0.070990204,0.734204025,0.137885701,-0.000301404,0.052121294,-0.000983874
917.779000000,0.547563,24.651469466,1412.425159,3.247009447,31.006656,0.071083675,0.734204025,0.137100590,-0.000278785,0.052189921,-0.000905219
917.780000000,0.471935,24.654700483,1412.610283,3.231016696,30.853937,0.071170132,0.734204025,0.136374397,-0.000257864,0.052253397,-0.000833163
917.781000000,0.471935,24.661119249,1412.978051,3.202541658,30.582020,0.071324067,0.734204025,0.135081413,-0.000220613,0.052366417,-0.000706523
917.784000000,0.471935,24.667487315,1413.342914,3.178180081,30.349384,0.071455766,0.734204025,0.133975212,-0.000188744,0.052463111,-0.000599862
917.796000000,0.438371,24.707296119,1415.623791,2.944636881,28.119211,0.061746575,0.643322253,0.124650284,-0.000374508,0.039722946,-0.001102789
917.799000000,0.363576,24.713122553,1415.957621,2.903281250,27.724294,0.061970141,0.643322253,0.122772423,-0.000320407,0.039866771,-0.000930232
917.800000000,0.363576,24.718875354,1416.287232,2.867899789,27.386426,0.062161412,0.643322253,0.121165835,-0.000274122,0.039989820,-0.000786153
917.802000000,0.363576,24.724565158,1416.613234,2.837629479,27.097365,0.062325053,0.643322253,0.119791333,-0.000234522,0.040095094,-0.000665488
917.816000000,0.316311,24.759722431,1418.627597,2.591553977,24.747518,0.052098872,0.547563223,0.109965545,-0.000430075,0.028527427,-0.001114562
917.817000000,0.250042,24.764833345,1418.920431,2.544042174,24.293813,0.052351650,0.547563223,0.107808622,-0.000368103,0.028665838,-0.000936469
917.819000000,0.250042,24.769859664,1419.208418,2.503393846,23.905650,0.052571394,0.547563223,0.105962878,-0.000314927,0.028786162,-0.000788387
917.822000000,0.250042,24.774813609,1419.492258,2.468617512,23.573561,0.052759394,0.547563223,0.104383767,-0.000269433,0.028889104,-0.000665128
917.825000000,0.250042,24.782131277,1419.911530,2.425641443,23.163170,0.052991722,0.547563223,0.102432326,-0.000213213,0.029016318,-0.000517177
917.836000000,0.194919,24.807435448,1421.361352,2.166655100,20.690032,0.041209561,0.438371147,0.092209914,-0.000464673,0.018065082,-0.001006785
917.838000000,0.126718,24.811690789,1421.605165,2.115342870,20.200036,0.041486952,0.438371147,0.089879948,-0.000397547,0.018186683,-0.000840948
917.840000000,0.126718,24.815854770,1421.843743,2.071443125,19.780825,0.041724273,0.438371147,0.087886565,-0.000340118,0.018290717,-0.000704535
917.842000000,0.126718,24.821957779,1422.193420,2.017192482,19.262769,0.042017551,0.438371147,0.085423173,-0.000269148,0.018419282,-0.000542923
917.844000000,0.126718,24.825947003,1422.421986,1.987471390,18.978954,0.042178223,0.438371147,0.084073609,-0.000230267,0.018489716,-0.000457650
917.852000000,0.070453,24.839225116,1423.182766,1.813595439,17.318561,0.034088584,0.363576430,0.077231506,-0.000407125,0.012393806,-0.000738360
917.854000000,0.007679,24.842783994,1423.386674,1.768638020,16.889249,0.034331623,0.363576430,0.075190096,-0.000348312,0.012482169,-0.000616038
917.857000000,0.007679,24.847933056,1423.681694,1.684875990,16.089381,0.029078360,0.316311400,0.072052204,-0.000494238,0.009197817,-0.000832729
917.858000000,0.007679,24.851219879,1423.870015,1.630298999,15.568209,0.029373399,0.316311400,0.069573993,-0.000422841,0.009291141,-0.000689357
917.861000000,0.007679,24.854409527,1424.052768,1.583606114,15.122324,0.029625820,0.316311400,0.067453780,-0.000361758,0.009370985,-0.000572882
917.862000000,0.007679,24.857516039,1424.230758,1.543658412,14.740852,0.029841777,0.316311400,0.065639850,-0.000309499,0.009439294,-0.000477761
917.864000000,-0.048850,24.859041943,1424.318186,1.525903752,14.571307,0.029937758,0.316311400,0.064833653,-0.000286273,0.009469654,-0.000436824
917.878000000,-0.048850,24.878940813,1425.458307,1.139425040,10.880708,0.017371946,0.194919140,0.048993908,-0.000436900,0.003386125,-0.000497815
917.880000000,-0.142629,24.881146354,1425.584676,1.091179667,10.419998,0.017632760,0.194919140,0.046803201,-0.000373786,0.003436962,-0.000407868
917.883000000,-0.142629,24.883265995,1425.706122,1.049903747,10.025842,0.017855897,0.194919140,0.044928959,-0.000319789,0.003480456,-0.000335748
917.896000000,-0.179832,24.895394396,1426.401028,0.691555837,6.603872,0.004766906,0.070452888,0.030409852,-0.000523834,0.000335842,-0.000362260
917.897000000,-0.179832,24.896055902,1426.438930,0.661505659,6.316914,0.004929353,0.070452888,0.029045345,-0.000484523,0.000347287,-0.000320515
917.899000000,-0.259493,24.897297614,1426.510075,0.608001425,5.805986,0.005218596,0.070452888,0.026615845,-0.000414530,0.000367665,-0.000252035
917.902000000,-0.259493,24.898444062,1426.575761,0.562226330,5.368866,0.005466055,0.070452888,0.024537307,-0.000354647,0.000385099,-0.000199392
917.904000000,-0.259493,24.899509007,1426.636778,0.523063833,4.994892,0.005677767,0.070452888,0.022759031,-0.000303415,0.000400015,-0.000158706
917.915000000,-0.301704,24.903677391,1426.875609,0.198932846,1.899669,-0.006972824,-0.048849770,0.009720924,-0.000524309,0.000340621,-0.000104302
917.917000000,-0.366826,24.903987281,1426.893364,0.141035143,1.346786,-0.006659834,-0.048849770,0.007091927,-0.000448568,0.000325331,-0.000063264
917.920000000,-0.366826,24.904194085,1426.905213,0.091501252,0.873773,-0.006392054,-0.048849770,0.004842711,-0.000383769,0.000312250,-0.000035115
917.922000000,-0.366826,24.904312694,1426.912009,0.049122951,0.469090,-0.006162958,-0.048849770,0.002918413,-0.000328330,0.000301059,-0.000016129
917.924000000,-0.366826,24.904355849,1426.914482,0.012866552,0.122867,-0.005966956,-0.048849770,0.001272097,-0.000280900,0.000291484,-0.000003614
917.937000000,-0.413104,24.902501929,1426.808260,-0.326066120,-3.113702,-0.019947603,-0.179832439,-0.012273653,-0.000545570,0.003587226,0.000177892
917.938000000,-0.486030,24.901758255,1426.765650,-0.386311523,-3.689003,-0.019621920,-0.179832439,-0.015009253,-0.000466757,0.003528658,0.000180314
917.942000000,-0.486030,24.900446551,1426.690495,-0.460761884,-4.399952,-0.019219443,-0.179832439,-0.018389867,-0.000369363,0.003456279,0.000170188
917.943000000,-0.486030,24.899463051,1426.634145,-0.501549347,-4.789443,-0.018998946,-0.179832439,-0.020241928,-0.000316005,0.003416627,0.000158492
917.953000000,-0.529327,24.893941559,1426.317787,-0.729708790,-6.968206,-0.027382599,-0.259493325,-0.029480395,-0.000448155,0.007105602,0.000327023
917.955000000,-0.581555,24.892406945,1426.229860,-0.779197029,-7.440784,-0.027115067,-0.259493325,-0.031727538,-0.000383415,0.007036179,0.000298756
917.956000000,-0.581555,24.890745948,1426.134692,-0.846724750,-8.085626,-0.031845948,-0.301704364,-0.034199435,-0.000523258,0.009608062,0.000443055
917.959000000,-0.581555,24.888964700,1426.032634,-0.904506323,-8.637399,-0.031533585,-0.301704364,-0.036823158,-0.000447669,0.009513820,0.000404919
917.961000000,-0.581555,24.886104660,1425.868766,-0.975911920,-9.319272,-0.031147567,-0.301704364,-0.040065516,-0.000354257,0.009397357,0.000345724
917.963000000,-0.581555,24.884093394,1425.753528,-1.015031315,-9.692835,-0.030936088,-0.301704364,-0.041841835,-0.000303082,0.009333553,0.000307637
917.976000000,-0.631488,24.868574669,1424.864371,-1.357576017,-12.963896,-0.042533097,-0.413104430,-0.055827342,-0.000457168,0.017570611,0.000620640
917.979000000,-0.688101,24.865782808,1424.704409,-1.408059489,-13.445978,-0.042260184,-0.413104430,-0.058119676,-0.000391126,0.017457869,0.000550729
917.981000000,-0.688101,24.862901061,1424.539297,-1.451250197,-13.858419,-0.042026695,-0.413104430,-0.060080863,-0.000334624,0.017361414,0.000485624
917.982000000,-0.688101,24.859942413,1424.369779,-1.488201642,-14.211279,-0.041826937,-0.413104430,-0.061758741,-0.000286285,0.017278893,0.000426050
917.997000000,-0.723690,24.834945292,1422.937550,-1.850036278,-17.666545,-0.053901872,-0.529327086,-0.076552250,-0.000441206,0.028531721,0.000816247
917.999000000,-0.723690,24.833069946,1422.830100,-1.875346421,-17.908239,-0.053765046,-0.529327086,-0.077701524,-0.000408096,0.028459295,0.000765321
918.000000000,-0.777585,24.831171188,1422.721309,-1.898757161,-18.131795,-0.053638488,-0.529327086,-0.078764550,-0.000377470,0.028392304,0.000716724
918.001000000,-0.777585,24.827310337,1422.500099,-1.940439902,-18.529836,-0.053413152,-0.529327086,-0.080657264,-0.000322941,0.028273028,0.000626648
918.004000000,-0.777585,24.823375271,1422.274636,-1.976101218,-18.870377,-0.053220367,-0.529327086,-0.082276559,-0.000276290,0.028170982,0.000545976
918.016000000,-0.800731,24.795581186,1420.682153,-2.271673776,-21.692887,-0.063955921,-0.631488135,-0.094259269,-0.000441880,0.040387405,0.001003808
918.018000000,-0.846936,24.790963694,1420.417590,-2.320469143,-22.158848,-0.063692137,-0.631488135,-0.096474950,-0.000378047,0.040220829,0.000877247
918.021000000,-0.846936,24.786259322,1420.148049,-2.362215606,-22.557497,-0.063466456,-0.631488135,-0.098370557,-0.000323435,0.040078314,0.000764023
918.023000000,-0.846936,24.781480621,1419.874250,-2.397931440,-22.898559,-0.063273377,-0.631488135,-0.099992328,-0.000276712,0.039956387,0.000663537
918.036000000,-0.872581,24.745870866,1417.833961,-2.686431154,-25.653528,-0.072844871,-0.723690240,-0.111794109,-0.000397720,0.052717122,0.001068448
918.039000000,-0.906897,24.740431269,1417.522295,-2.730350044,-26.072922,-0.072607448,-0.723690240,-0.113788361,-0.000340266,0.052545302,0.000929046
918.041000000,-0.906897,24.734913475,1417.206149,-2.767924480,-26.431732,-0.072404321,-0.723690240,-0.115494527,-0.000291112,0.052398301,0.000805776
918.043000000,-0.906897,24.729328780,1416.886169,-2.800070971,-26.738708,-0.072230538,-0.723690240,-0.116954223,-0.000249058,0.052272535,0.000697381
918.044000000,-0.926922,24.723686848,1416.562910,-2.827573629,-27.001339,-0.072081859,-0.723690240,-0.118203053,-0.000213080,0.052164938,0.000602498
918.058000000,-0.926922,24.685309171,1414.364031,-3.071949607,-29.334958,-0.080061575,-0.800731371,-0.128214762,-0.000309854,0.064107815,0.000951855
918.060000000,-0.954449,24.675991908,1413.830192,-3.121372966,-29.806916,-0.079794394,-0.800731371,-0.130458960,-0.000245199,0.063893874,0.000765357
918.062000000,-0.954449,24.669708019,1413.470151,-3.148449441,-30.065477,-0.079648019,-0.800731371,-0.131688438,-0.000209778,0.063776667,0.000660475
918.064000000,-0.954449,24.666547536,1413.289069,-3.160483515,-30.180394,-0.079582963,-0.800731371,-0.132234877,-0.000194035,0.063724575,0.000613244
918.076000000,-0.965016,24.624040239,1410.853580,-3.373721128,-32.216664,-0.087104299,-0.872581274,-0.140905765,-0.000303481,0.076005580,0.001023861
918.080000000,-0.983191,24.613819747,1410.267989,-3.422128071,-32.678916,-0.086842613,-0.872581274,-0.143103809,-0.000240156,0.075777238,0.000821845
918.081000000,-0.983191,24.606935194,1409.873533,-3.448647706,-32.932160,-0.086699248,-0.872581274,-0.144308003,-0.000205464,0.075652141,0.000708572
918.084000000,-0.983191,24.600003423,1409.476372,-3.471336355,-33.148820,-0.086576594,-0.872581274,-0.145338240,-0.000175783,0.075545115,0.000610201
918.098000000,-0.990268,24.550035647,1406.613429,-3.659568312,-34.946303,-0.092119325,-0.926922104,-0.153120228,-0.000223292,0.085387438,0.000817152
918.098000000,-0.990268,24.546363269,1406.403018,-3.672377635,-35.068623,-0.092050078,-0.926922104,-0.153701869,-0.000206535,0.085323252,0.000758474
918.100000000,-0.998971,24.538983859,1405.980209,-3.695184589,-35.286414,-0.091926784,-0.926922104,-0.154737479,-0.000176699,0.085208968,0.000652936
918.103000000,-0.998971,24.531563841,1405.555073,-3.714696886,-35.472742,-0.091821300,-0.926922104,-0.155623486,-0.000151174,0.085111193,0.000561564
918.105000000,-0.999971,24.524109081,1405.127947,-3.731390467,-35.632154,-0.091731055,-0.926922104,-0.156381501,-0.000129335,0.085027543,0.000482600
918.117000000,-0.999971,24.478560673,1402.518215,-3.855169400,-36.814156,-0.095660862,-0.965016494,-0.161465598,-0.000173337,0.092314310,0.000668244
918.119000000,-0.997708,24.470821249,1402.074779,-3.874310443,-36.996939,-0.095557386,-0.965016494,-0.162334747,-0.000148297,0.092214454,0.000574549
918.120000000,-0.997708,24.463047745,1401.629390,-3.890686400,-37.153318,-0.095468858,-0.965016494,-0.163078341,-0.000126874,0.092129023,0.000493629
918.123000000,-0.997708,24.455245084,1401.182330,-3.904696712,-37.287107,-0.095393119,-0.965016494,-0.163714515,-0.000108546,0.092055933,0.000423841
918.132000000,-0.993048,24.415845774,1398.924916,-3.973892632,-37.947879,-0.097213197,-0.983191235,-0.166600618,-0.000116273,0.095579163,0.000462056
918.134000000,-0.993048,24.411865212,1398.696847,-3.980562721,-38.011574,-0.097177138,-0.983191235,-0.166903491,-0.000107547,0.095543711,0.000428098
918.135000000,-0.983697,24.403883848,1398.239548,-3.994631750,-38.145923,-0.097954813,-0.990268069,-0.167442755,-0.000127370,0.097001524,0.000508796
918.138000000,-0.983697,24.395873208,1397.780572,-4.008699844,-38.280264,-0.097879382,-0.990268069,-0.168081481,-0.000108994,0.096926826,0.000436924
918.139000000,-0.983697,24.387837520,1397.320161,-4.020735684,-38.395198,-0.097814316,-0.990268069,-0.168628000,-0.000093249,0.096862394,0.000374929
918.142000000,-0.983697,24.379780402,1396.858522,-4.031032845,-38.493528,-0.097758650,-0.990268069,-0.169095569,-0.000079778,0.096807270,0.000321589
918.143000000,-0.983697,24.371704950,1396.395833,-4.039842494,-38.577654,-0.097711025,-0.990268069,-0.169495595,-0.000068254,0.096760108,0.000275734
918.159000000,-0.970464,24.310645809,1392.897402,-4.096410383,-39.117838,-0.098576550,-0.999970513,-0.171927587,-0.000046701,0.098573643,0.000191307
918.162000000,-0.945519,24.298341292,1392.192405,-4.103859468,-39.188971,-0.098536280,-0.999970513,-0.172265832,-0.000036956,0.098533375,0.000151664
918.163000000,-0.945519,24.290127373,1391.721782,-4.107940432,-39.227942,-0.098514219,-0.999970513,-0.172451139,-0.000031618,0.098511314,0.000129884
918.179000000,-0.932576,24.228406725,1388.185450,-4.113765758,-39.283569,-0.097646996,-0.993047928,-0.172813131,0.000013424,0.096968147,-0.000055225
918.182000000,-0.897258,24.216069822,1387.478597,-4.111624478,-39.263122,-0.097658572,-0.993047928,-0.172715900,0.000010623,0.096979643,-0.000043679
918.183000000,-0.897258,24.207848356,1387.007542,-4.110451382,-39.251919,-0.097664914,-0.993047928,-0.172662633,0.000009089,0.096985940,-0.000037359
918.197000000,-0.879980,24.154626503,1383.958154,-4.078437142,-38.946206,-0.095112739,-0.970464383,-0.171526807,0.000089237,0.092303526,-0.000363946
918.199000000,-0.841699,24.146484611,1383.491658,-4.068577314,-38.852051,-0.095164881,-0.970464383,-0.171079231,0.000076390,0.092354127,-0.000310799
918.201000000,-0.841699,24.138360274,1383.026168,-4.060141820,-38.771498,-0.095210483,-0.970464383,-0.170696196,0.000065355,0.092398382,-0.000265350
918.203000000,-0.841699,24.130250956,1382.561538,-4.052924905,-38.702582,-0.095249497,-0.970464383,-0.170368493,0.000055914,0.092436245,-0.000226614
918.215000000,-0.813507,24.077930423,1379.563793,-3.983149168,-38.036273,-0.091053759,-0.932576036,-0.167733519,0.000169397,0.084914554,-0.000674735
918.218000000,-0.771403,24.069992556,1379.108986,-3.964437585,-37.857590,-0.091153779,-0.932576036,-0.166884003,0.000144970,0.085007829,-0.000574724
918.220000000,-0.771403,24.058146692,1378.430268,-3.941314090,-37.636777,-0.091278784,-0.932576036,-0.165834020,0.000114720,0.085124406,-0.000452148
918.223000000,-0.771403,24.050283313,1377.979730,-3.928645935,-37.515805,-0.091347268,-0.932576036,-0.165258789,0.000098148,0.085188273,-0.000385588
918.225000000,-0.734204,24.042442490,1377.530484,-3.917807802,-37.412309,-0.091405858,-0.932576036,-0.164766655,0.000083970,0.085242913,-0.000328977
918.236000000,-0.734204,23.999805552,1375.087567,-3.820933947,-36.487231,-0.085581452,-0.879980407,-0.161108270,0.000241490,0.075310001,-0.000922718
918.239000000,-0.685564,23.988421811,1374.435327,-3.782404124,-36.119299,-0.085788229,-0.879980407,-0.159358900,0.000191154,0.075491960,-0.000723021
918.241000000,-0.685564,23.980889077,1374.003733,-3.761295646,-35.917728,-0.085902341,-0.879980407,-0.158400414,0.000163540,0.075592377,-0.000615123
918.243000000,-0.685564,23.973393927,1373.574293,-3.743236466,-35.745275,-0.085999968,-0.879980407,-0.157580389,0.000139915,0.075678287,-0.000523736
918.245000000,-0.648120,23.965930931,1373.146694,-3.727786087,-35.597735,-0.086083493,-0.879980407,-0.156878825,0.000119703,0.075751787,-0.000446229
918.258000000,-0.648120,23.918607267,1370.435248,-3.554051739,-33.938694,-0.078997676,-0.813506961,-0.149925979,0.000251764,0.064265159,-0.000894782
918.260000000,-0.578712,23.911541407,1370.030404,-3.526250317,-33.673210,-0.079147970,-0.813506961,-0.148663582,0.000215394,0.064387424,-0.000759535
918.262000000,-0.578712,23.904525048,1369.628397,-3.502465046,-33.446078,-0.079276552,-0.813506961,-0.147583550,0.000184279,0.064492027,-0.000645430
918.265000000,-0.578712,23.894077967,1369.029823,-3.473071566,-33.165390,-0.079435453,-0.813506961,-0.146248862,0.000145827,0.064621294,-0.000506467
918.274000000,-0.542295,23.863446005,1367.274741,-3.343635378,-31.929366,-0.075052112,-0.771402503,-0.140964349,0.000204105,0.057895387,-0.000682454
918.276000000,-0.488469,23.853515626,1366.705772,-3.288882125,-31.406511,-0.070857315,-0.734204025,-0.139001928,0.000333562,0.052023726,-0.001097048
918.279000000,-0.488469,23.846993831,1366.332101,-3.252047938,-31.054770,-0.071056437,-0.734204025,-0.137329375,0.000285377,0.052169922,-0.000928059
918.280000000,-0.488469,23.840537619,1365.962187,-3.220534760,-30.753842,-0.071226797,-0.734204025,-0.135898437,0.000244152,0.052295001,-0.000786299
918.283000000,-0.488469,23.834137517,1365.595488,-3.193573927,-30.496385,-0.071372547,-0.734204025,-0.134674210,0.000208882,0.052402011,-0.000667080
918.285000000,-0.438371,23.827785418,1365.231540,-3.170507814,-30.276119,-0.071497242,-0.734204025,-0.133626832,0.000178707,0.052493563,-0.000566592
918.297000000,-0.438371,23.788121730,1362.958978,-2.935398156,-28.030988,-0.062375715,-0.648119901,-0.124163219,0.000336487,0.040426942,-0.000987724
918.299000000,-0.357716,23.782307393,1362.625841,-2.898241024,-27.676163,-0.062576585,-0.648119901,-0.122476002,0.000287879,0.040557130,-0.000834342
918.302000000,-0.357716,23.776559215,1362.296494,-2.866451554,-27.372596,-0.062748439,-0.648119901,-0.121032518,0.000246292,0.040668512,-0.000705985
918.303000000,-0.357716,23.770867638,1361.970391,-2.839254341,-27.112882,-0.062895466,-0.648119901,-0.119797558,0.000210713,0.040763803,-0.000598268
918.317000000,-0.316311,23.735617043,1359.950681,-2.570200589,-24.543608,-0.051574221,-0.542294904,-0.109070596,0.000430802,0.027968437,-0.001107247
918.318000000,-0.243954,23.730548927,1359.660299,-2.522628609,-24.089329,-0.051831392,-0.542294904,-0.106910466,0.000368569,0.028107900,-0.000929762
918.321000000,-0.243954,23.725565513,1359.374770,-2.481928803,-23.700674,-0.052051415,-0.542294904,-0.105062385,0.000315326,0.028227217,-0.000782617
918.324000000,-0.243954,23.718222932,1358.954072,-2.431632597,-23.220381,-0.052323315,-0.542294904,-0.102778554,0.000249529,0.028374667,-0.000606763
918.332000000,-0.194919,23.697375579,1357.759606,-2.232159526,-21.315553,-0.046903513,-0.488468955,-0.094478884,0.000279550,0.022910910,-0.000624000
918.336000000,-0.139173,23.690816015,1357.383771,-2.157675100,-20.604279,-0.041258108,-0.438371147,-0.091802154,0.000452925,0.018086364,-0.000977265
918.338000000,-0.139173,23.686576663,1357.140874,-2.107660107,-20.126671,-0.041528485,-0.438371147,-0.089531092,0.000387496,0.018204889,-0.000816711
918.340000000,-0.139173,23.682426361,1356.903079,-2.064870202,-19.718058,-0.041759806,-0.438371147,-0.087588105,0.000331519,0.018306294,-0.000684544
918.342000000,-0.139173,23.678352247,1356.669650,-2.028261661,-19.368472,-0.041957711,-0.438371147,-0.085925798,0.000283628,0.018393050,-0.000575273
918.344000000,-0.139173,23.674343315,1356.439955,-1.996941532,-19.069387,-0.042127028,-0.438371147,-0.084503625,0.000242656,0.018467273,-0.000484570
918.357000000,-0.070453,23.650302243,1355.062503,-1.685907175,-16.099228,-0.029072785,-0.316311400,-0.072099028,0.000495587,0.009196053,-0.000835513
918.359000000,0.004887,23.647013584,1354.874076,-1.631181220,-15.576633,-0.029368630,-0.316311400,-0.069614053,0.000423995,0.009289632,-0.000691613
918.360000000,0.004887,23.643822365,1354.691233,-1.584360891,-15.129532,-0.029621740,-0.316311400,-0.067488053,0.000362745,0.009369694,-0.000574720
918.362000000,0.004887,23.640714509,1354.513166,-1.544304154,-14.747018,-0.029838286,-0.316311400,-0.065669172,0.000310344,0.009438190,-0.000479265
918.378000000,0.055124,23.620344567,1353.346054,-1.166191698,-11.136310,-0.017227246,-0.194919140,-0.050209318,0.000471916,0.003357920,-0.000550344
918.379000000,0.055124,23.619205447,1353.280788,-1.139119873,-10.877794,-0.017373596,-0.194919140,-0.048980051,0.000436501,0.003386446,-0.000497227
918.380000000,0.136407,23.618091367,1353.216956,-1.114079656,-10.638677,-0.017508963,-0.194919140,-0.047843035,0.000403743,0.003412832,-0.000449802
918.382000000,0.136407,23.615930953,1353.093173,-1.069495638,-10.212931,-0.017749984,-0.194919140,-0.045818581,0.000345419,0.003459812,-0.000369424
918.383000000,0.136407,23.613849921,1352.973939,-1.031352158,-9.848688,-0.017956187,-0.194919140,-0.044086576,0.000295521,0.003500004,-0.000304786
918.397000000,0.179832,23.602705308,1352.335399,-0.706364387,-6.745283,-0.004686852,-0.070452888,-0.031082273,0.000543206,0.000330202,-0.000383702
918.398000000,0.253420,23.601383725,1352.259678,-0.646379931,-6.172474,-0.005011122,-0.070452888,-0.028358522,0.000464736,0.000353048,-0.000300396
918.401000000,0.253420,23.600168944,1352.190076,-0.595060736,-5.682411,-0.005288553,-0.070452888,-0.026028239,0.000397601,0.000372594,-0.000236597
918.403000000,0.253420,23.599045537,1352.125710,-0.551155032,-5.263143,-0.005525907,-0.070452888,-0.024034586,0.000340164,0.000389316,-0.000187483
918.414000000,0.301704,23.594561541,1351.868796,-0.270382091,-2.581959,0.002051654,0.004886902,-0.012346220,0.000380127,0.000010026,-0.000102780
918.414000000,0.301704,23.594312965,1351.854553,-0.248575791,-2.373724,0.001933769,0.004886902,-0.011356048,0.000351600,0.000009450,-0.000087399
918.415000000,0.360974,23.594100127,1351.842359,-0.212838412,-2.032457,0.007801107,0.055124448,-0.010440183,0.000576222,0.000430032,-0.000122642
918.417000000,0.360974,23.593771169,1351.823511,-0.149186360,-1.424625,0.007461411,0.055124448,-0.007550409,0.000493151,0.000411306,-0.000073571
918.420000000,0.360974,23.593555543,1351.811156,-0.094729378,-0.904599,0.007167018,0.055124448,-0.005077647,0.000421911,0.000395078,-0.000039967
918.422000000,0.360974,23.593436878,1351.804357,-0.048139166,-0.459695,0.006915152,0.055124448,-0.002962096,0.000360962,0.000381194,-0.000017376
918.425000000,0.360974,23.593410603,1351.802852,0.009436315,0.090110,0.006603899,0.055124448,-0.000347731,0.000285643,0.000364036,0.000002695
918.436000000,0.418818,23.595144477,1351.902196,0.304591683,2.908636,0.020059888,0.179832439,0.011298994,0.000573492,0.003607419,0.000174681
918.438000000,0.480530,23.595849917,1351.942614,0.367939244,3.513561,0.019721240,0.179832439,0.014175012,0.000490792,0.003546519,0.000180582
918.440000000,0.480530,23.596668146,1351.989495,0.422135720,4.031099,0.019428255,0.179832439,0.016635945,0.000419893,0.003493830,0.000177252
918.442000000,0.480530,23.597582873,1352.041905,0.468503058,4.473875,0.019177594,0.179832439,0.018741375,0.000359236,0.003448753,0.000168303
918.444000000,0.480530,23.598580156,1352.099045,0.508172242,4.852687,0.018963143,0.179832439,0.020542658,0.000307341,0.003410188,0.000156182
918.456000000,0.529327,23.606598263,1352.558449,0.819328238,7.824008,0.031989822,0.301704364,0.032955918,0.000558908,0.009651469,0.000457929
918.459000000,0.591732,23.609239239,1352.709766,0.908507314,8.675606,0.031511955,0.301704364,0.037004833,0.000442435,0.009507294,0.000401955
918.461000000,0.591732,23.611130491,1352.818127,0.957363874,9.142152,0.031247838,0.301704364,0.039223293,0.000378521,0.009427609,0.000362383
918.462000000,0.591732,23.613108732,1352.931472,0.999162691,9.541301,0.031021874,0.301704364,0.041121278,0.000323841,0.009359435,0.000323569
918.464000000,0.631488,23.615161395,1353.049080,1.034923316,9.882790,0.030828552,0.301704364,0.042745083,0.000277059,0.009301109,0.000286735
918.477000000,0.631488,23.631067456,1353.960431,1.375832420,13.138232,0.043124203,0.418818232,0.056575865,0.000464172,0.018061202,0.000638623
918.480000000,0.692647,23.633897005,1354.122552,1.427089373,13.627700,0.042847109,0.418818232,0.058903321,0.000397119,0.017945150,0.000566724
918.482000000,0.692647,23.636817818,1354.289902,1.470941826,14.046460,0.042610043,0.418818232,0.060894557,0.000339751,0.017845863,0.000499755
918.484000000,0.692647,23.639816709,1354.461726,1.508459422,14.404726,0.042407223,0.418818232,0.062598142,0.000290671,0.017760918,0.000438466
918.497000000,0.723690,23.661608624,1355.710311,1.826065942,17.437645,0.054031452,0.529327086,0.075463815,0.000472564,0.028600311,0.000862932
918.500000000,0.773619,23.667241491,1356.033050,1.901442419,18.157438,0.053623971,0.529327086,0.078886481,0.000373957,0.028384621,0.000711058
918.502000000,0.773619,23.671107123,1356.254535,1.942737251,18.551774,0.053400732,0.529327086,0.080761581,0.000319936,0.028266454,0.000621552
918.503000000,0.773619,23.675046281,1356.480232,1.978066696,18.889146,0.053209742,0.529327086,0.082365807,0.000273719,0.028165358,0.000541433
918.516000000,0.804479,23.700456052,1357.936104,2.247647185,21.463450,0.064082325,0.631488135,0.093168685,0.000473156,0.040467228,0.001063487
918.518000000,0.843579,23.707353907,1358.331322,2.323142981,22.184381,0.063677682,0.631488135,0.096596362,0.000374549,0.040211701,0.000870131
918.521000000,0.843579,23.712063040,1358.601136,2.364503185,22.579342,0.063454089,0.631488135,0.098474431,0.000320442,0.040070505,0.000757687
918.523000000,0.843579,23.716845814,1358.875169,2.399888559,22.917248,0.063262797,0.631488135,0.100081196,0.000274152,0.039949706,0.000657934
918.525000000,0.872581,23.721691592,1359.152811,2.430162217,23.206340,0.063099138,0.631488135,0.101455851,0.000234548,0.039846357,0.000569990
918.536000000,0.872581,23.749707880,1360.758026,2.660379105,25.404749,0.072982988,0.723690240,0.110611465,0.000431679,0.052817076,0.001148430
918.538000000,0.904232,23.755101091,1361.067034,2.708061429,25.860082,0.072727940,0.723690240,0.112776288,0.000369424,0.052632500,0.001000422
918.540000000,0.904232,23.763346187,1361.539444,2.766986533,26.422775,0.072409392,0.723690240,0.115451937,0.000292339,0.052401970,0.000808898
918.543000000,0.904232,23.768929212,1361.859327,2.799268518,26.731045,0.072234876,0.723690240,0.116917785,0.000250108,0.052275675,0.000700119
918.544000000,0.926922,23.774569715,1362.182504,2.826887098,26.994783,0.072085571,0.723690240,0.118171879,0.000213978,0.052167624,0.000604891
918.552000000,0.926922,23.797767651,1363.511648,2.969451065,28.356169,0.077342542,0.773619071,0.123942318,0.000297379,0.059833666,0.000883053
918.555000000,0.948655,23.803756451,1363.854781,3.002289642,28.669754,0.077165017,0.773619071,0.125433440,0.000254420,0.059696329,0.000763843
918.557000000,0.948655,23.809831698,1364.202867,3.048799557,29.113891,0.080639194,0.804479317,0.127110799,0.000360399,0.064872564,0.001098783
918.559000000,0.948655,23.819096054,1364.733676,3.106285104,29.662838,0.080328430,0.804479317,0.129721081,0.000285197,0.064622560,0.000885903
918.562000000,0.948655,23.825356479,1365.092372,3.137778432,29.963577,0.080158178,0.804479317,0.131151118,0.000243998,0.064485596,0.000765611
918.563000000,0.948655,23.828508254,1365.272955,3.151775565,30.097240,0.080082509,0.804479317,0.131786694,0.000225687,0.064424722,0.000711315
918.576000000,0.966645,23.874198711,1367.890825,3.371229556,32.192871,0.087117768,0.872581274,0.140792629,0.000306741,0.076017333,0.001034094
918.577000000,0.966645,23.877587537,1368.084991,3.388825997,32.360905,0.087022644,0.872581274,0.141591641,0.000283721,0.075934329,0.000961483
918.579000000,0.984319,23.884412795,1368.476049,3.420156398,32.660088,0.086853272,0.872581274,0.143014280,0.000242736,0.075786539,0.000830193
918.582000000,0.984319,23.891293837,1368.870304,3.446960857,32.916052,0.086708367,0.872581274,0.144231407,0.000207670,0.075660098,0.000715831
918.583000000,0.984319,23.898222604,1369.267293,3.469893186,33.135039,0.086584396,0.872581274,0.145272709,0.000177671,0.075551922,0.000616498
918.596000000,0.991123,23.944485287,1371.917950,3.640821543,34.767285,0.092220668,0.926922104,0.152268982,0.000247816,0.085481375,0.000902254
918.599000000,0.998322,23.955488861,1372.548408,3.680349571,35.144750,0.092006981,0.926922104,0.154063856,0.000196106,0.085283305,0.000721739
918.602000000,0.998322,23.962882466,1372.972030,3.702004911,35.351543,0.091889913,0.926922104,0.155047173,0.000167777,0.085174792,0.000621111
918.604000000,0.998322,23.970314627,1373.397862,3.720531955,35.528463,0.091789756,0.926922104,0.155888442,0.000143540,0.085081954,0.000534046
918.612000000,0.999971,24.004309270,1375.345611,3.817572726,36.455134,0.093888915,0.948655416,0.159988804,0.000134077,0.089068227,0.000511849
918.616000000,0.998479,24.015811446,1376.004637,3.844533294,36.712589,0.095913363,0.966644818,0.160959893,0.000195983,0.092714156,0.000753463
918.617000000,0.998479,24.023533408,1376.447073,3.866182813,36.919326,0.095797904,0.966644818,0.161942762,0.000167732,0.092602548,0.000648482
918.620000000,0.998479,24.031293918,1376.891718,3.884704880,37.096199,0.095697774,0.966644818,0.162783805,0.000143502,0.092505757,0.000557461
918.622000000,0.998479,24.039087406,1377.338252,3.900551278,37.247521,0.095612109,0.966644818,0.163503353,0.000122772,0.092422949,0.000478877
918.624000000,0.998479,24.046909109,1377.786402,3.914108529,37.376983,0.095538818,0.966644818,0.164118955,0.000105036,0.092352104,0.000411123
918.636000000,0.993768,24.094408820,1380.507935,3.998925982,38.186930,0.098034830,0.991122966,0.167625705,0.000126375,0.097164572,0.000505363
918.638000000,0.982548,24.102427881,1380.967394,4.012884057,38.320220,0.097959970,0.991122966,0.168259438,0.000108142,0.097090376,0.000433960
918.641000000,0.982548,24.114501928,1381.659186,4.030133237,38.484938,0.097866721,0.991122966,0.169042682,0.000085577,0.096997955,0.000344885
918.643000000,0.982548,24.122576554,1382.121828,4.039583161,38.575178,0.097815635,0.991122966,0.169471781,0.000073214,0.096947322,0.000295755
918.644000000,0.982548,24.130668005,1382.585434,4.047667964,38.652382,0.097771929,0.991122966,0.169838893,0.000062638,0.096904004,0.000253537
918.658000000,0.970464,24.183652972,1385.621248,4.096737936,39.120966,0.098574779,0.999970513,0.171942460,0.000046273,0.098571873,0.000189567
918.661000000,0.945519,24.195958330,1386.326294,4.104118673,39.191446,0.098534879,0.999970513,0.172277602,0.000036617,0.098531974,0.000150282
918.663000000,0.945519,24.204172712,1386.796943,4.108162193,39.230059,0.098513020,0.999970513,0.172461209,0.000031328,0.098510115,0.000128699
918.665000000,0.932576,24.212394293,1387.268005,4.111621592,39.263094,0.098494319,0.999970513,0.172618292,0.000026802,0.098491414,0.000110200
918.677000000,0.932576,24.261790006,1390.098171,4.116268695,39.307471,0.097720387,0.993767919,0.172916645,-0.000012807,0.097111385,-0.000052716
918.680000000,0.902736,24.274134621,1390.805465,4.114225952,39.287964,0.097731430,0.993767919,0.172823889,-0.000010134,0.097122360,-0.000041695
918.682000000,0.902736,24.282361372,1391.276823,4.113106840,39.277277,0.097737480,0.993767919,0.172773072,-0.000008670,0.097128372,-0.000035662
918.684000000,0.902736,24.290586131,1391.748067,4.112149393,39.268134,0.097742656,0.993767919,0.172729597,-0.000007418,0.097133515,-0.000030504
918.693000000,0.879980,24.331583175,1394.097025,4.087555367,39.033279,0.096521074,0.982547927,0.171770830,-0.000035897,0.094836581,-0.000146729
918.695000000,0.848418,24.339748518,1394.564865,4.079847002,38.959669,0.095105017,0.970464383,0.171590838,-0.000091085,0.092296031,-0.000371615
918.698000000,0.848418,24.347892921,1395.031504,4.069783508,38.863570,0.095158360,0.970464383,0.171134002,-0.000077968,0.092347799,-0.000317313
918.701000000,0.848418,24.360076753,1395.729587,4.057347192,38.744812,0.095225591,0.970464383,0.170569298,-0.000061699,0.092413044,-0.000250334
918.703000000,0.848418,24.368181094,1396.193931,4.050533984,38.679750,0.095262423,0.970464383,0.170259927,-0.000052786,0.092448788,-0.000213812
918.705000000,0.848418,24.376273305,1396.657581,4.044705001,38.624088,0.095293934,0.970464383,0.169995247,-0.000045161,0.092479369,-0.000182661
918.716000000,0.813507,24.420439477,1399.188116,3.977437391,37.981729,0.091084637,0.932576036,0.167474161,-0.000161925,0.084943350,-0.000644048
918.718000000,0.767389,24.432318774,1399.868749,3.951601323,37.735013,0.091223171,0.932576036,0.166301139,-0.000128178,0.085072543,-0.000506507
918.721000000,0.767389,24.440200470,1400.320337,3.937447091,37.599850,0.091299689,0.932576036,0.165658429,-0.000109661,0.085143902,-0.000431786
918.723000000,0.767389,24.448056964,1400.770481,3.925337557,37.484213,0.091365153,0.932576036,0.165108564,-0.000093820,0.085204952,-0.000368275
918.725000000,0.734204,24.455891897,1401.219390,3.914977347,37.385280,0.091421160,0.932576036,0.164638131,-0.000080267,0.085257183,-0.000314243
918.736000000,0.734204,24.502231342,1403.874445,3.801902923,36.305499,0.085682820,0.879980407,0.160244293,-0.000216662,0.075399203,-0.000823727
918.739000000,0.680977,24.509798794,1404.308028,3.777977679,36.077029,0.085812158,0.879980407,0.159157905,-0.000185363,0.075513018,-0.000700298
918.741000000,0.680977,24.517323647,1404.739170,3.757508638,35.881564,0.085922813,0.879980407,0.158228455,-0.000158586,0.075610392,-0.000595888
918.743000000,0.680977,24.524812054,1405.168224,3.739996523,35.714336,0.086017484,0.879980407,0.157433271,-0.000135677,0.075693700,-0.000507431
918.752000000,0.648120,24.561570202,1407.274311,3.623276051,34.599738,0.082838074,0.848417843,0.152577707,-0.000153603,0.070281300,-0.000556548
918.753000000,0.648120,24.565184667,1407.481404,3.614464465,34.515593,0.082885710,0.848417843,0.152177594,-0.000142076,0.070321715,-0.000513530
918.755000000,0.599024,24.568790981,1407.688031,3.606314145,34.437763,0.082929770,0.848417843,0.151807508,-0.000131414,0.070359097,-0.000473921
918.758000000,0.599024,24.579505167,1408.301909,3.555257969,33.950213,0.078991155,0.813506961,0.149980751,-0.000253342,0.064259854,-0.000900695
918.759000000,0.599024,24.586573174,1408.706876,3.527282297,33.683065,0.079142391,0.813506961,0.148710442,-0.000216744,0.064382886,-0.000764519
918.762000000,0.599024,24.593591370,1409.108989,3.503347948,33.454509,0.079271779,0.813506961,0.147623640,-0.000185434,0.064488144,-0.000649639
918.763000000,0.599024,24.600566952,1409.508660,3.482871117,33.258969,0.079382477,0.813506961,0.146693836,-0.000158646,0.064578197,-0.000552545
918.778000000,0.542295,24.647820721,1412.216101,3.263907283,31.168019,0.070992326,0.734204025,0.137867880,-0.000300891,0.052122851,-0.000982080
918.779000000,0.471935,24.654298048,1412.587225,3.230680922,30.850730,0.071171947,0.734204025,0.136359150,-0.000257425,0.052254730,-0.000831657
918.781000000,0.471935,24.660716216,1412.954959,3.202254390,30.579277,0.071325620,0.734204025,0.135068369,-0.000220237,0.052367558,-0.000705256
918.783000000,0.471935,24.667083771,1413.319793,3.177934311,30.347037,0.071457094,0.734204025,0.133964052,-0.000188422,0.052464086,-0.000598794
918.797000000,0.432715,24.706894994,1415.600808,2.947410623,28.145698,0.062310777,0.648119901,0.124708677,-0.000352202,0.040384855,-0.001038083
918.800000000,0.363576,24.715621951,1416.100826,2.891232541,27.609237,0.062614473,0.648119901,0.122157764,-0.000278710,0.040581686,-0.000805816
918.802000000,0.363576,24.721357650,1416.429457,2.860455505,27.315338,0.062780853,0.648119901,0.120760252,-0.000238448,0.040689520,-0.000682071
918.804000000,0.363576,24.727038552,1416.754949,2.834124472,27.063895,0.062923198,0.648119901,0.119564622,-0.000204002,0.040781777,-0.000578168
918.817000000,0.316311,24.761984603,1418.757210,2.571606937,24.557037,0.051566620,0.542294904,0.109134455,-0.000432641,0.027964315,-0.001112584
918.819000000,0.243954,24.767055223,1419.047735,2.523831798,24.100818,0.051824888,0.542294904,0.106965100,-0.000370143,0.028104373,-0.000934178
918.821000000,0.243954,24.772040780,1419.333387,2.482958181,23.710504,0.052045850,0.542294904,0.105109127,-0.000316673,0.028224199,-0.000786285
918.823000000,0.243954,24.776953561,1419.614868,2.447989104,23.376574,0.052234892,0.542294904,0.103521264,-0.000270927,0.028326716,-0.000663225
918.835000000,0.201078,24.807037460,1421.338549,2.168886616,20.711342,0.040518124,0.432715241,0.092390483,-0.000498012,0.017532810,-0.001080132
918.836000000,0.201078,24.809177769,1421.461179,2.140308912,20.438445,0.040669178,0.432715241,0.091093238,-0.000460781,0.017598173,-0.000986214
918.838000000,0.126718,24.811291645,1421.582296,2.113875819,20.186027,0.040812072,0.432715241,0.089892974,-0.000426202,0.017660006,-0.000900938
918.841000000,0.126718,24.817493777,1421.937652,2.045894296,19.536851,0.041179579,0.432715241,0.086806095,-0.000337269,0.017819032,-0.000690018
918.843000000,0.126718,24.821528975,1422.168851,2.008650772,19.181202,0.041380917,0.432715241,0.085114955,-0.000288548,0.017906154,-0.000579592
918.845000000,0.126718,24.825497860,1422.396252,1.976787390,18.876929,0.041553170,0.432715241,0.083668115,-0.000246865,0.017980690,-0.000487999
918.856000000,0.070453,24.845841164,1423.561837,1.720812635,16.432550,0.028888229,0.316311400,0.073683518,-0.000541064,0.009137676,-0.000931070
918.859000000,-0.004887,24.850826452,1423.847473,1.634480402,15.608138,0.029350795,0.316311400,0.069763861,-0.000428311,0.009283991,-0.000700066
918.861000000,-0.004887,24.854023546,1424.030653,1.587183478,15.156486,0.029606481,0.316311400,0.067616220,-0.000366438,0.009364867,-0.000581604
918.862000000,-0.004887,24.857136427,1424.209008,1.546718995,14.770078,0.029825231,0.316311400,0.065778824,-0.000313503,0.009434061,-0.000484901
918.874000000,-0.055124,24.872673459,1425.099214,1.282870346,12.250509,0.022516174,0.243953546,0.054816961,-0.000359486,0.005492900,-0.000461174
918.875000000,-0.055124,24.873922420,1425.170775,1.248961878,11.926707,0.017527072,0.201077921,0.053880555,-0.000546733,0.003524307,-0.000682849
918.876000000,-0.111469,24.875140009,1425.240537,1.217588424,11.627113,0.017692919,0.201077921,0.052456399,-0.000505859,0.003557655,-0.000615928
918.879000000,-0.111469,24.878627207,1425.440339,1.136901095,10.856606,0.018129111,0.201077921,0.048792580,-0.000400305,0.003645364,-0.000455108
918.881000000,-0.111469,24.880833841,1425.566770,1.092696724,10.434485,0.018368079,0.201077921,0.046785364,-0.000342478,0.003693415,-0.000374225
918.882000000,-0.111469,24.882961770,1425.688691,1.054878049,10.073343,0.018572526,0.201077921,0.045068108,-0.000293004,0.003734525,-0.000309084
918.885000000,-0.111469,24.885022362,1425.806754,1.022522600,9.764372,0.018747439,0.201077921,0.043598924,-0.000250677,0.003769696,-0.000256323
918.897000000,-0.179832,24.895179521,1426.388717,0.695476721,6.641313,0.004745710,0.070452888,0.030587890,-0.000528963,0.000334349,-0.000367882
918.899000000,-0.253420,24.896481719,1426.463327,0.637065080,6.083523,0.005061478,0.070452888,0.027935557,-0.000452550,0.000356596,-0.000288304
918.901000000,-0.253420,24.897679914,1426.531979,0.587091494,5.606311,0.005331635,0.070452888,0.025666375,-0.000387176,0.000375629,-0.000227307
918.904000000,-0.253420,24.899314467,1426.625632,0.525334889,5.016579,0.005665490,0.070452888,0.022862155,-0.000306386,0.000399150,-0.000160955
918.914000000,-0.301704,24.903224721,1426.849673,0.267491516,2.554356,-0.002036027,-0.004886902,0.012214966,-0.000376346,0.000009950,-0.000100669
918.916000000,-0.360974,24.903680989,1426.875815,0.210365405,2.008842,-0.007787738,-0.055124448,0.010327890,-0.000572987,0.000429295,-0.000120537
918.918000000,-0.360974,24.904005544,1426.894411,0.147070600,1.404421,-0.007449973,-0.055124448,0.007454337,-0.000490383,0.000410676,-0.000072121
918.920000000,-0.360974,24.904217402,1426.906549,0.092919257,0.887314,-0.007157232,-0.055124448,0.004995454,-0.000419543,0.000394538,-0.000038984
918.922000000,-0.360974,24.904332845,1426.913164,0.046590532,0.444907,-0.006906780,-0.055124448,0.002891777,-0.000358937,0.000380732,-0.000016723
918.924000000,-0.360974,24.904365799,1426.915052,0.006954384,0.066409,-0.006692507,-0.055124448,0.001091993,-0.000307085,0.000368921,-0.000002136
918.935000000,-0.413104,24.902320369,1426.797857,-0.298439271,-2.849885,-0.020090961,-0.179832439,-0.011019882,-0.000581442,0.003613006,0.000173525
918.938000000,-0.480530,24.901625884,1426.758066,-0.362675596,-3.463297,-0.019749695,-0.179832439,-0.013936002,-0.000497678,0.003551636,0.000180496
918.940000000,-0.480530,24.900817026,1426.711722,-0.417632451,-3.988096,-0.019452600,-0.179832439,-0.016431462,-0.000425784,0.003498208,0.000177821
918.943000000,-0.480530,24.899424770,1426.631952,-0.485547304,-4.636635,-0.019085453,-0.179832439,-0.019515314,-0.000336939,0.003432184,0.000163600
918.944000000,-0.480530,24.898397140,1426.573073,-0.522754303,-4.991936,-0.018884313,-0.179832439,-0.021204795,-0.000288265,0.003396012,0.000150692
918.953000000,-0.529327,24.893289639,1426.280435,-0.738703607,-7.054100,-0.026600805,-0.253420289,-0.029974343,-0.000403559,0.006741184,0.000298110
918.955000000,-0.581555,24.891744518,1426.191906,-0.783267257,-7.479651,-0.026359895,-0.253420289,-0.031997872,-0.000345261,0.006680132,0.000270432
918.957000000,-0.581555,24.890076276,1426.096322,-0.850205733,-8.118867,-0.031827130,-0.301704364,-0.034357498,-0.000518704,0.009602384,0.000441005
918.960000000,-0.581555,24.887355888,1425.940456,-0.932941836,-8.908938,-0.031379863,-0.301704364,-0.038114347,-0.000410470,0.009467442,0.000382944
918.962000000,-0.581555,24.885421131,1425.829602,-0.978268622,-9.341777,-0.031134827,-0.301704364,-0.040172528,-0.000351174,0.009393513,0.000343542
918.963000000,-0.581555,24.883405669,1425.714125,-1.017047572,-9.712089,-0.030925188,-0.301704364,-0.041933388,-0.000300444,0.009330264,0.000305566
918.977000000,-0.631488,24.867806198,1424.820341,-1.357215117,-12.960450,-0.042535048,-0.413104430,-0.055810954,-0.000457640,0.017571417,0.000621116
918.978000000,-0.688101,24.865014979,1424.660416,-1.407750724,-13.443029,-0.042261853,-0.413104430,-0.058105656,-0.000391530,0.017458559,0.000551176
918.980000000,-0.688101,24.862133782,1424.495335,-1.450986035,-13.855896,-0.042028124,-0.413104430,-0.060068868,-0.000334970,0.017362004,0.000486037
918.983000000,-0.688101,24.859175605,1424.325844,-1.487975641,-14.209121,-0.041828158,-0.413104430,-0.061748478,-0.000286581,0.017279398,0.000426425
918.998000000,-0.723690,24.834089965,1422.888543,-1.850480185,-17.670784,-0.053899472,-0.529327086,-0.076572407,-0.000440625,0.028530451,0.000815368
918.999000000,-0.723690,24.832214208,1422.781070,-1.875757015,-17.912160,-0.053762826,-0.529327086,-0.077720168,-0.000407559,0.028458120,0.000764481
918.999000000,-0.777585,24.830315071,1422.672258,-1.899136942,-18.135422,-0.053636435,-0.529327086,-0.078781795,-0.000376973,0.028391218,0.000715924
919.002000000,-0.777585,24.826453544,1422.451008,-1.940764820,-18.532939,-0.053411395,-0.529327086,-0.080672017,-0.000322516,0.028272098,0.000625928
919.003000000,-0.777585,24.822517899,1422.225512,-1.976379199,-18.873031,-0.053218864,-0.529327086,-0.082289182,-0.000275926,0.028170186,0.000545335
919.016000000,-0.804479,24.794721630,1420.632904,-2.271774605,-21.693849,-0.063955375,-0.631488135,-0.094263847,-0.000441748,0.040387061,0.001003553
919.018000000,-0.846936,24.790103959,1420.368331,-2.320555405,-22.159672,-0.063691670,-0.631488135,-0.096478867,-0.000377934,0.040220534,0.000877017
919.021000000,-0.846936,24.785399434,1420.098781,-2.362289407,-22.558202,-0.063466057,-0.631488135,-0.098373908,-0.000323338,0.040078062,0.000763819
919.023000000,-0.846936,24.780620601,1419.824974,-2.397994580,-22.899161,-0.063273036,-0.631488135,-0.099995195,-0.000276630,0.039956171,0.000663356
919.025000000,-0.869495,24.775778196,1419.547525,-2.428541839,-23.190866,-0.063107898,-0.631488135,-0.101382274,-0.000236668,0.039851889,0.000574758
919.036000000,-0.869495,24.745010329,1417.784656,-2.686452338,-25.653730,-0.072844756,-0.723690240,-0.111795071,-0.000397692,0.052717039,0.001068382
919.038000000,-0.906897,24.742301063,1417.629426,-2.709266290,-25.871587,-0.072721427,-0.723690240,-0.112830998,-0.000367848,0.052627787,0.000996597
919.041000000,-0.906897,24.734052868,1417.156840,-2.767939985,-26.431880,-0.072404238,-0.723690240,-0.115495231,-0.000291092,0.052398240,0.000805724
919.043000000,-0.906897,24.725653774,1416.675607,-2.814370671,-26.875260,-0.072153234,-0.723690240,-0.117603538,-0.000230352,0.052216591,0.000648295
919.052000000,-0.926922,24.702582679,1415.353731,-2.955804041,-28.225849,-0.077895120,-0.777585121,-0.123266793,-0.000336671,0.060570086,0.000995135
919.054000000,-0.948655,24.696614580,1415.011784,-2.992981522,-28.580868,-0.077694139,-0.777585121,-0.124954934,-0.000288036,0.060413807,0.000862088
919.057000000,-0.948655,24.687516979,1414.490530,-3.054973392,-29.172847,-0.080605819,-0.804479317,-0.127391138,-0.000352322,0.064845714,0.001076334
919.058000000,-0.948655,24.681347916,1414.137068,-3.093879129,-29.544369,-0.080395496,-0.804479317,-0.129157755,-0.000301426,0.064676514,0.000932576
919.061000000,-0.948655,24.675109580,1413.779638,-3.127164605,-29.862222,-0.080215556,-0.804479317,-0.130669169,-0.000257883,0.064531755,0.000806441
919.062000000,-0.948655,24.668811980,1413.418812,-3.155641712,-30.134159,-0.080061609,-0.804479317,-0.131962247,-0.000220629,0.064407908,0.000696227
919.064000000,-0.965016,24.665643682,1413.237282,-3.168298293,-30.255020,-0.079993188,-0.804479317,-0.132536952,-0.000204072,0.064352865,0.000646562
919.077000000,-0.965016,24.619632144,1410.601015,-3.397998432,-32.448495,-0.086600458,-0.869494930,-0.142051599,-0.000255038,0.075298659,0.000866620
919.079000000,-0.984319,24.612793354,1410.209181,-3.426161448,-32.717432,-0.086448209,-0.869494930,-0.143330414,-0.000218196,0.075166279,0.000747574
919.081000000,-0.984319,24.605904419,1409.814474,-3.450256077,-32.947519,-0.086317954,-0.869494930,-0.144424494,-0.000186676,0.075053023,0.000644079
919.083000000,-0.984319,24.598972584,1409.417309,-3.470870034,-33.144367,-0.086206515,-0.869494930,-0.145360525,-0.000159709,0.074956128,0.000554328
919.093000000,-0.990268,24.563577788,1407.389337,-3.602023753,-34.396793,-0.090012873,-0.906896990,-0.150789242,-0.000190321,0.081632403,0.000685539
919.097000000,-0.997053,24.552691270,1406.765585,-3.644330460,-34.800792,-0.092201699,-0.926922104,-0.152428314,-0.000243226,0.085463793,0.000886395
919.098000000,-0.997053,24.545361798,1406.345638,-3.671189065,-35.057273,-0.092056503,-0.926922104,-0.153647899,-0.000208090,0.085329207,0.000763937
919.100000000,-0.997053,24.537984504,1405.922950,-3.694167718,-35.276703,-0.091932281,-0.926922104,-0.154691305,-0.000178029,0.085214063,0.000657671
919.102000000,-0.997053,24.530566296,1405.497918,-3.713826911,-35.464435,-0.091826003,-0.926922104,-0.155583982,-0.000152312,0.085115552,0.000565659
919.105000000,-0.999971,24.523113086,1405.070880,-3.730646167,-35.625047,-0.091735079,-0.926922104,-0.156347704,-0.000130309,0.085031272,0.000486136
919.115000000,-0.999971,24.481332191,1402.677011,-3.844825721,-36.715381,-0.095715346,-0.965016494,-0.160996084,-0.000186804,0.092366887,0.000718230
919.119000000,-0.998113,24.469736552,1402.012630,-3.874632291,-37.000013,-0.095555647,-0.965016494,-0.162349362,-0.000147876,0.092212775,0.000572966
919.120000000,-0.998113,24.461962475,1401.567208,-3.890961754,-37.155948,-0.095467370,-0.965016494,-0.163090844,-0.000126514,0.092127587,0.000492262
919.123000000,-0.998113,24.454159323,1401.120121,-3.904932289,-37.289357,-0.095391845,-0.965016494,-0.163725212,-0.000108238,0.092054704,0.000422663
919.125000000,-0.993048,24.446331297,1400.671608,-3.916884662,-37.403493,-0.095327231,-0.965016494,-0.164267941,-0.000092602,0.091992350,0.000362712
919.137000000,-0.993048,24.398782275,1397.947250,-4.003696791,-38.232488,-0.097906428,-0.990268069,-0.167854304,-0.000115539,0.096953609,0.000462583
919.140000000,-0.981360,24.386733369,1397.256898,-4.022125881,-38.408473,-0.097806801,-0.990268069,-0.168691125,-0.000091430,0.096854952,0.000367744
919.142000000,-0.981360,24.378673776,1396.795117,-4.032222216,-38.504886,-0.097752220,-0.990268069,-0.169149576,-0.000078222,0.096800902,0.000315410
919.143000000,-0.981360,24.374637067,1396.563831,-4.036709508,-38.547736,-0.097727962,-0.990268069,-0.169353333,-0.000072352,0.096776880,0.000292065
919.154000000,-0.970464,24.329939557,1394.002852,-4.082710624,-38.987015,-0.098298363,-0.997052752,-0.171346599,-0.000048850,0.098008654,0.000199442
919.155000000,-0.970464,24.325854045,1393.768770,-4.085512964,-39.013775,-0.098283214,-0.997052752,-0.171473846,-0.000045184,0.097993549,0.000184601
919.156000000,-0.953402,24.321765035,1393.534487,-4.089009153,-39.047161,-0.098616305,-0.999970513,-0.171591544,-0.000056372,0.098613397,0.000230505
919.159000000,-0.953402,24.309479554,1392.830581,-4.098002598,-39.133042,-0.098567943,-0.999970513,-0.171999886,-0.000044618,0.098565036,0.000182846
919.160000000,-0.953402,24.301276062,1392.360555,-4.102929636,-39.180092,-0.098541307,-0.999970513,-0.172223611,-0.000038173,0.098538401,0.000156620
919.162000000,-0.953402,24.293063798,1391.890027,-4.107144923,-39.220345,-0.098518519,-0.999970513,-0.172415017,-0.000032658,0.098515614,0.000134133
919.164000000,-0.953402,24.284844028,1391.419069,-4.110751275,-39.254783,-0.098499023,-0.999970513,-0.172578773,-0.000027941,0.098496119,0.000114857
919.178000000,-0.932576,24.231337917,1388.353395,-4.115331401,-39.298520,-0.097638533,-0.993047928,-0.172884223,0.000015473,0.096959742,-0.000063675
919.179000000,-0.900015,24.223109850,1387.881961,-4.113622809,-39.282204,-0.097647769,-0.993047928,-0.172806640,0.000013237,0.096968915,-0.000054454
919.181000000,-0.900015,24.214884826,1387.410702,-4.112161038,-39.268245,-0.097655672,-0.993047928,-0.172740264,0.000011325,0.096976762,-0.000046571
919.184000000,-0.900015,24.206662404,1386.939592,-4.110910431,-39.256303,-0.097662432,-0.993047928,-0.172683477,0.000009689,0.096983476,-0.000039831
919.196000000,-0.879980,24.153429083,1383.889547,-4.073529839,-38.899345,-0.095138108,-0.970464383,-0.171304114,0.000082869,0.092328145,-0.000337569
919.199000000,-0.841699,24.145295929,1383.423552,-4.064378911,-38.811960,-0.095187577,-0.970464383,-0.170888592,0.000070898,0.092376153,-0.000288155
919.200000000,-0.841699,24.137179067,1382.958490,-4.056549912,-38.737198,-0.095229901,-0.970464383,-0.170533096,0.000060656,0.092417227,-0.000246054
919.203000000,-0.841699,24.125029270,1382.262358,-4.046874953,-38.644809,-0.095282203,-0.970464383,-0.170093779,0.000047999,0.092467985,-0.000194247
919.215000000,-0.813507,24.076913589,1379.505532,-3.977505050,-37.982375,-0.091084962,-0.932576036,-0.167477152,0.000161983,0.084943653,-0.000644288
919.218000000,-0.771403,24.068985772,1379.051302,-3.959608808,-37.811479,-0.091179883,-0.932576036,-0.166664740,0.000138653,0.085032174,-0.000549012
919.220000000,-0.771403,24.061089819,1378.598897,-3.944297827,-37.665270,-0.091262654,-0.932576036,-0.165969504,0.000118623,0.085109364,-0.000467886
919.222000000,-0.771403,24.049295751,1377.923147,-3.925376747,-37.484587,-0.091364941,-0.932576036,-0.165110343,0.000093871,0.085204754,-0.000368480
919.225000000,-0.771403,24.041460748,1377.474234,-3.915010876,-37.385600,-0.091420979,-0.932576036,-0.164639654,0.000080311,0.085257014,-0.000314417
919.232000000,-0.734204,24.010417612,1375.695594,-3.843058694,-36.698507,-0.087878976,-0.900014703,-0.161830975,0.000162201,0.079092371,-0.000623350
919.235000000,-0.690125,24.002758711,1375.256771,-3.825147339,-36.527466,-0.087975805,-0.900014703,-0.161017663,0.000138770,0.079179518,-0.000530816
919.236000000,-0.690125,23.995149864,1374.820816,-3.797868420,-36.266972,-0.085704630,-0.879980407,-0.160061096,0.000211384,0.075418395,-0.000802809
919.239000000,-0.690125,23.987589596,1374.387645,-3.774525994,-36.044068,-0.085830818,-0.879980407,-0.159001172,0.000180848,0.075529438,-0.000682615
919.241000000,-0.690125,23.980070889,1373.956854,-3.754555578,-35.853365,-0.085938778,-0.879980407,-0.158094363,0.000154723,0.075624440,-0.000580916
919.244000000,-0.690125,23.968857862,1373.314395,-3.729876440,-35.617696,-0.086072193,-0.879980407,-0.156973742,0.000122438,0.075741843,-0.000456679
919.244000000,-0.643322,23.965135010,1373.101092,-3.722852686,-35.550624,-0.086110163,-0.879980407,-0.156654810,0.000113250,0.075775256,-0.000421612
919.256000000,-0.643322,23.924970090,1370.799811,-3.584455864,-34.229032,-0.078835784,-0.813506961,-0.151306269,0.000291427,0.064133459,-0.001044608
919.259000000,-0.583825,23.914312142,1370.189156,-3.537953966,-33.784972,-0.079084700,-0.813506961,-0.149195017,0.000230705,0.064335954,-0.000816223
919.260000000,-0.583825,23.907274945,1369.785954,-3.512478003,-33.541694,-0.079222422,-0.813506961,-0.148038214,0.000197378,0.064447992,-0.000693285
919.262000000,-0.583825,23.900283107,1369.385351,-3.490682259,-33.333560,-0.079340250,-0.813506961,-0.147048521,0.000168865,0.064543846,-0.000589453
919.266000000,-0.547563,23.889866330,1368.788514,-3.463747406,-33.076351,-0.079485859,-0.813506961,-0.145825474,0.000133629,0.064662300,-0.000462857
919.277000000,-0.547563,23.849611884,1366.482104,-3.263835207,-31.167330,-0.070992716,-0.734204025,-0.137864607,0.000300797,0.052123138,-0.000981751
919.280000000,-0.471935,23.843134685,1366.110988,-3.230619259,-30.850141,-0.071172280,-0.734204025,-0.136356350,0.000257344,0.052254975,-0.000831380
919.282000000,-0.471935,23.836716627,1365.743260,-3.202201634,-30.578773,-0.071325906,-0.734204025,-0.135065973,0.000220168,0.052367767,-0.000705024
919.283000000,-0.471935,23.830349166,1365.378432,-3.177889176,-30.346606,-0.071457338,-0.734204025,-0.133962003,0.000188363,0.052464265,-0.000598598
919.296000000,-0.432715,23.790640926,1363.103317,-2.947485868,-28.146417,-0.061731174,-0.643322253,-0.124779649,0.000378235,0.039713038,-0.001114841
919.298000000,-0.363576,23.784809419,1362.769196,-2.905718677,-27.747569,-0.061956964,-0.643322253,-0.122883101,0.000323596,0.039858294,-0.000940278
919.300000000,-0.363576,23.779052278,1362.439336,-2.869985109,-27.406339,-0.062150139,-0.643322253,-0.121260525,0.000276850,0.039982568,-0.000794554
919.303000000,-0.363576,23.773358761,1362.113122,-2.839413557,-27.114402,-0.062315409,-0.643322253,-0.119872343,0.000236856,0.040088889,-0.000672533
919.314000000,-0.322266,23.743277212,1360.389576,-2.631674044,-25.130636,-0.056255582,-0.583824646,-0.111277177,0.000286722,0.032843395,-0.000754559
919.314000000,-0.322266,23.740673222,1360.240378,-2.603989360,-24.866267,-0.052030756,-0.547563223,-0.110530310,0.000446382,0.028490129,-0.001162375
919.316000000,-0.256121,23.738094848,1360.092648,-2.578374113,-24.621659,-0.052166054,-0.547563223,-0.109367553,0.000413015,0.028564213,-0.001064907
919.317000000,-0.256121,23.733007401,1359.801159,-2.532766246,-24.186136,-0.052412607,-0.547563223,-0.107296609,0.000353352,0.028699216,-0.000894957
919.320000000,-0.256121,23.728001158,1359.514323,-2.493746821,-23.813528,-0.052623546,-0.547563223,-0.105524829,0.000302307,0.028814718,-0.000753877
919.322000000,-0.256121,23.723064389,1359.231467,-2.460364081,-23.494746,-0.052804012,-0.547563223,-0.104008999,0.000258636,0.028913535,-0.000636339
919.324000000,-0.256121,23.718187058,1358.952016,-2.431803761,-23.222015,-0.052958409,-0.547563223,-0.102712143,0.000221274,0.028998077,-0.000538095
919.336000000,-0.194919,23.690491872,1357.365199,-2.171761319,-20.738793,-0.040502584,-0.432715241,-0.092521016,0.000501773,0.017526085,-0.001089731
919.338000000,-0.126718,23.686232569,1357.121159,-2.116335247,-20.209513,-0.040798777,-0.432715241,-0.090004651,0.000429419,0.017654252,-0.000908795
919.341000000,-0.126718,23.680024112,1356.765440,-2.047840533,-19.555437,-0.041169058,-0.432715241,-0.086894469,0.000339816,0.017814479,-0.000695888
919.343000000,-0.126718,23.675985449,1356.534042,-2.010315859,-19.197102,-0.041371916,-0.432715241,-0.085190563,0.000290726,0.017902258,-0.000584452
919.344000000,-0.070453,23.672013599,1356.306472,-1.978211941,-18.890533,-0.041545469,-0.432715241,-0.083732801,0.000248728,0.017977358,-0.000492038
919.354000000,-0.070453,23.655256826,1355.346379,-1.762093157,-16.826750,-0.034367004,-0.363576430,-0.074892910,0.000339750,0.012495033,-0.000598672
919.357000000,-0.007679,23.650119198,1355.052015,-1.683249886,-16.073852,-0.029805984,-0.322265695,-0.071894524,0.000459923,0.009605446,-0.000774165
919.359000000,-0.007679,23.646829870,1354.863550,-1.632462130,-15.588865,-0.030080539,-0.322265695,-0.069588373,0.000393483,0.009693926,-0.000642347
919.360000000,-0.007679,23.643630969,1354.680267,-1.589011094,-15.173938,-0.030315435,-0.322265695,-0.067615365,0.000336641,0.009769625,-0.000534927
919.363000000,-0.007679,23.640509433,1354.501416,-1.551836928,-14.818951,-0.030516398,-0.322265695,-0.065927374,0.000288011,0.009834388,-0.000446946
919.363000000,0.055124,23.638974118,1354.413449,-1.535314959,-14.661178,-0.030605715,-0.322265695,-0.065177151,0.000266397,0.009863172,-0.000409003
919.378000000,0.055124,23.620177262,1353.336468,-1.173056968,-11.201869,-0.017190133,-0.194919140,-0.050521054,0.000480897,0.003350686,-0.000564119
919.379000000,0.136407,23.617911839,1353.206669,-1.119953180,-10.694765,-0.017477211,-0.194919140,-0.048109737,0.000411427,0.003406643,-0.000460779
919.382000000,0.136407,23.615740967,1353.082287,-1.074520682,-10.260917,-0.017722818,-0.194919140,-0.046046756,0.000351993,0.003454516,-0.000378224
919.384000000,0.136407,23.613650988,1352.962540,-1.035651292,-9.889741,-0.017932946,-0.194919140,-0.044281789,0.000301145,0.003495474,-0.000311881
919.394000000,0.179832,23.604570753,1352.442281,-0.792390264,-7.566770,-0.011014456,-0.126718364,-0.034196225,0.000351589,0.001395734,-0.000278595
919.396000000,0.241244,23.602326092,1352.313672,-0.718874490,-6.864746,-0.004624152,-0.070452888,-0.031649752,0.000559351,0.000325785,-0.000402103
919.398000000,0.241244,23.600982235,1352.236674,-0.657082853,-6.274679,-0.004953263,-0.070452888,-0.028844516,0.000478737,0.000348972,-0.000314570
919.400000000,0.241244,23.599748397,1352.165981,-0.604217530,-5.769852,-0.005239052,-0.070452888,-0.026444028,0.000409580,0.000369106,-0.000247475
919.402000000,0.241244,23.598608687,1352.100680,-0.558989050,-5.337952,-0.005483556,-0.070452888,-0.024390310,0.000350412,0.000386332,-0.000195877
919.405000000,0.301704,23.597549505,1352.039993,-0.520294206,-4.968444,-0.005692740,-0.070452888,-0.022633269,0.000299792,0.000401070,-0.000155980
919.415000000,0.301704,23.593751078,1351.822360,-0.219408888,-2.095201,0.007835525,0.055124448,-0.010738404,0.000584768,0.000431929,-0.000128303
919.418000000,0.366826,23.593284325,1351.795617,-0.126095820,-1.204126,0.007336584,0.055124448,-0.006501922,0.000462944,0.000404425,-0.000058375
919.421000000,0.366826,23.593109812,1351.785618,-0.074974461,-0.715953,0.007060223,0.055124448,-0.004180623,0.000396068,0.000389191,-0.000029695
919.422000000,0.366826,23.593057559,1351.782624,-0.052253696,-0.498986,0.006937395,0.055124448,-0.003148927,0.000366345,0.000382420,-0.000019143
919.425000000,0.418818,23.593020701,1351.780512,0.006180334,0.059018,0.006621501,0.055124448,-0.000495577,0.000289903,0.000365007,0.000001792
919.433000000,0.418818,23.593917212,1351.831878,0.217528785,2.077247,0.015291836,0.136407212,0.007956704,0.000452812,0.002085917,0.000098500
919.435000000,0.475010,23.594428248,1351.861159,0.267531253,2.554735,0.015021523,0.136407212,0.010227197,0.000387399,0.002049044,0.000103641
919.437000000,0.475010,23.595067683,1351.897796,0.336223457,3.210698,0.019892693,0.179832439,0.012734873,0.000532282,0.003577351,0.000178966
919.439000000,0.475010,23.595829442,1351.941441,0.395001547,3.771987,0.019574942,0.179832439,0.015403846,0.000455389,0.003520210,0.000179879
919.440000000,0.475010,23.596695856,1351.991083,0.445288646,4.252193,0.019303091,0.179832439,0.017687264,0.000389604,0.003471322,0.000173486
919.443000000,0.475010,23.597651806,1352.045855,0.488311348,4.663030,0.019070511,0.179832439,0.019640822,0.000333323,0.003429496,0.000162765
919.459000000,0.523986,23.608950607,1352.693229,0.905556485,8.647427,0.031527907,0.301704364,0.036870843,0.000446295,0.009512107,0.000404145
919.460000000,0.523986,23.609881766,1352.746580,0.931158556,8.891909,0.031389503,0.301704364,0.038033372,0.000412803,0.009470350,0.000384385
919.460000000,0.601815,23.610836605,1352.801288,0.954839317,9.118044,0.031261485,0.301704364,0.039108659,0.000381824,0.009431727,0.000364580
919.462000000,0.601815,23.612810351,1352.914376,0.997002828,9.520676,0.031033550,0.301704364,0.041023204,0.000326666,0.009362957,0.000325687
919.478000000,0.626604,23.630529731,1353.929621,1.369046506,13.073431,0.043160887,0.418818232,0.056267733,0.000473049,0.018076567,0.000647627
919.478000000,0.626604,23.631925915,1354.009617,1.396183368,13.332569,0.043014186,0.418818232,0.057499953,0.000437549,0.018015125,0.000610899
919.480000000,0.692647,23.634791699,1354.173814,1.444500455,13.793963,0.042752985,0.418818232,0.059693917,0.000374342,0.017905729,0.000540737
919.482000000,0.692647,23.637743511,1354.342940,1.485837730,14.188705,0.042529516,0.418818232,0.061570944,0.000320265,0.017812137,0.000475862
919.485000000,0.723690,23.640768925,1354.516284,1.521203487,14.526423,0.042338329,0.418818232,0.063176819,0.000274000,0.017732064,0.000416810
919.499000000,0.723690,23.664772398,1355.891582,1.868914312,17.846817,0.053155003,0.523985906,0.077484666,0.000387637,0.027852472,0.000724461
919.501000000,0.781520,23.668575269,1356.109470,1.911719763,18.255579,0.052923597,0.523985906,0.079428360,0.000331640,0.027731219,0.000634002
919.503000000,0.781520,23.672454355,1356.331725,1.948341605,18.605292,0.052725620,0.523985906,0.081091271,0.000283731,0.027627482,0.000552806
919.505000000,0.804479,23.676398646,1356.557717,1.979673113,18.904486,0.052556242,0.523985906,0.082513960,0.000242744,0.027538730,0.000480554
919.516000000,0.804479,23.701746207,1358.010025,2.256552985,21.548494,0.063448004,0.626603811,0.093641446,0.000435258,0.039756761,0.000982183
919.519000000,0.846936,23.706332346,1358.272791,2.304617050,22.007472,0.063188172,0.626603811,0.095823920,0.000372381,0.039593949,0.000858196
919.521000000,0.846936,23.711004063,1358.540461,2.345737854,22.400146,0.062965873,0.626603811,0.097691118,0.000318588,0.039454656,0.000747323
919.523000000,0.846936,23.718145549,1358.949638,2.396554325,22.885408,0.062691160,0.626603811,0.099998573,0.000252110,0.039282520,0.000604196
919.533000000,0.872581,23.740528846,1360.232106,2.581902787,24.655355,0.069662236,0.692646889,0.107484848,0.000366651,0.048251331,0.000946657
919.536000000,0.901531,23.748404178,1360.683330,2.650005263,25.305686,0.073039068,0.723690240,0.110140413,0.000445250,0.052857661,0.001179915
919.538000000,0.901531,23.753778919,1360.991280,2.699186176,25.775329,0.072775920,0.723690240,0.112373284,0.000381034,0.052667223,0.001028482
919.539000000,0.901531,23.756499963,1361.147184,2.721044516,25.984061,0.072657754,0.723690240,0.113365819,0.000352439,0.052581707,0.000959004
919.542000000,0.901531,23.764778449,1361.621506,2.777260535,26.520885,0.072353851,0.723690240,0.115918455,0.000278899,0.052361776,0.000774574
919.544000000,0.901531,23.770379768,1361.942438,2.808058354,26.814982,0.072187358,0.723690240,0.117316911,0.000238609,0.052241287,0.000670029
919.556000000,0.926922,23.805339184,1363.945465,3.026588497,28.901791,0.080757255,0.804479317,0.126102482,0.000389365,0.064967541,0.001178447
919.559000000,0.952555,23.814546417,1364.473001,3.088708660,29.494995,0.080423448,0.804479317,0.128922976,0.000308190,0.064699000,0.000951910
919.561000000,0.952555,23.820775547,1364.829904,3.122741053,29.819980,0.080239469,0.804479317,0.130468306,0.000263669,0.064550994,0.000823371
919.563000000,0.952555,23.827065271,1365.190278,3.151857179,30.098019,0.080082068,0.804479317,0.131790400,0.000225580,0.064424367,0.000710997
919.564000000,0.966645,23.833406836,1365.553623,3.176767235,30.335893,0.079947405,0.804479317,0.132921506,0.000192993,0.064316034,0.000613095
919.576000000,0.966645,23.872799464,1367.810654,3.376767648,32.245756,0.087087829,0.872581274,0.141044101,0.000299496,0.075991209,0.001011328
919.580000000,0.983191,23.883027791,1368.396694,3.424538896,32.701938,0.086829580,0.872581274,0.143213279,0.000237002,0.075765866,0.000811624
919.581000000,0.983191,23.889916636,1368.791396,3.450710267,32.951856,0.086688098,0.872581274,0.144401659,0.000202765,0.075642411,0.000699685
919.584000000,0.983191,23.896852079,1369.188768,3.473100962,33.165671,0.086567054,0.872581274,0.145418367,0.000173474,0.075536791,0.000602493
919.594000000,0.991123,23.932356696,1371.223032,3.605268209,34.427775,0.089347481,0.901530654,0.151012129,0.000157067,0.080549493,0.000566270
919.595000000,0.997515,23.939601455,1371.638127,3.630480888,34.668539,0.092274344,0.926922104,0.151799697,0.000261244,0.085531129,0.000948441
919.597000000,0.997515,23.946906269,1372.056662,3.659340177,34.944125,0.092120558,0.926922104,0.153109869,0.000223590,0.085388581,0.000818193
919.599000000,0.997515,23.954262466,1372.478141,3.684030502,35.179900,0.091987082,0.926922104,0.154230998,0.000191291,0.085264860,0.000704721
919.601000000,0.997515,23.961662624,1372.902138,3.705154101,35.381615,0.091872889,0.926922104,0.155190170,0.000163657,0.085159011,0.000606375
919.604000000,0.997515,23.969100393,1373.328291,3.723226218,35.554191,0.091775191,0.926922104,0.156010782,0.000140016,0.085068453,0.000521310
919.616000000,0.999971,24.018417862,1376.153974,3.857211555,36.833657,0.095846402,0.966644818,0.161535399,0.000179468,0.092649428,0.000692246
919.618000000,0.997708,24.026162399,1376.597703,3.877029595,37.022905,0.095739267,0.966644818,0.162435289,0.000153542,0.092545866,0.000595288
919.621000000,0.997708,24.033942221,1377.043454,3.893984753,37.184815,0.095647607,0.966644818,0.163205182,0.000131362,0.092457264,0.000511521
919.623000000,0.997708,24.041752232,1377.490935,3.908490594,37.323336,0.095569189,0.966644818,0.163863858,0.000112386,0.092381461,0.000439258
919.636000000,0.993048,24.093197318,1380.438521,4.000186441,38.198967,0.098027917,0.991122966,0.167682951,0.000124721,0.097157720,0.000498909
919.637000000,0.982548,24.101218623,1380.898108,4.013962432,38.330518,0.097954140,0.991122966,0.168308405,0.000106731,0.097084598,0.000428414
919.640000000,0.982548,24.109264457,1381.359101,4.025748365,38.443065,0.097890426,0.991122966,0.168843576,0.000091313,0.097021449,0.000367602
919.642000000,0.982548,24.117331275,1381.821295,4.035831721,38.539354,0.097835915,0.991122966,0.169301437,0.000078122,0.096967422,0.000315287
919.643000000,0.982548,24.125416047,1382.284518,4.044458451,38.621733,0.097789279,0.991122966,0.169693156,0.000066836,0.096921200,0.000270317
919.654000000,0.971961,24.166103948,1384.615764,4.085455191,39.013223,0.098339344,0.997515108,0.171464712,0.000047759,0.098094982,0.000195119
919.656000000,0.955278,24.174283633,1385.084425,4.091489966,39.070851,0.098602934,0.999970513,0.171704188,0.000053128,0.098600027,0.000217374
919.659000000,0.955278,24.186575495,1385.788697,4.099965758,39.151789,0.098557330,0.999970513,0.172089028,0.000042050,0.098554424,0.000172404
919.661000000,0.955278,24.194782482,1386.258922,4.104609201,39.196131,0.098532227,0.999970513,0.172299876,0.000035976,0.098529322,0.000147666
919.662000000,0.955278,24.202997737,1386.729622,4.108581860,39.234067,0.098510751,0.999970513,0.172480265,0.000030779,0.098507846,0.000126456
919.664000000,0.955278,24.211220065,1387.200727,4.111980635,39.266523,0.098492378,0.999970513,0.172634595,0.000026332,0.098489473,0.000108278
919.678000000,0.932576,24.264734680,1390.266888,4.115405909,39.299232,0.097638130,0.993047928,0.172887606,-0.000015570,0.096959342,-0.000064077
919.680000000,0.900015,24.272962880,1390.738329,4.113686554,39.282813,0.097647425,0.993047928,0.172809534,-0.000013321,0.096968573,-0.000054798
919.682000000,0.900015,24.281188018,1391.209595,4.112215574,39.268766,0.097655377,0.993047928,0.172742740,-0.000011397,0.096976469,-0.000046865
919.683000000,0.900015,24.289410536,1391.680711,4.110957089,39.256748,0.097662180,0.993047928,0.172685596,-0.000009750,0.096983226,-0.000040083
919.694000000,0.879980,24.334481285,1394.263074,4.084777574,39.006753,0.096536091,0.982547927,0.171644697,-0.000032263,0.094851336,-0.000131786
919.697000000,0.848418,24.346706334,1394.963518,4.070505045,38.870460,0.095335139,0.971961001,0.171145691,-0.000070822,0.092662037,-0.000288280
919.700000000,0.848418,24.354835460,1395.429283,4.062684458,38.795779,0.095377417,0.971961001,0.170790577,-0.000060591,0.092703129,-0.000246161
919.702000000,0.848418,24.362950663,1395.894249,4.055993622,38.731886,0.095413587,0.971961001,0.170486762,-0.000051838,0.092738286,-0.000210254
919.704000000,0.848418,24.371053952,1396.358534,4.050269333,38.677223,0.095444533,0.971961001,0.170226836,-0.000044350,0.092768364,-0.000179627
919.715000000,0.817145,24.419186586,1399.116331,3.980725317,38.013127,0.091067718,0.932576036,0.167623358,-0.000166188,0.084927572,-0.000661549
919.716000000,0.817145,24.423157773,1399.343863,3.971186687,37.922039,0.091117294,0.932576036,0.167190463,-0.000153799,0.084973805,-0.000610764
919.719000000,0.767389,24.431074340,1399.797449,3.954203184,37.759859,0.091209106,0.932576036,0.166419283,-0.000131581,0.085059426,-0.000520300
919.721000000,0.767389,24.438960668,1400.249302,3.939673091,37.621107,0.091287655,0.932576036,0.165759506,-0.000112573,0.085132679,-0.000443502
919.723000000,0.767389,24.446821125,1400.699673,3.927241992,37.502399,0.091354857,0.932576036,0.165195039,-0.000096311,0.085195351,-0.000378237
919.725000000,0.734204,24.454659449,1401.148776,3.916606671,37.400839,0.091412352,0.932576036,0.164712115,-0.000082398,0.085248969,-0.000322722
919.736000000,0.734204,24.497183795,1403.585241,3.811655037,36.398624,0.085631856,0.879980407,0.160686909,-0.000229341,0.075354355,-0.000874168
919.739000000,0.680977,24.508543671,1404.236114,3.775061377,36.049181,0.085827924,0.879980407,0.159025483,-0.000181548,0.075526891,-0.000685356
919.741000000,0.680977,24.516063332,1404.666959,3.755013621,35.857739,0.085936301,0.879980407,0.158115162,-0.000155322,0.075622261,-0.000583236
919.743000000,0.680977,24.523547297,1405.095759,3.737861933,35.693952,0.086029023,0.879980407,0.157336345,-0.000132884,0.075703855,-0.000496704
919.744000000,0.643322,24.531000724,1405.522809,3.723187951,35.553826,0.086108350,0.879980407,0.156670034,-0.000113688,0.075773661,-0.000423282
919.753000000,0.643322,24.560351740,1407.204498,3.627967195,34.644535,0.082812714,0.848417843,0.152790721,-0.000159740,0.070259784,-0.000579533
919.755000000,0.593981,24.567571180,1407.618141,3.600636801,34.383549,0.079187771,0.817144898,0.151989750,-0.000292917,0.064707883,-0.001054688
919.757000000,0.593981,24.574723284,1408.027927,3.568277393,34.074539,0.079359963,0.817144898,0.150520706,-0.000250708,0.064848589,-0.000894595
919.759000000,0.593981,24.581817772,1408.434411,3.540592570,33.810169,0.079509626,0.817144898,0.149263604,-0.000214491,0.064970886,-0.000759425
919.761000000,0.593981,24.588862967,1408.838071,3.516907053,33.583989,0.079637670,0.817144898,0.148188101,-0.000183506,0.065075516,-0.000645373
919.763000000,0.593981,24.595865990,1409.239315,3.496643110,33.390482,0.079747216,0.817144898,0.147267963,-0.000156997,0.065165031,-0.000548962
919.778000000,0.542295,24.646675142,1412.150465,3.266836419,31.195990,0.070976491,0.734204025,0.138000885,-0.000304723,0.052111225,-0.000995479
919.778000000,0.542295,24.649924498,1412.336639,3.249355750,31.029062,0.071070991,0.734204025,0.137207130,-0.000281855,0.052180608,-0.000915846
919.780000000,0.471935,24.653157684,1412.521887,3.233186920,30.874661,0.071158400,0.734204025,0.136472941,-0.000260703,0.052244783,-0.000842901
919.782000000,0.471935,24.659580314,1412.889877,3.204398375,30.599750,0.071314030,0.734204025,0.135165722,-0.000223042,0.052359048,-0.000714716
919.784000000,0.471935,24.665951686,1413.254929,3.179768579,30.364553,0.071447178,0.734204025,0.134047342,-0.000190822,0.052456806,-0.000606769
919.797000000,0.432715,24.705646274,1415.529262,2.937646919,28.052462,0.061784363,0.643322253,0.124332886,-0.000365364,0.039747256,-0.001073309
919.799000000,0.363576,24.711460263,1415.862379,2.897301047,27.667187,0.062002470,0.643322253,0.122500876,-0.000312584,0.039887568,-0.000905649
919.800000000,0.363576,24.717202416,1416.191380,2.862783476,27.337568,0.062189071,0.643322253,0.120933516,-0.000267428,0.040007613,-0.000765590
919.804000000,0.363576,24.725703237,1416.678441,2.820127184,26.930231,0.062419670,0.643322253,0.118996595,-0.000211626,0.040155963,-0.000596813
919.816000000,0.316311,24.758004369,1418.529159,2.588333749,24.716767,0.051480724,0.542294904,0.109893452,-0.000454320,0.027917734,-0.001175933
919.817000000,0.250042,24.763104771,1418.821391,2.538142289,24.237473,0.051747525,0.542294904,0.107614906,-0.000388864,0.028062419,-0.000986991
919.820000000,0.250042,24.768115807,1419.108502,2.495201401,23.827418,0.051979663,0.542294904,0.105665062,-0.000332689,0.028188306,-0.000830126
919.823000000,0.250042,24.775492523,1419.531157,2.442135699,23.320678,0.052266535,0.542294904,0.103255475,-0.000263269,0.028343876,-0.000642939
919.825000000,0.250042,24.780332619,1419.808474,2.413063774,23.043062,0.052423698,0.542294904,0.101935388,-0.000225238,0.028429104,-0.000543513
919.835000000,0.194919,24.805530445,1421.252203,2.166763490,20.691067,0.040529602,0.432715241,0.092294076,-0.000495235,0.017537776,-0.001073057
919.839000000,0.126718,24.811868596,1421.615352,2.087746291,19.936509,0.040953328,0.432715241,0.088706495,-0.000392020,0.017721129,-0.000818438
919.840000000,0.126718,24.813933854,1421.733683,2.065257765,19.721759,0.041074901,0.432715241,0.087685344,-0.000362600,0.017773736,-0.000748863
919.842000000,0.126718,24.818003528,1421.966858,2.025217025,19.339398,0.041291360,0.432715241,0.085867190,-0.000310220,0.017867401,-0.000628262
919.845000000,0.076719,24.823977645,1422.309150,1.975735281,18.866882,0.041558858,0.432715241,0.083620341,-0.000245488,0.017983151,-0.000485020
919.857000000,0.076719,24.845848092,1423.562234,1.678725586,16.030649,0.029111609,0.316311400,0.071772929,-0.000486192,0.009208334,-0.000816182
919.859000000,-0.004887,24.849123964,1423.749928,1.625037072,15.517961,0.029401845,0.316311400,0.069335061,-0.000415957,0.009300139,-0.000675946
919.861000000,-0.004887,24.852304243,1423.932144,1.579104318,15.079335,0.029650157,0.316311400,0.067249364,-0.000355869,0.009378683,-0.000561954
919.862000000,-0.004887,24.855402740,1424.109675,1.539806937,14.704073,0.029862598,0.316311400,0.065464964,-0.000304461,0.009445880,-0.000468810
919.874000000,-0.048850,24.870809200,1424.992400,1.278621565,12.209937,0.023274178,0.250042042,0.054538301,-0.000321016,0.005819523,-0.000410457
919.874000000,-0.048850,24.872069407,1425.064605,1.260206247,12.034083,0.023373731,0.250042042,0.053702106,-0.000296925,0.005844415,-0.000374187
919.876000000,-0.117711,24.874490023,1425.203296,1.194524503,11.406869,0.017074083,0.194919140,0.051495843,-0.000508980,0.003328066,-0.000607989
919.878000000,-0.117711,24.876793669,1425.335285,1.138319547,10.870151,0.017377923,0.194919140,0.048943710,-0.000435454,0.003387290,-0.000495685
919.880000000,-0.117711,24.878997242,1425.461540,1.090233873,10.410967,0.017637873,0.194919140,0.046760254,-0.000372549,0.003437959,-0.000406165
919.883000000,-0.117711,24.881115199,1425.582890,1.049094580,10.018115,0.017860271,0.194919140,0.044892217,-0.000318731,0.003481309,-0.000334379
919.896000000,-0.179832,24.893242653,1426.277742,0.695023541,6.636986,0.005504640,0.076719028,0.030479078,-0.000494497,0.000422311,-0.000343687
919.899000000,-0.253420,24.894549727,1426.352632,0.640417849,6.115540,0.005799835,0.076719028,0.027999564,-0.000423063,0.000444958,-0.000270937
919.901000000,-0.253420,24.895759576,1426.421951,0.593700410,5.669421,0.006052388,0.076719028,0.025878236,-0.000361948,0.000464333,-0.000214889
919.902000000,-0.253420,24.896886245,1426.486505,0.553731700,5.287748,0.006268458,0.076719028,0.024063352,-0.000309662,0.000480910,-0.000171470
919.904000000,-0.301704,24.897941749,1426.546981,0.519536808,4.961211,0.006453315,0.076719028,0.022510644,-0.000264928,0.000495092,-0.000137640
919.916000000,-0.301704,24.902064693,1426.783208,0.175898041,1.679703,-0.006848302,-0.048849770,0.008674969,-0.000494176,0.000334538,-0.000086925
919.918000000,-0.372664,24.902333570,1426.798614,0.121327910,1.158596,-0.006553297,-0.048849770,0.006197069,-0.000422788,0.000320127,-0.000051296
919.921000000,-0.372664,24.902505286,1426.808452,0.074640895,0.712768,-0.006300907,-0.048849770,0.004077123,-0.000361712,0.000307798,-0.000026999
919.923000000,-0.372664,24.902593875,1426.813528,0.034698214,0.331344,-0.006084978,-0.048849770,0.002263421,-0.000309460,0.000297250,-0.000010738
919.933000000,-0.418818,24.901506410,1426.751221,-0.225522952,-2.153586,-0.012991481,-0.117710719,-0.008582967,-0.000341286,0.001529237,0.000076968
919.934000000,-0.418818,24.901261309,1426.737178,-0.245101093,-2.340543,-0.012885642,-0.117710719,-0.009471964,-0.000315674,0.001516778,0.000077372
919.936000000,-0.475010,24.900698889,1426.704953,-0.299210089,-2.857246,-0.020087341,-0.179832439,-0.011054820,-0.000580458,0.003612356,0.000173679
919.938000000,-0.475010,24.900003031,1426.665084,-0.363335063,-3.469594,-0.019746130,-0.179832439,-0.013965947,-0.000496815,0.003550995,0.000180510
919.940000000,-0.475010,24.899192999,1426.618672,-0.418196653,-3.993484,-0.019449550,-0.179832439,-0.016457081,-0.000425046,0.003497660,0.000177753
919.942000000,-0.475010,24.898285287,1426.566664,-0.465133022,-4.441693,-0.019195812,-0.179832439,-0.018588350,-0.000363644,0.003452030,0.000169143
919.943000000,-0.475010,24.897294004,1426.509868,-0.505289036,-4.825155,-0.018978730,-0.179832439,-0.020411739,-0.000311113,0.003412991,0.000157202
919.957000000,-0.523986,24.888447142,1426.002980,-0.850355523,-8.120297,-0.031826320,-0.301704364,-0.034364299,-0.000518508,0.009602140,0.000440916
919.959000000,-0.591732,24.886659429,1425.900551,-0.907612601,-8.667062,-0.031516792,-0.301704364,-0.036964207,-0.000443605,0.009508754,0.000402622
919.962000000,-0.591732,24.883791400,1425.736226,-0.978370034,-9.342746,-0.031134279,-0.301704364,-0.040177133,-0.000351041,0.009393348,0.000343448
919.964000000,-0.591732,24.881775758,1425.620738,-1.017134333,-9.712917,-0.030924719,-0.301704364,-0.041937328,-0.000300330,0.009330123,0.000305476
919.976000000,-0.631488,24.866355345,1424.737213,-1.349794871,-12.889592,-0.043264958,-0.418818232,-0.055393562,-0.000498234,0.018120153,0.000672514
919.980000000,-0.688101,24.862142890,1424.495857,-1.429265917,-13.648484,-0.042835342,-0.418818232,-0.059002153,-0.000394271,0.017940222,0.000563518
919.980000000,-0.688101,24.860691006,1424.412670,-1.451883607,-13.864467,-0.042713071,-0.418818232,-0.060029169,-0.000364683,0.017889013,0.000529477
919.982000000,-0.688101,24.857726048,1424.242791,-1.492154323,-14.249024,-0.042495369,-0.418818232,-0.061857766,-0.000312002,0.017797835,0.000465554
919.998000000,-0.723690,24.832512381,1422.798154,-1.846833170,-17.635958,-0.053274373,-0.523985906,-0.076482014,-0.000416523,0.027915021,0.000769249
919.999000000,-0.723690,24.830641654,1422.690969,-1.870727371,-17.864130,-0.053145201,-0.523985906,-0.077566993,-0.000385265,0.027847336,0.000720726
920.000000000,-0.777585,24.828748826,1422.582518,-1.892828428,-18.075180,-0.053025723,-0.523985906,-0.078570550,-0.000356353,0.027784732,0.000674515
920.002000000,-0.777585,24.824903375,1422.362190,-1.932179283,-18.450953,-0.052812993,-0.523985906,-0.080357378,-0.000304875,0.027673264,0.000589073
920.004000000,-0.777585,24.820987861,1422.137848,-1.965845575,-18.772442,-0.052630994,-0.523985906,-0.081886084,-0.000260833,0.027577899,0.000512758
920.015000000,-0.804479,24.795707743,1420.689404,-2.240571900,-21.395886,-0.064120573,-0.631488135,-0.092847413,-0.000482411,0.040491381,0.001080877
920.018000000,-0.843579,24.788828084,1420.295228,-2.317544043,-22.130915,-0.063707950,-0.631488135,-0.096342128,-0.000381874,0.040230814,0.000885009
920.021000000,-0.843579,24.784128920,1420.025986,-2.359713062,-22.533600,-0.063479985,-0.631488135,-0.098256923,-0.000326709,0.040086857,0.000770939
920.023000000,-0.843579,24.779354675,1419.752442,-2.395790410,-22.878113,-0.063284951,-0.631488135,-0.099895109,-0.000279513,0.039963696,0.000669654
920.025000000,-0.869495,24.774516194,1419.475217,-2.426656080,-23.172859,-0.063118092,-0.631488135,-0.101296646,-0.000239135,0.039858326,0.000580298
920.033000000,-0.869495,24.754360720,1418.320394,-2.598954250,-24.818185,-0.069021292,-0.688101330,-0.108323121,-0.000319772,0.047493643,0.000831074
920.036000000,-0.901531,24.746448168,1417.867038,-2.660987920,-25.410563,-0.072979298,-0.723690240,-0.110639156,-0.000430865,0.052814405,0.001146526
920.038000000,-0.901531,24.741053873,1417.557968,-2.708582294,-25.865056,-0.072725124,-0.723690240,-0.112799940,-0.000368742,0.052630463,0.000998769
920.040000000,-0.901531,24.735574837,1417.244042,-2.749301265,-26.253893,-0.072504998,-0.723690240,-0.114648891,-0.000315474,0.052471160,0.000867334
920.040000000,-0.901531,24.732807438,1417.085482,-2.767398713,-26.426711,-0.072407164,-0.723690240,-0.115470653,-0.000291800,0.052400358,0.000807526
920.044000000,-0.901531,24.724409736,1416.604329,-2.813942342,-26.871170,-0.072155550,-0.723690240,-0.117584089,-0.000230912,0.052218267,0.000649773
920.057000000,-0.926922,24.686276306,1414.419444,-3.054818030,-29.171363,-0.080606658,-0.804479317,-0.127384083,-0.000352525,0.064846389,0.001076901
920.059000000,-0.952555,24.680107518,1414.065999,-3.093746211,-29.543100,-0.080396215,-0.804479317,-0.129151719,-0.000301600,0.064677092,0.000933074
920.060000000,-0.952555,24.673869420,1413.708582,-3.127050887,-29.861136,-0.080216171,-0.804479317,-0.130664005,-0.000258031,0.064532250,0.000806877
920.062000000,-0.952555,24.667572022,1413.347768,-3.155544422,-30.133230,-0.080062135,-0.804479317,-0.131957829,-0.000220757,0.064408332,0.000696607
920.066000000,-0.965016,24.658033136,1412.801230,-3.190756302,-30.469478,-0.079871780,-0.804479317,-0.133556717,-0.000174693,0.064255195,0.000557403
920.078000000,-0.965016,24.618367954,1410.528582,-3.392475771,-32.395757,-0.086630313,-0.869494930,-0.141800828,-0.000262263,0.075324618,0.000889721
920.079000000,-0.984319,24.611538997,1410.137312,-3.421436581,-32.672313,-0.086473752,-0.869494930,-0.143115869,-0.000224377,0.075188489,0.000767691
920.082000000,-0.984319,24.604658475,1409.743087,-3.446213758,-32.908917,-0.086339807,-0.869494930,-0.144240942,-0.000191964,0.075072024,0.000661548
920.084000000,-0.984319,24.597733838,1409.346334,-3.467411662,-33.111342,-0.086225211,-0.869494930,-0.145203488,-0.000164233,0.074972384,0.000569463
920.094000000,-0.991123,24.558662687,1407.107722,-3.611427429,-34.486592,-0.089314185,-0.901530654,-0.151291804,-0.000149010,0.080519475,0.000538139
920.096000000,-0.997515,24.551391809,1406.691132,-3.643033861,-34.788411,-0.092208708,-0.926922104,-0.152369438,-0.000244922,0.085470290,0.000892259
920.098000000,-0.997515,24.544064646,1406.271316,-3.670079771,-35.046680,-0.092062500,-0.926922104,-0.153597529,-0.000209541,0.085334766,0.000769032
920.100000000,-0.997515,24.536689327,1405.848742,-3.693218671,-35.267640,-0.091937411,-0.926922104,-0.154648211,-0.000179271,0.085218819,0.000662087
920.103000000,-0.997515,24.529272809,1405.423806,-3.713014962,-35.456681,-0.091830393,-0.926922104,-0.155547113,-0.000153374,0.085119621,0.000569479
920.116000000,-0.999971,24.476246099,1402.385600,-3.855727428,-36.819485,-0.095657845,-0.965016494,-0.161490937,-0.000172607,0.092311398,0.000665526
920.117000000,-0.999971,24.472380470,1402.164116,-3.865629183,-36.914040,-0.095604317,-0.965016494,-0.161940552,-0.000159654,0.092259743,0.000617163
920.120000000,-0.997263,24.464622423,1401.719612,-3.883259221,-37.082394,-0.095509010,-0.965016494,-0.162741090,-0.000136591,0.092167770,0.000530416
920.121000000,-0.997263,24.456832986,1401.273310,-3.898342452,-37.226428,-0.095427470,-0.965016494,-0.163425984,-0.000116859,0.092089082,0.000455556
920.124000000,-0.997263,24.449016693,1400.825470,-3.911246782,-37.349656,-0.095357709,-0.965016494,-0.164011939,-0.000099978,0.092021762,0.000391037
920.134000000,-0.993048,24.409539096,1398.563570,-3.982452603,-38.029621,-0.097303071,-0.984318997,-0.166973425,-0.000111171,0.095777261,0.000442734
920.135000000,-0.983697,24.401553429,1398.106025,-3.996837269,-38.166984,-0.098046122,-0.991122966,-0.167530861,-0.000129107,0.097175763,0.000516020
920.138000000,-0.983697,24.393538087,1397.646780,-4.011097076,-38.303156,-0.097969630,-0.991122966,-0.168178296,-0.000110479,0.097099951,0.000443143
920.140000000,-0.983697,24.385497355,1397.186080,-4.023296934,-38.419656,-0.097903678,-0.991122966,-0.168732262,-0.000094520,0.097034584,0.000380281
920.142000000,-0.983697,24.373396528,1396.492753,-4.038373336,-38.563625,-0.097822175,-0.991122966,-0.169416846,-0.000074797,0.096953804,0.000302058
920.144000000,-0.983697,24.369353864,1396.261126,-4.042664123,-38.604599,-0.097798979,-0.991122966,-0.169611680,-0.000069184,0.096930814,0.000279687
920.156000000,-0.970464,24.316405833,1393.227427,-4.093887435,-39.093745,-0.098590189,-0.999970513,-0.171813026,-0.000050002,0.098587282,0.000204701
920.160000000,-0.947546,24.304107805,1392.522802,-4.101862965,-39.169906,-0.098547074,-0.999970513,-0.172175176,-0.000039568,0.098544168,0.000162303
920.162000000,-0.947546,24.295897440,1392.052383,-4.106232341,-39.211630,-0.098523453,-0.999970513,-0.172373579,-0.000033852,0.098520548,0.000139005
920.163000000,-0.947546,24.287679295,1391.581518,-4.109970524,-39.247327,-0.098503244,-0.999970513,-0.172543321,-0.000028962,0.098500340,0.000119033
920.177000000,-0.932576,24.234170714,1388.515702,-4.115920747,-39.304148,-0.097635347,-0.993047928,-0.172910983,0.000016244,0.096956579,-0.000066857
920.180000000,-0.900015,24.221828268,1387.808532,-4.113329801,-39.279406,-0.097649353,-0.993047928,-0.172793335,0.000012854,0.096970488,-0.000052873
920.181000000,-0.900015,24.213603765,1387.337303,-4.111910357,-39.265852,-0.097657027,-0.993047928,-0.172728881,0.000010997,0.096978108,-0.000045220
920.183000000,-0.900015,24.205381790,1386.866218,-4.110695963,-39.254255,-0.097663592,-0.993047928,-0.172673739,0.000009409,0.096984627,-0.000038676
920.194000000,-0.882948,24.164406235,1384.518492,-4.087309917,-39.030935,-0.096661154,-0.983697257,-0.171743501,0.000029362,0.095085312,-0.000120014
920.196000000,-0.851727,24.152165913,1383.817173,-4.074730022,-38.910805,-0.095131620,-0.970464383,-0.171358611,0.000084439,0.092321849,-0.000344066
920.199000000,-0.851727,24.144030621,1383.351055,-4.065405718,-38.821765,-0.095182026,-0.970464383,-0.170935217,0.000072241,0.092370766,-0.000293689
920.201000000,-0.851727,24.135911931,1382.885888,-4.057428388,-38.745587,-0.095225152,-0.970464383,-0.170572985,0.000061805,0.092412618,-0.000250770
920.203000000,-0.851727,24.127807444,1382.421535,-4.050603450,-38.680414,-0.095262047,-0.970464383,-0.170263081,0.000052877,0.092448424,-0.000214183
920.205000000,-0.851727,24.119715110,1381.957879,-4.044764433,-38.624655,-0.095293613,-0.970464383,-0.169997945,0.000045238,0.092479057,-0.000182979
920.215000000,-0.813507,24.075577920,1379.429004,-3.976241642,-37.970311,-0.091091279,-0.932576036,-0.167419844,0.000160353,0.084949544,-0.000637602
920.218000000,-0.771403,24.063701697,1378.748547,-3.950655083,-37.725977,-0.091228287,-0.932576036,-0.166258172,0.000126940,0.085077314,-0.000501496
920.221000000,-0.771403,24.055821687,1378.297055,-3.936637543,-37.592119,-0.091304065,-0.932576036,-0.165621669,0.000108602,0.085147983,-0.000427528
920.222000000,-0.771403,24.047966634,1377.846994,-3.924644955,-37.477599,-0.091368897,-0.932576036,-0.165077114,0.000092914,0.085208444,-0.000364654
920.225000000,-0.734204,24.040132935,1377.398156,-3.914384798,-37.379621,-0.091424363,-0.932576036,-0.164611225,0.000079492,0.085260170,-0.000311161
920.235000000,-0.734204,23.997633628,1374.963125,-3.806736838,-36.351659,-0.086014902,-0.882947593,-0.160422009,0.000206946,0.075946651,-0.000787788
920.238000000,-0.685564,23.990054879,1374.528895,-3.783884513,-36.133435,-0.086138440,-0.882947593,-0.159384339,0.000177051,0.076055728,-0.000669940
920.240000000,-0.685564,23.982516817,1374.096996,-3.764333400,-35.946736,-0.086244133,-0.882947593,-0.158496570,0.000151474,0.076149050,-0.000570200
920.243000000,-0.685564,23.971273394,1373.452795,-3.740172429,-35.716016,-0.086374747,-0.882947593,-0.157399478,0.000119867,0.076264375,-0.000448324
920.244000000,-0.685564,23.963822837,1373.025910,-3.717261285,-35.497230,-0.082732221,-0.851726934,-0.156798438,0.000258543,0.070465261,-0.000961071
920.252000000,-0.643322,23.938160640,1371.555574,-3.634061177,-34.702728,-0.083179261,-0.851726934,-0.153020839,0.000149824,0.070846017,-0.000544471
920.254000000,-0.593981,23.930917657,1371.140582,-3.617516583,-34.544739,-0.083268701,-0.851726934,-0.152269588,0.000128181,0.070922195,-0.000463697
920.257000000,-0.593981,23.920141711,1370.523165,-3.574264126,-34.131708,-0.078888410,-0.813506961,-0.150843775,0.000278205,0.064176271,-0.000994379
920.259000000,-0.593981,23.913039863,1370.116259,-3.543542854,-33.838342,-0.079054486,-0.813506961,-0.149448795,0.000238016,0.064311375,-0.000843421
920.260000000,-0.593981,23.909509974,1369.914012,-3.529888859,-33.707956,-0.079128300,-0.813506961,-0.148828800,0.000220154,0.064371423,-0.000777120
920.262000000,-0.593981,23.898992364,1369.311397,-3.494773053,-33.372624,-0.079318135,-0.813506961,-0.147234275,0.000174216,0.064525855,-0.000608846
920.264000000,-0.542295,23.892032050,1368.912600,-3.475534938,-33.188914,-0.079422136,-0.813506961,-0.146360718,0.000149049,0.064610461,-0.000518026
920.277000000,-0.542295,23.851451253,1366.587492,-3.289848125,-31.415735,-0.070852093,-0.734204025,-0.139045792,0.000334826,0.052019892,-0.001101527
920.278000000,-0.477465,23.844927738,1366.213722,-3.252874390,-31.062662,-0.071051970,-0.734204025,-0.137366903,0.000286458,0.052166642,-0.000931811
920.281000000,-0.477465,23.838470055,1365.843724,-3.221241824,-30.760594,-0.071222975,-0.734204025,-0.135930543,0.000245077,0.052292195,-0.000789451
920.282000000,-0.477465,23.832068693,1365.476953,-3.194178850,-30.502161,-0.071369277,-0.734204025,-0.134701678,0.000209673,0.052399610,-0.000669734
920.294000000,-0.438371,23.795020253,1363.354234,-2.995368643,-28.603664,-0.066571995,-0.685564271,-0.126359080,0.000212526,0.045639382,-0.000636593
920.295000000,-0.438371,23.792050166,1363.184060,-2.970087039,-28.362242,-0.061612694,-0.643322253,-0.125805483,0.000407635,0.039636817,-0.001210713
920.296000000,-0.375254,23.789103473,1363.015227,-2.946693188,-28.138847,-0.061735459,-0.643322253,-0.124743656,0.000377198,0.039715795,-0.001111486
920.298000000,-0.375254,23.783273378,1362.681188,-2.905040506,-27.741093,-0.061960630,-0.643322253,-0.122852307,0.000322708,0.039860652,-0.000937481
920.300000000,-0.375254,23.777517445,1362.351397,-2.869404905,-27.400798,-0.062153276,-0.643322253,-0.121234179,0.000276090,0.039984585,-0.000792215
920.302000000,-0.375254,23.771824961,1362.025242,-2.838917169,-27.109662,-0.062318092,-0.643322253,-0.119849803,0.000236207,0.040090615,-0.000670572
920.318000000,-0.316311,23.731555146,1359.717951,-2.539900217,-24.254260,-0.051738022,-0.542294904,-0.107694729,0.000391163,0.028057266,-0.000993516
920.319000000,-0.316311,23.729037685,1359.573711,-2.517460816,-24.039980,-0.051859329,-0.542294904,-0.106675809,0.000361808,0.028123050,-0.000910838
920.319000000,-0.237855,23.726540979,1359.430661,-2.496705382,-23.841780,-0.051971533,-0.542294904,-0.105733354,0.000334656,0.028183897,-0.000835539
920.322000000,-0.237855,23.721603721,1359.147777,-2.459750405,-23.488886,-0.052171311,-0.542294904,-0.104055317,0.000286312,0.028292236,-0.000704257
920.324000000,-0.237855,23.716732262,1358.868662,-2.428133887,-23.186971,-0.052342229,-0.542294904,-0.102619686,0.000244952,0.028384924,-0.000594777
920.337000000,-0.194919,23.687089485,1357.170256,-2.130010821,-20.340105,-0.041407657,-0.438371147,-0.090545985,0.000416735,0.018151922,-0.000887650
920.339000000,-0.120483,23.682899388,1356.930182,-2.083992167,-19.900659,-0.041656433,-0.438371147,-0.088456388,0.000356534,0.018260978,-0.000743015
920.341000000,-0.120483,23.678791228,1356.694801,-2.044621296,-19.524695,-0.041869272,-0.438371147,-0.086668650,0.000305030,0.018354281,-0.000623671
920.342000000,-0.120483,23.674753167,1356.463437,-2.010937880,-19.203042,-0.042051364,-0.438371147,-0.085139166,0.000260966,0.018434104,-0.000524786
920.354000000,-0.070453,23.654136489,1355.282189,-1.764464212,-16.849392,-0.035763939,-0.375253799,-0.074836144,0.000279727,0.013420554,-0.000493569
920.355000000,-0.070453,23.652388071,1355.182012,-1.748417415,-16.696156,-0.035850688,-0.375253799,-0.074107497,0.000258735,0.013453107,-0.000452377
920.357000000,-0.007679,23.648988088,1354.987207,-1.684673618,-16.087448,-0.029079455,-0.316311400,-0.072043015,0.000493973,0.009198163,-0.000832183
920.359000000,-0.007679,23.645701626,1354.798907,-1.630125861,-15.566555,-0.029374335,-0.316311400,-0.069566131,0.000422614,0.009291437,-0.000688915
920.361000000,-0.007679,23.642512285,1354.616171,-1.583457988,-15.120910,-0.029626621,-0.316311400,-0.067447054,0.000361564,0.009371238,-0.000572522
920.362000000,-0.007679,23.639406037,1354.438196,-1.543531683,-14.739642,-0.029842462,-0.316311400,-0.065634096,0.000309333,0.009439511,-0.000477466
920.365000000,0.055124,23.636370878,1354.264294,-1.509373070,-14.413451,-0.030027123,-0.316311400,-0.064083034,0.000264647,0.009497921,-0.000399452
920.378000000,0.055124,23.618943402,1353.265773,-1.167846270,-11.152110,-0.017218302,-0.194919140,-0.050284449,0.000474080,0.003356177,-0.000553653
920.379000000,0.136407,23.616687257,1353.136506,-1.115495211,-10.652195,-0.017501311,-0.194919140,-0.047907312,0.000405595,0.003411340,-0.000452440
920.381000000,0.136407,23.614524322,1353.012579,-1.070706704,-10.224496,-0.017743437,-0.194919140,-0.045873572,0.000347004,0.003458535,-0.000371539
920.383000000,0.136407,23.612441133,1352.893221,-1.032388276,-9.858582,-0.017950585,-0.194919140,-0.044133624,0.000296876,0.003498913,-0.000306491
920.395000000,0.173648,23.602670527,1352.333406,-0.758877443,-7.246746,-0.010442904,-0.120483369,-0.032762283,0.000341452,0.001258196,-0.000259121
920.396000000,0.241244,23.601255423,1352.252327,-0.691317464,-6.601595,-0.004768194,-0.070452888,-0.030399028,0.000523522,0.000335933,-0.000361920
920.398000000,0.241244,23.599960631,1352.178141,-0.633506663,-6.049543,-0.005080715,-0.070452888,-0.027773977,0.000447895,0.000357951,-0.000283745
920.401000000,0.241244,23.598768771,1352.109852,-0.584047120,-5.577239,-0.005348092,-0.070452888,-0.025528137,0.000383193,0.000376789,-0.000223803
920.402000000,0.241244,23.597664974,1352.046609,-0.541732426,-5.173164,-0.005576845,-0.070452888,-0.023606728,0.000327837,0.000392905,-0.000177600
920.405000000,0.295708,23.596636518,1351.987683,-0.505530448,-4.827460,-0.005772552,-0.070452888,-0.021962882,0.000280479,0.000406693,-0.000141790
920.416000000,0.295708,23.592762852,1351.765738,-0.180059503,-1.719442,0.007628307,0.055124448,-0.008952284,0.000533539,0.000420506,-0.000096069
920.418000000,0.372664,23.592492257,1351.750234,-0.121142634,-1.156827,0.007309807,0.055124448,-0.006277010,0.000456465,0.000402949,-0.000055297
920.421000000,0.372664,23.592326563,1351.740741,-0.070736804,-0.675487,0.007037314,0.055124448,-0.003988201,0.000390524,0.000387928,-0.000027624
920.423000000,0.372664,23.592250616,1351.736390,-0.027612522,-0.263680,0.006804185,0.055124448,-0.002030030,0.000334110,0.000375077,-0.000009226
920.435000000,0.418818,23.593679706,1351.818270,0.268952971,2.568312,0.015013838,0.136407212,0.010291754,0.000385539,0.002047996,0.000103692
920.436000000,0.418818,23.593982316,1351.835609,0.302609929,2.889712,0.019324547,0.173648178,0.011296025,0.000542678,0.003355672,0.000164220
920.437000000,0.475010,23.594316065,1351.854731,0.333749480,3.187073,0.019159471,0.173648178,0.012709617,0.000502088,0.003327007,0.000167572
920.439000000,0.475010,23.595067810,1351.897803,0.389193350,3.716523,0.018859745,0.173648178,0.015227191,0.000429557,0.003274960,0.000167181
920.441000000,0.475010,23.595918274,1351.946531,0.436627885,4.169489,0.018603314,0.173648178,0.017381080,0.000367504,0.003230432,0.000160462
920.442000000,0.475010,23.596853194,1352.000098,0.477210101,4.557021,0.018383927,0.173648178,0.019223822,0.000314415,0.003192335,0.000150042
920.458000000,0.529327,23.607167164,1352.591045,0.881289597,8.415696,0.030935187,0.295708050,0.035853376,0.000445626,0.009147784,0.000392726
920.459000000,0.529327,23.608074018,1352.643004,0.906853300,8.659811,0.030796990,0.295708050,0.037014163,0.000412184,0.009106918,0.000373790
920.459000000,0.596785,23.609004516,1352.696317,0.930498571,8.885607,0.030669164,0.295708050,0.038087839,0.000381252,0.009069119,0.000354754
920.461000000,0.596785,23.610929485,1352.806610,0.972598894,9.287635,0.030441571,0.295708050,0.039999514,0.000326177,0.009001818,0.000317239
920.463000000,0.596785,23.612929412,1352.921197,1.008617469,9.631587,0.030246855,0.295708050,0.041635032,0.000279058,0.008944238,0.000281462
920.477000000,0.626604,23.629611119,1353.876989,1.373326481,13.114302,0.043137750,0.418818232,0.056462076,0.000467450,0.018066876,0.000641962
920.479000000,0.692647,23.632436206,1354.038854,1.424945438,13.607227,0.042858699,0.418818232,0.058805970,0.000399923,0.017950004,0.000569869
920.482000000,0.692647,23.635353201,1354.205986,1.469107601,14.028944,0.042619959,0.418818232,0.060811269,0.000342151,0.017850016,0.000502657
920.484000000,0.692647,23.638348827,1354.377622,1.506890166,14.389741,0.042415707,0.418818232,0.062526885,0.000292724,0.017764471,0.000441103
920.499000000,0.719340,23.663911648,1355.842264,1.875661171,17.911245,0.053763344,0.529327086,0.077715816,0.000407684,0.028458394,0.000764677
920.500000000,0.781520,23.667731377,1356.061119,1.920680322,18.341146,0.053519972,0.529327086,0.079760028,0.000348791,0.028329571,0.000669915
920.502000000,0.781520,23.671631262,1356.284565,1.959196077,18.708944,0.053311756,0.529327086,0.081508937,0.000298405,0.028219357,0.000584633
920.513000000,0.804479,23.692265506,1357.466821,2.172767469,20.748401,0.060301090,0.596785202,0.090256823,0.000383674,0.035986798,0.000833634
920.513000000,0.804479,23.694460284,1357.592572,2.194777230,20.958579,0.060182105,0.596785202,0.091256234,0.000354881,0.035915790,0.000778885
920.516000000,0.836764,23.698918625,1357.848016,2.243205677,21.421036,0.063517546,0.626603811,0.093035681,0.000452602,0.039800336,0.001015279
920.518000000,0.836764,23.703480999,1358.109421,2.293197868,21.898427,0.063249904,0.626603811,0.095305403,0.000387320,0.039632631,0.000888201
920.519000000,0.836764,23.708132384,1358.375926,2.335968270,22.306854,0.063018688,0.626603811,0.097247505,0.000331368,0.039487750,0.000774065
920.522000000,0.836764,23.712859921,1358.646794,2.372560126,22.656280,0.062820873,0.626603811,0.098909054,0.000283499,0.039363798,0.000672619
920.524000000,0.836764,23.717652611,1358.921395,2.403865979,22.955229,0.062651634,0.626603811,0.100330578,0.000242545,0.039257752,0.000583046
920.537000000,0.869495,23.750663291,1360.812767,2.682692641,25.617828,0.072339876,0.719339800,0.111685611,0.000379094,0.052036952,0.001016992
920.539000000,0.906897,23.756092286,1361.123826,2.724554658,26.017580,0.072113570,0.719339800,0.113586465,0.000324330,0.051874161,0.000883656
920.540000000,0.906897,23.761595815,1361.439155,2.760369353,26.359586,0.071919957,0.719339800,0.115212725,0.000277478,0.051734887,0.000765942
920.543000000,0.906897,23.767163112,1361.758137,2.791010313,26.652185,0.071754312,0.719339800,0.116604059,0.000237394,0.051615732,0.000662569
920.544000000,0.924546,23.772784966,1362.080246,2.817224928,26.902516,0.071612596,0.719339800,0.117794402,0.000203100,0.051513791,0.000572180
920.558000000,0.924546,23.810963163,1364.267695,3.065566241,29.274001,0.080548555,0.804479317,0.127872134,0.000338465,0.064799647,0.001037586
920.561000000,0.954449,23.820270641,1364.800975,3.119553208,29.789539,0.080256703,0.804479317,0.130323554,0.000267840,0.064564857,0.000835540
920.563000000,0.954449,23.826554688,1365.161024,3.149129845,30.071975,0.080096812,0.804479317,0.131666558,0.000229148,0.064436229,0.000721617
920.564000000,0.966645,23.832891397,1365.524091,3.174433888,30.313611,0.079960019,0.804479317,0.132815555,0.000196046,0.064326181,0.000622334
920.577000000,0.966645,23.872319413,1367.783150,3.374833240,32.227284,0.086725688,0.869494930,0.140999723,0.000285343,0.075407546,0.000962984
920.578000000,0.983191,23.879116958,1368.172620,3.406342663,32.528176,0.086555349,0.869494930,0.142430490,0.000244123,0.075259437,0.000831565
920.580000000,0.983191,23.885970605,1368.565305,3.433300283,32.785603,0.086409617,0.869494930,0.143654572,0.000208857,0.075132723,0.000717069
920.582000000,0.983191,23.892872250,1368.960740,3.456363648,33.005842,0.086284936,0.869494930,0.144701824,0.000178686,0.075024315,0.000617603
920.594000000,0.990268,23.931705249,1371.185707,3.600073011,34.378165,0.090023419,0.906896990,0.150700663,0.000192873,0.081641967,0.000694355
920.594000000,0.990268,23.935321855,1371.392924,3.616606361,34.536047,0.092063177,0.924546034,0.151203066,0.000266580,0.085116645,0.000964116
920.597000000,0.997515,23.942599810,1371.809920,3.646051583,34.817228,0.091905544,0.924546034,0.152539923,0.000228130,0.084970906,0.000831773
920.599000000,0.997515,23.949930191,1372.229920,3.671243196,35.057790,0.091769359,0.924546034,0.153683815,0.000195175,0.084844997,0.000716534
920.600000000,0.997515,23.957305426,1372.652489,3.692795668,35.263601,0.091652846,0.924546034,0.154662461,0.000166980,0.084737276,0.000616623
920.603000000,0.997515,23.964719036,1373.077258,3.711234704,35.439681,0.091553165,0.924546034,0.155499734,0.000142858,0.084645116,0.000530181
920.605000000,0.999971,23.972165476,1373.503908,3.727010065,35.590324,0.091467884,0.924546034,0.156216055,0.000122221,0.084566269,0.000455520
920.617000000,0.999971,24.017665597,1376.110872,3.853407774,36.797334,0.095866965,0.966644818,0.161362678,0.000184444,0.092669305,0.000710738
920.618000000,0.997708,24.025403361,1376.554214,3.873775303,36.991829,0.095756859,0.966644818,0.162287519,0.000157800,0.092562872,0.000611280
920.621000000,0.997708,24.033177389,1376.999633,3.891200570,37.158228,0.095662659,0.966644818,0.163078759,0.000135004,0.092471813,0.000525328
920.622000000,0.997708,24.040982443,1377.446829,3.906108611,37.300590,0.095582066,0.966644818,0.163755698,0.000115502,0.092393909,0.000451162
920.635000000,0.993048,24.092408553,1380.393328,3.999057542,38.188187,0.097930887,0.990268069,0.167643719,0.000121580,0.096977831,0.000486206
920.638000000,0.982548,24.100427073,1380.852756,4.012486293,38.316422,0.097858912,0.990268069,0.168253415,0.000104041,0.096906556,0.000417462
920.640000000,0.982548,24.108469503,1381.313553,4.023975149,38.426132,0.097796804,0.990268069,0.168775096,0.000089011,0.096845052,0.000358178
920.642000000,0.982548,24.120570562,1382.006893,4.038172903,38.561711,0.097720051,0.990268069,0.169419782,0.000070438,0.096769046,0.000284440
920.644000000,0.982548,24.128658726,1382.470310,4.045951110,38.635987,0.097678002,0.990268069,0.169772972,0.000060262,0.096727407,0.000243819
920.658000000,0.970464,24.181651523,1385.506574,4.096508444,39.118774,0.098576020,0.999970513,0.171932040,0.000046573,0.098573113,0.000190786
920.660000000,0.945519,24.193956292,1386.211585,4.103937067,39.189712,0.098535861,0.999970513,0.172269356,0.000036855,0.098532955,0.000151250
920.663000000,0.945519,24.202170350,1386.682216,4.108006821,39.228576,0.098513860,0.999970513,0.172454154,0.000031531,0.098510955,0.000129529
920.664000000,0.932576,24.210391654,1387.153262,4.111488665,39.261825,0.098495037,0.999970513,0.172612256,0.000026976,0.098492133,0.000110911
920.676000000,0.932576,24.259787177,1389.983417,4.116178647,39.306611,0.097633953,0.993047928,0.172922694,-0.000016581,0.096955194,-0.000068250
920.679000000,0.902736,24.268016753,1390.454937,4.114347663,39.289126,0.097643851,0.993047928,0.172839553,-0.000014186,0.096965024,-0.000058365
920.680000000,0.902736,24.276243068,1390.926270,4.112781180,39.274167,0.097652319,0.993047928,0.172768423,-0.000012136,0.096973433,-0.000049915
920.682000000,0.902736,24.284466594,1391.397444,4.111440989,39.261369,0.097659564,0.993047928,0.172707568,-0.000010383,0.096980628,-0.000042690
920.695000000,0.882948,24.333647394,1394.215296,4.084730198,39.006300,0.096536347,0.982547927,0.171642546,-0.000032201,0.094851588,-0.000131531
920.696000000,0.882948,24.337726533,1394.449013,4.079138548,38.952904,0.095108846,0.970464383,0.171558668,-0.000090159,0.092299748,-0.000367770
920.696000000,0.848418,24.341800497,1394.682434,4.073963803,38.903489,0.095135762,0.970464383,0.171323819,-0.000083437,0.092325869,-0.000339917
920.699000000,0.848418,24.349934424,1395.148474,4.064750186,38.815505,0.095185570,0.970464383,0.170905451,-0.000071383,0.092374206,-0.000290156
920.701000000,0.848418,24.358051947,1395.613574,4.056867553,38.740231,0.095228183,0.970464383,0.170547519,-0.000061072,0.092415560,-0.000247759
920.703000000,0.848418,24.366155435,1396.077869,4.050123633,38.675832,0.095264641,0.970464383,0.170241294,-0.000052249,0.092450941,-0.000211616
920.716000000,0.813507,24.422378602,1399.299220,3.968007831,37.891684,0.091134479,0.932576036,0.167046119,-0.000149640,0.084989831,-0.000593774
920.718000000,0.813507,24.426338025,1399.526078,3.959423582,37.809710,0.091180884,0.932576036,0.166656329,-0.000138411,0.085033108,-0.000548027
920.718000000,0.767389,24.430289509,1399.752481,3.951483540,37.733888,0.091223808,0.932576036,0.166295790,-0.000128024,0.085073137,-0.000505883
920.721000000,0.767389,24.438170994,1400.204057,3.937346322,37.598888,0.091300233,0.932576036,0.165653853,-0.000109530,0.085144410,-0.000431256
920.723000000,0.767389,24.446027309,1400.654191,3.925251345,37.483389,0.091365619,0.932576036,0.165104649,-0.000093707,0.085205387,-0.000367824
920.738000000,0.734204,24.503924649,1403.971464,3.787763295,36.170475,0.086117471,0.882947593,0.159560466,-0.000182125,0.076037214,-0.000689846
920.739000000,0.734204,24.507701965,1404.187888,3.777315551,36.070706,0.086173952,0.882947593,0.159086058,-0.000168457,0.076087083,-0.000636316
920.742000000,0.671721,24.518978776,1404.834002,3.750445690,35.814118,0.086319210,0.882947593,0.157865962,-0.000133307,0.076215338,-0.000499959
920.744000000,0.671721,24.526457299,1405.262490,3.735725097,35.673547,0.086398789,0.882947593,0.157197535,-0.000114049,0.076285603,-0.000426057
920.756000000,0.643322,24.570304906,1407.774772,3.579710733,34.183719,0.078858966,0.813506961,0.151091092,-0.000285330,0.064152318,-0.001021400
920.758000000,0.588914,24.577416451,1408.182234,3.548202653,33.882839,0.079029296,0.813506961,0.149660386,-0.000244112,0.064290882,-0.000866159
920.759000000,0.588914,24.584471897,1408.586481,3.521246181,33.625424,0.079175022,0.813506961,0.148436356,-0.000208848,0.064409431,-0.000735405
920.762000000,0.588914,24.591479346,1408.987978,3.498183799,33.405195,0.079299697,0.813506961,0.147389149,-0.000178678,0.064510855,-0.000625049
920.765000000,0.588914,24.601915416,1409.585921,3.469683655,33.133038,0.079453768,0.813506961,0.146095025,-0.000141395,0.064636193,-0.000490595
920.778000000,0.542295,24.645663316,1412.092491,3.262425012,31.153864,0.071000339,0.734204025,0.137800574,-0.000298952,0.052128735,-0.000975308
920.780000000,0.471935,24.652138004,1412.463464,3.229412778,30.838620,0.071178803,0.734204025,0.136301567,-0.000255766,0.052259763,-0.000825973
920.782000000,0.471935,24.658553914,1412.831068,3.201169440,30.568916,0.071331486,0.734204025,0.135019104,-0.000218818,0.052371864,-0.000700474
920.785000000,0.471935,24.668085804,1413.377205,3.166266749,30.235620,0.071520169,0.734204025,0.133434256,-0.000173159,0.052510396,-0.000548268
920.795000000,0.432715,24.698948883,1415.145529,2.998071649,28.629475,0.064886101,0.671720589,0.126676751,-0.000290897,0.043585330,-0.000872130
920.796000000,0.375254,24.704870470,1415.484811,2.949002835,28.160903,0.061722972,0.643322253,0.124848531,-0.000380219,0.039707762,-0.001121268
920.798000000,0.375254,24.710704678,1415.819087,2.907016505,27.759963,0.061949948,0.643322253,0.122942032,-0.000325293,0.039853780,-0.000945633
920.801000000,0.375254,24.716464129,1416.149079,2.871095455,27.416942,0.062144137,0.643322253,0.121310943,-0.000278302,0.039978706,-0.000799032
920.802000000,0.375254,24.722159623,1416.475407,2.840363504,27.123474,0.062310273,0.643322253,0.119915478,-0.000238099,0.040085585,-0.000676288
920.817000000,0.316311,24.759948266,1418.640537,2.562096999,24.466224,0.051618030,0.542294904,0.108702632,-0.000420201,0.027992194,-0.001076595
920.818000000,0.243954,24.765001953,1418.930092,2.515695651,24.023124,0.051868872,0.542294904,0.106595657,-0.000359499,0.028128225,-0.000904391
920.821000000,0.243954,24.769973023,1419.214913,2.475997369,23.644033,0.052083480,0.542294904,0.104793053,-0.000307567,0.028244606,-0.000761534
920.823000000,0.243954,24.774873411,1419.495684,2.442033840,23.319705,0.052267086,0.542294904,0.103250850,-0.000263136,0.028344174,-0.000642587
920.825000000,0.194919,24.779713326,1419.772991,2.412976629,23.042229,0.052424169,0.542294904,0.101931431,-0.000225124,0.028429360,-0.000543218
920.838000000,0.194919,24.809160872,1421.460211,2.112027788,20.168380,0.040822063,0.432715241,0.089809060,-0.000423784,0.017664329,-0.000895044
920.839000000,0.114244,24.813313820,1421.698158,2.065230722,19.721501,0.041075047,0.432715241,0.087684116,-0.000362565,0.017773799,-0.000748781
920.842000000,0.114244,24.817383445,1421.931330,2.025193889,19.339177,0.041291485,0.432715241,0.085866139,-0.000310189,0.017867455,-0.000628194
920.843000000,0.114244,24.821381786,1422.160418,1.990940714,19.012083,0.041476657,0.432715241,0.084310784,-0.000265380,0.017947582,-0.000528356
920.854000000,0.076719,24.839956271,1423.224658,1.761290369,16.819084,0.035781097,0.375253799,0.074692027,-0.000275576,0.013426993,-0.000485369
920.856000000,0.013962,24.843414348,1423.422791,1.712594517,16.354073,0.028933680,0.316311400,0.073310234,-0.000530267,0.009152053,-0.000908133
920.858000000,0.013962,24.848378500,1423.707216,1.627977100,15.546036,0.029385951,0.316311400,0.069468561,-0.000419803,0.009295111,-0.000683430
920.860000000,0.013962,24.851564015,1423.889732,1.581619633,15.103355,0.029636559,0.316311400,0.067363579,-0.000359159,0.009374382,-0.000568053
920.863000000,0.013962,24.854666990,1424.067520,1.541958894,14.724623,0.029850964,0.316311400,0.065562679,-0.000307276,0.009442200,-0.000473806
920.864000000,0.013962,24.857699349,1424.241261,1.508027484,14.400602,0.030034397,0.316311400,0.064021935,-0.000262887,0.009500222,-0.000396441
920.876000000,-0.055124,24.873851532,1425.166713,1.194673137,11.408288,0.017073279,0.194919140,0.051502592,-0.000509174,0.003327909,-0.000608297
920.879000000,-0.130180,24.877268899,1425.362514,1.113457011,10.632731,0.017512329,0.194919140,0.047814762,-0.000402929,0.003413488,-0.000448644
920.882000000,-0.130180,24.879428205,1425.486233,1.068962940,10.207844,0.017752863,0.194919140,0.045794392,-0.000344722,0.003460373,-0.000368495
920.883000000,-0.130180,24.881508289,1425.605413,1.030896413,9.844336,0.017958650,0.194919140,0.044065882,-0.000294924,0.003500485,-0.000304036
920.894000000,-0.179832,24.890603564,1426.126534,0.784189442,7.488458,0.009552773,0.114243618,0.033999503,-0.000408296,0.001091343,-0.000320181
920.895000000,-0.241244,24.892091806,1426.211804,0.727474687,6.946872,0.005332497,0.076719028,0.031952224,-0.000536802,0.000409104,-0.000390510
920.898000000,-0.241244,24.893456659,1426.290004,0.668181158,6.380660,0.005649747,0.076719028,0.029260230,-0.000459383,0.000433443,-0.000306951
920.900000000,-0.241244,24.895310847,1426.396241,0.594907101,5.680944,0.006045865,0.076719028,0.025933029,-0.000363527,0.000463833,-0.000216265
920.903000000,-0.241244,24.896439665,1426.460918,0.554764074,5.297607,0.006262877,0.076719028,0.024110230,-0.000311012,0.000480482,-0.000172538
920.905000000,-0.241244,24.897477560,1426.520385,0.500973049,4.783940,-0.001017161,0.013962180,0.022550749,-0.000579643,-0.000014202,-0.000290386
920.917000000,-0.301704,24.901428308,1426.746746,0.190298365,1.817216,-0.007683657,-0.055124448,0.009417207,-0.000546933,0.000423557,-0.000104080
920.918000000,-0.372664,24.901717134,1426.763294,0.129902406,1.240477,-0.007357162,-0.055124448,0.006674770,-0.000467924,0.000405560,-0.000060784
920.921000000,-0.372664,24.901898424,1426.773682,0.078231153,0.747052,-0.007077828,-0.055124448,0.004328502,-0.000400328,0.000390161,-0.000031318
920.923000000,-0.372664,24.901987715,1426.778798,0.034024249,0.324908,-0.006838847,-0.055124448,0.002321172,-0.000342498,0.000376988,-0.000011653
920.924000000,-0.418818,24.901998295,1426.779404,-0.003796594,-0.036255,-0.006634388,-0.055124448,0.000603817,-0.000293021,0.000365717,0.000001112
920.938000000,-0.418818,24.899291514,1426.624317,-0.386276188,-3.688666,-0.019622111,-0.179832439,-0.015007649,-0.000466804,0.003528692,0.000180315
920.941000000,-0.496974,24.898440636,1426.575565,-0.437823738,-4.180909,-0.019343446,-0.179832439,-0.017348300,-0.000399370,0.003478579,0.000174854
920.942000000,-0.496974,24.897497977,1426.521555,-0.481924809,-4.602043,-0.019105036,-0.179832439,-0.019350825,-0.000341678,0.003435705,0.000164663
920.954000000,-0.523986,24.890472141,1426.119004,-0.760384068,-7.261133,-0.025013669,-0.241244442,-0.031130250,-0.000309378,0.006034409,0.000235246
920.955000000,-0.523986,24.889694009,1426.074420,-0.778131770,-7.430611,-0.024917725,-0.241244442,-0.031936131,-0.000286160,0.006011263,0.000222670
920.956000000,-0.576432,24.888880727,1426.027822,-0.813282824,-7.766279,-0.032021435,-0.301704364,-0.032681534,-0.000566769,0.009661007,0.000460943
920.959000000,-0.576432,24.886255298,1425.877396,-0.903723350,-8.629922,-0.031537817,-0.301704364,-0.036787605,-0.000448693,0.009515097,0.000405494
920.961000000,-0.576432,24.884372564,1425.769524,-0.953270994,-9.103067,-0.031269964,-0.301704364,-0.039037446,-0.000383875,0.009434284,0.000365937
920.963000000,-0.576432,24.882401611,1425.656596,-0.995661062,-9.507863,-0.031040804,-0.301704364,-0.040962278,-0.000328421,0.009365146,0.000326996
920.965000000,-0.576432,24.880355182,1425.539345,-1.031927527,-9.854182,-0.030844748,-0.301704364,-0.042609051,-0.000280978,0.009305995,0.000289949
920.978000000,-0.631488,24.864609886,1424.637206,-1.377493076,-13.154090,-0.043115225,-0.418818232,-0.056651272,-0.000462000,0.018057442,0.000636401
920.979000000,-0.692647,24.861777380,1424.474915,-1.428510133,-13.641267,-0.042839428,-0.418818232,-0.058967835,-0.000395260,0.017941934,0.000564633
920.981000000,-0.692647,24.858854038,1424.307420,-1.472157345,-14.058067,-0.042603472,-0.418818232,-0.060949751,-0.000338161,0.017843111,0.000497827
920.984000000,-0.692647,24.855852983,1424.135472,-1.509499349,-14.414657,-0.042401602,-0.418818232,-0.062645362,-0.000289311,0.017758564,0.000436715
920.994000000,-0.719340,24.837936172,1423.108914,-1.757597757,-16.783822,-0.050495755,-0.496973961,-0.072810404,-0.000387241,0.025095075,0.000680613
920.996000000,-0.765596,24.834331511,1422.902383,-1.816478192,-17.346089,-0.053438470,-0.523985906,-0.075103667,-0.000456233,0.028001005,0.000828738
920.999000000,-0.765596,24.830622002,1422.689843,-1.866858483,-17.827185,-0.053166116,-0.523985906,-0.077391316,-0.000390327,0.027858296,0.000728684
921.001000000,-0.765596,24.826822791,1422.472165,-1.909960916,-18.238783,-0.052933105,-0.523985906,-0.079348495,-0.000333941,0.027736201,0.000637813
921.002000000,-0.765596,24.822946837,1422.250089,-1.946836838,-18.590922,-0.052733755,-0.523985906,-0.081022943,-0.000285700,0.027631744,0.000556211
921.017000000,-0.804479,24.790968470,1420.417863,-2.288927422,-21.857647,-0.063862651,-0.631488135,-0.095042715,-0.000419310,0.040328506,0.000959769
921.018000000,-0.804479,24.788655489,1420.285339,-2.312981457,-22.087346,-0.063732615,-0.631488135,-0.096134952,-0.000387842,0.040246390,0.000897072
921.020000000,-0.850260,24.786320258,1420.151540,-2.335230353,-22.299807,-0.063612338,-0.631488135,-0.097145221,-0.000358737,0.040170437,0.000837733
921.021000000,-0.850260,24.781589604,1419.880494,-2.374844435,-22.678094,-0.063398185,-0.631488135,-0.098944002,-0.000306914,0.040035202,0.000728873
921.024000000,-0.850260,24.776788418,1419.605406,-2.408735928,-23.001734,-0.063214968,-0.631488135,-0.100482934,-0.000262578,0.039919502,0.000632481
921.036000000,-0.872581,24.746394857,1417.863983,-2.656333206,-25.366114,-0.072480033,-0.719339800,-0.110488965,-0.000413472,0.052137773,0.001098319
921.038000000,-0.904232,24.741012796,1417.555614,-2.702003062,-25.802229,-0.072235484,-0.719339800,-0.112562451,-0.000353832,0.051961858,0.000956055
921.040000000,-0.904232,24.735549419,1417.242586,-2.741075526,-26.175343,-0.072024259,-0.719339800,-0.114336639,-0.000302718,0.051809916,0.000829773
921.043000000,-0.904232,24.727227114,1416.765753,-2.789360688,-26.636432,-0.071763230,-0.719339800,-0.116529153,-0.000239552,0.051622147,0.000668197
921.045000000,-0.904232,24.721608197,1416.443812,-2.815813605,-26.889039,-0.071620226,-0.719339800,-0.117730317,-0.000204947,0.051519279,0.000577092
921.052000000,-0.926922,24.698289454,1415.107747,-2.977274694,-28.430879,-0.076331601,-0.765595506,-0.124410551,-0.000243771,0.058439131,0.000725774
921.054000000,-0.948655,24.692294001,1414.764233,-3.004193528,-28.687935,-0.076186078,-0.765595506,-0.125632871,-0.000208556,0.058327719,0.000626544
921.057000000,-0.948655,24.686215368,1414.415953,-3.050426738,-29.129430,-0.080630397,-0.804479317,-0.127184685,-0.000358270,0.064865487,0.001092876
921.060000000,-0.948655,24.676946826,1413.884904,-3.107572754,-29.675134,-0.080321469,-0.804479317,-0.129779550,-0.000283512,0.064616960,0.000881035
921.062000000,-0.948655,24.670684110,1413.526077,-3.138880069,-29.974097,-0.080152222,-0.804479317,-0.131201140,-0.000242557,0.064480805,0.000761356
921.063000000,-0.948655,24.664365650,1413.164056,-3.165664778,-30.229872,-0.080007424,-0.804479317,-0.132417370,-0.000207517,0.064364318,0.000656930
921.076000000,-0.966645,24.621849267,1410.728047,-3.375502319,-32.233673,-0.087094670,-0.872581274,-0.140986645,-0.000301151,0.075997178,0.001016537
921.078000000,-0.983191,24.615047731,1410.338348,-3.408757437,-32.551236,-0.086914895,-0.872581274,-0.142496681,-0.000257647,0.075840309,0.000878258
921.080000000,-0.983191,24.608186985,1409.945256,-3.437208573,-32.822924,-0.086761088,-0.872581274,-0.143788579,-0.000220428,0.075706101,0.000757657
921.083000000,-0.983191,24.597803214,1409.350309,-3.472368057,-33.158672,-0.086571017,-0.872581274,-0.145385087,-0.000174433,0.075540248,0.000605696
921.095000000,-0.991123,24.558723261,1407.111193,-3.615148825,-34.522128,-0.089620148,-0.904231671,-0.151422751,-0.000158743,0.081037376,0.000573878
921.096000000,-0.991123,24.555091975,1406.903136,-3.631286502,-34.676232,-0.092270226,-0.926922104,-0.151836251,-0.000260201,0.085527312,0.000944863
921.096000000,-0.997515,24.551445757,1406.694223,-3.646218233,-34.818819,-0.092191493,-0.926922104,-0.152514033,-0.000240756,0.085454333,0.000877850
921.098000000,-0.997515,24.544112923,1406.274082,-3.672804134,-35.072696,-0.092047772,-0.926922104,-0.153721235,-0.000205977,0.085321114,0.000756513
921.102000000,-0.997515,24.533027095,1405.638911,-3.705658589,-35.386433,-0.091870161,-0.926922104,-0.155213078,-0.000162997,0.085156483,0.000604012
921.104000000,-0.997515,24.525588428,1405.212707,-3.723657828,-35.558313,-0.091772858,-0.926922104,-0.156030381,-0.000139451,0.085066290,0.000519268
921.116000000,-0.999903,24.476211277,1402.383605,-3.856913865,-36.830814,-0.095848011,-0.966644818,-0.161521882,-0.000179857,0.092650983,0.000693694
921.117000000,-0.999903,24.472344045,1402.162029,-3.867231532,-36.929341,-0.095792235,-0.966644818,-0.161990382,-0.000166360,0.092597067,0.000643353
921.118000000,-0.997708,24.468467270,1401.939906,-3.876774909,-37.020473,-0.095740643,-0.966644818,-0.162423724,-0.000153875,0.092547197,0.000596541
921.121000000,-0.997708,24.460687901,1401.494181,-3.893766858,-37.182735,-0.095648785,-0.966644818,-0.163195288,-0.000131647,0.092458403,0.000512602
921.123000000,-0.997708,24.452878278,1401.046722,-3.908304176,-37.321556,-0.095570197,-0.966644818,-0.163855393,-0.000112629,0.092382435,0.000440190
921.137000000,-0.993048,24.397427377,1397.869620,-4.007280425,-38.266709,-0.097990262,-0.991122966,-0.168004991,-0.000115472,0.097120400,0.000462729
921.138000000,-0.993048,24.393413472,1397.639640,-4.013904583,-38.329965,-0.097954453,-0.991122966,-0.168305778,-0.000106807,0.097084908,0.000428711
921.138000000,-0.981360,24.389393441,1397.409309,-4.020031631,-38.388474,-0.097921330,-0.991122966,-0.168583992,-0.000098791,0.097052079,0.000397144
921.142000000,-0.981360,24.377301012,1396.716464,-4.035789379,-38.538950,-0.097836144,-0.991122966,-0.169299514,-0.000078177,0.096967649,0.000315507
921.143000000,-0.981360,24.369216315,1396.253245,-4.044422225,-38.621387,-0.097789475,-0.991122966,-0.169691511,-0.000066884,0.096921395,0.000270507
921.159000000,-0.970464,24.308057370,1392.749095,-4.099879221,-39.150963,-0.098549590,-0.999902524,-0.172086056,-0.000041796,0.098539983,0.000171357
921.159000000,-0.970464,24.303955093,1392.514052,-4.102276866,-39.173858,-0.098536628,-0.999902524,-0.172194927,-0.000038659,0.098527023,0.000158591
921.160000000,-0.945519,24.299850599,1392.278882,-4.104494580,-39.195036,-0.098524639,-0.999902524,-0.172295628,-0.000035758,0.098515035,0.000146768
921.163000000,-0.945519,24.291635610,1391.808198,-4.108443212,-39.232743,-0.098503293,-0.999902524,-0.172474926,-0.000030592,0.098493691,0.000125687
921.176000000,-0.932576,24.234015906,1388.506832,-4.116290529,-39.307679,-0.097633348,-0.993047928,-0.172927774,0.000016727,0.096954594,-0.000068855
921.177000000,-0.932576,24.229900576,1388.271041,-4.115330950,-39.298516,-0.097638535,-0.993047928,-0.172884202,0.000015472,0.096959745,-0.000063673
921.179000000,-0.900015,24.221672510,1387.799608,-4.113622423,-39.282201,-0.097647771,-0.993047928,-0.172806622,0.000013237,0.096968917,-0.000054452
921.182000000,-0.900015,24.213447486,1387.328348,-4.112160707,-39.268242,-0.097655673,-0.993047928,-0.172740249,0.000011325,0.096976764,-0.000046569
921.183000000,-0.900015,24.205225065,1386.857238,-4.110910149,-39.256300,-0.097662434,-0.993047928,-0.172683464,0.000009689,0.096983478,-0.000039830
921.197000000,-0.879980,24.151991747,1383.807194,-4.073529736,-38.899344,-0.095138109,-0.970464383,-0.171304109,0.000082869,0.092328146,-0.000337568
921.200000000,-0.841699,24.139798280,1383.108560,-4.060311722,-38.773121,-0.095209564,-0.970464383,-0.170703911,0.000065577,0.092397491,-0.000266264
921.202000000,-0.841699,24.131688660,1382.643913,-4.053070263,-38.703970,-0.095248712,-0.970464383,-0.170375093,0.000056104,0.092435482,-0.000227393
921.204000000,-0.841699,24.123591933,1382.180004,-4.046874893,-38.644809,-0.095282204,-0.970464383,-0.170093776,0.000047999,0.092467985,-0.000194247
921.217000000,-0.813507,24.071417868,1379.190651,-3.967916637,-37.890813,-0.091134972,-0.932576036,-0.167041978,0.000149521,0.084990291,-0.000593287
921.218000000,-0.767389,24.063507123,1378.737398,-3.951405519,-37.733143,-0.091224230,-0.932576036,-0.166292248,0.000127922,0.085073530,-0.000505470
921.221000000,-0.767389,24.055625776,1378.285831,-3.937279572,-37.598250,-0.091300594,-0.932576036,-0.165650822,0.000109442,0.085144746,-0.000430905
921.223000000,-0.767389,24.047769580,1377.835704,-3.925194238,-37.482844,-0.091365927,-0.932576036,-0.165102056,0.000093632,0.085205674,-0.000367525
921.225000000,-0.734204,24.039934903,1377.386810,-3.914854732,-37.384109,-0.091421823,-0.932576036,-0.164632563,0.000080106,0.085257801,-0.000313605
921.235000000,-0.734204,23.997422995,1374.951057,-3.810912283,-36.391532,-0.085635871,-0.879980407,-0.160653182,0.000228369,0.075357889,-0.000870295
921.238000000,-0.685564,23.989839502,1374.516555,-3.785685564,-36.150634,-0.085770489,-0.879980407,-0.159507902,0.000195447,0.075476350,-0.000739900
921.240000000,-0.685564,23.982300926,1374.084626,-3.764103054,-35.944536,-0.085887164,-0.879980407,-0.158527892,0.000167213,0.075579022,-0.000629406
921.243000000,-0.685564,23.971063345,1373.440760,-3.737431714,-35.689844,-0.086031349,-0.879980407,-0.157316809,0.000132322,0.075705901,-0.000494543
921.245000000,-0.685564,23.963610684,1373.013754,-3.722819881,-35.550311,-0.086110340,-0.879980407,-0.156653321,0.000113207,0.075775412,-0.000421448
921.256000000,-0.643322,23.919878279,1370.508072,-3.567718688,-34.069204,-0.078923794,-0.813506961,-0.150546562,0.000269643,0.064205056,-0.000962009
921.258000000,-0.583825,23.912788085,1370.101834,-3.537942960,-33.784867,-0.079084759,-0.813506961,-0.149194517,0.000230691,0.064336002,-0.000816170
921.260000000,-0.583825,23.905750908,1369.698633,-3.512468587,-33.541604,-0.079222473,-0.813506961,-0.148037787,0.000197365,0.064448034,-0.000693240
921.263000000,-0.583825,23.898759087,1369.298031,-3.490674203,-33.333483,-0.079340293,-0.813506961,-0.147048156,0.000168854,0.064543881,-0.000589415
921.275000000,-0.547563,23.857886922,1366.956229,-3.323749613,-31.739471,-0.074675085,-0.767389013,-0.140117898,0.000199787,0.057304840,-0.000664041
921.275000000,-0.547563,23.854584916,1366.767038,-3.302005362,-31.531829,-0.070789279,-0.734204025,-0.139597484,0.000350600,0.051973773,-0.001157683
921.276000000,-0.488469,23.851303031,1366.579000,-3.281885442,-31.339697,-0.070895138,-0.734204025,-0.138684225,0.000324410,0.052051496,-0.001064675
921.279000000,-0.488469,23.844793693,1366.206042,-3.246061984,-30.997609,-0.071088797,-0.734204025,-0.137057568,0.000277546,0.052193681,-0.000900931
921.280000000,-0.488469,23.838348140,1365.836739,-3.215413528,-30.704937,-0.071254482,-0.734204025,-0.135665894,0.000237452,0.052315328,-0.000763507
921.283000000,-0.488469,23.831957155,1365.470563,-3.189192500,-30.454545,-0.071396233,-0.734204025,-0.134475260,0.000203150,0.052419401,-0.000647885
921.296000000,-0.438371,23.789032774,1363.011177,-2.945020286,-28.122872,-0.061744503,-0.643322253,-0.124667693,0.000375009,0.039721613,-0.001104410
921.297000000,-0.438371,23.786109267,1362.843672,-2.923507565,-27.917441,-0.061860798,-0.643322253,-0.123690852,0.000346867,0.039796428,-0.001014068
921.299000000,-0.363576,23.783205657,1362.677307,-2.903609269,-27.727426,-0.061968368,-0.643322253,-0.122787318,0.000320836,0.039865630,-0.000931583
921.301000000,-0.363576,23.774599839,1362.184230,-2.852434158,-27.238740,-0.062245019,-0.643322253,-0.120463578,0.000253890,0.040043606,-0.000724203
921.302000000,-0.363576,23.771761969,1362.021632,-2.837869573,-27.099658,-0.062323755,-0.643322253,-0.119802235,0.000234836,0.040094259,-0.000666435
921.316000000,-0.316311,23.736488545,1360.000614,-2.588215628,-24.715639,-0.052116029,-0.547563223,-0.109814062,0.000425747,0.028536821,-0.001101926
921.318000000,-0.243954,23.728863291,1359.563719,-2.520283903,-24.066938,-0.052480087,-0.547563223,-0.106729815,0.000337022,0.028736165,-0.000849392
921.320000000,-0.243954,23.726362341,1359.420425,-2.500950336,-23.882317,-0.052584604,-0.547563223,-0.105851924,0.000311731,0.028793395,-0.000779623
921.323000000,-0.243954,23.718961518,1358.996389,-2.451227613,-23.407499,-0.052853404,-0.547563223,-0.103594133,0.000246684,0.028940580,-0.000604679
921.325000000,-0.194919,23.714100455,1358.717871,-2.423987132,-23.147372,-0.053000665,-0.547563223,-0.102357208,0.000211048,0.029021215,-0.000511579
921.338000000,-0.194919,23.684763629,1357.036995,-2.122374083,-20.267180,-0.041448941,-0.438371147,-0.090199219,0.000406745,0.018170020,-0.000863265
921.340000000,-0.114244,23.680587130,1356.797699,-2.077458620,-19.838269,-0.041691754,-0.438371147,-0.088159715,0.000347987,0.018276462,-0.000722929
921.342000000,-0.114244,23.676490602,1356.562985,-2.039031575,-19.471317,-0.041899489,-0.438371147,-0.086414834,0.000297717,0.018367527,-0.000607055
921.343000000,-0.114244,23.672462494,1356.332192,-2.006155641,-19.157375,-0.042077216,-0.438371147,-0.084922016,0.000254710,0.018445438,-0.000510987
921.354000000,-0.076719,23.653608637,1355.251945,-1.770656196,-16.908521,-0.034320712,-0.363576430,-0.075281737,0.000350952,0.012478202,-0.000621416
921.357000000,-0.013962,23.648454385,1354.956628,-1.686473049,-16.104631,-0.029069726,-0.316311400,-0.072124723,0.000496327,0.009195086,-0.000837042
921.359000000,-0.013962,23.645164718,1354.768144,-1.631665348,-15.581256,-0.029366013,-0.316311400,-0.069636036,0.000424628,0.009288805,-0.000692851
921.361000000,-0.013962,23.641972637,1354.585251,-1.584775083,-15.133487,-0.029619501,-0.316311400,-0.067506860,0.000363287,0.009368986,-0.000575728
921.362000000,-0.013962,23.638864044,1354.407142,-1.544658513,-14.750402,-0.029836370,-0.316311400,-0.065685262,0.000310807,0.009437584,-0.000480091
921.364000000,0.055124,23.635826878,1354.233125,-1.510337120,-14.422657,-0.030021911,-0.316311400,-0.064126810,0.000265909,0.009496273,-0.000401612
921.377000000,0.055124,23.618491090,1353.239858,-1.166301662,-11.137360,-0.017226652,-0.194919140,-0.050214312,0.000472059,0.003357804,-0.000550564
921.379000000,0.136407,23.616237694,1353.110748,-1.114173735,-10.639575,-0.017508455,-0.194919140,-0.047847307,0.000403866,0.003412733,-0.000449977
921.382000000,0.136407,23.614077113,1352.986956,-1.069576127,-10.213700,-0.017749548,-0.194919140,-0.045822235,0.000345525,0.003459727,-0.000369565
921.384000000,0.136407,23.611995937,1352.867713,-1.031421020,-9.849345,-0.017955814,-0.194919140,-0.044089703,0.000295611,0.003499932,-0.000304899
921.394000000,0.179832,23.602136170,1352.302790,-0.760989648,-7.266916,-0.009678190,-0.114243618,-0.032946056,0.000377946,0.001105671,-0.000287613
921.397000000,0.241244,23.600711627,1352.221170,-0.696862419,-6.654546,-0.005494699,-0.076719028,-0.030562577,0.000496903,0.000421548,-0.000346273
921.398000000,0.241244,23.599401279,1352.146092,-0.641991085,-6.130563,-0.005791330,-0.076719028,-0.028071001,0.000425121,0.000444305,-0.000272924
921.401000000,0.241244,23.598188629,1352.076613,-0.595046379,-5.682274,-0.006045112,-0.076719028,-0.025939353,0.000363709,0.000463775,-0.000216424
921.404000000,0.241244,23.596522531,1351.981152,-0.537032819,-5.128286,-0.006358732,-0.076719028,-0.023305096,0.000287816,0.000487836,-0.000154567
921.415000000,0.301704,23.592260283,1351.736943,-0.224262427,-2.141548,0.007861212,0.055124448,-0.010958728,0.000591093,0.000433345,-0.000132560
921.418000000,0.366826,23.591910984,1351.716930,-0.158960082,-1.517957,0.007514248,0.055124448,-0.007994210,0.000505937,0.000414219,-0.000080424
921.420000000,0.366826,23.591677957,1351.703579,-0.103091203,-0.984448,0.007212221,0.055124448,-0.005457338,0.000432850,0.000397570,-0.000044623
921.422000000,0.366826,23.591544403,1351.695926,-0.055293055,-0.528010,0.006953825,0.055124448,-0.003286937,0.000370321,0.000383326,-0.000020476
921.424000000,0.366826,23.591499729,1351.693367,0.003775176,0.036050,0.006634504,0.055124448,-0.000604790,0.000293049,0.000365723,0.000001106
921.437000000,0.418818,23.593528691,1351.809618,0.335280287,3.201691,0.019897791,0.179832439,0.012692046,0.000533516,0.003578268,0.000178877
921.439000000,0.486030,23.594288771,1351.853167,0.394194626,3.764281,0.019579304,0.179832439,0.015367206,0.000456445,0.003520994,0.000179928
921.441000000,0.486030,23.595153749,1351.902727,0.444598291,4.245601,0.019306823,0.179832439,0.017655916,0.000390508,0.003471993,0.000173619
921.442000000,0.486030,23.596108469,1351.957428,0.487720721,4.657390,0.019073704,0.179832439,0.019614003,0.000334095,0.003430071,0.000162945
921.454000000,0.523986,23.603175455,1352.362337,0.762841309,7.284598,0.025000385,0.241244442,0.031241827,0.000306163,0.006031204,0.000233554
921.455000000,0.523986,23.603955860,1352.407051,0.780404608,7.452315,0.024905438,0.241244442,0.032039335,0.000283187,0.006008299,0.000221001
921.456000000,0.581555,23.604771245,1352.453769,0.815385096,7.786354,0.032010070,0.301704364,0.032776994,0.000564018,0.009657578,0.000459892
921.459000000,0.581555,23.607402080,1352.604504,0.905386957,8.645809,0.031528824,0.301704364,0.036863145,0.000446517,0.009512384,0.000404270
921.461000000,0.581555,23.609287776,1352.712547,0.954694278,9.116659,0.031262269,0.301704364,0.039102073,0.000382014,0.009431963,0.000364706
921.463000000,0.581555,23.611261263,1352.825619,0.996878741,9.519491,0.031034221,0.301704364,0.041017570,0.000326828,0.009363160,0.000325808
921.464000000,0.581555,23.613309860,1352.942995,1.032969302,9.864130,0.030839116,0.301704364,0.042656356,0.000279615,0.009304296,0.000288834
921.476000000,0.631488,23.627765585,1353.771247,1.348923149,12.881267,0.043269671,0.418818232,0.055353980,0.000499374,0.018122127,0.000673618
921.478000000,0.688101,23.630547223,1353.930623,1.404067373,13.407856,0.042971565,0.418818232,0.057857947,0.000427236,0.017997275,0.000599868
921.481000000,0.688101,23.633427044,1354.095625,1.451245549,13.858374,0.042716521,0.418818232,0.060000196,0.000365518,0.017890458,0.000530456
921.484000000,0.688101,23.637900414,1354.351930,1.509547627,14.415118,0.042401341,0.418818232,0.062647554,0.000289248,0.017758455,0.000436633
921.496000000,0.723690,23.659619709,1355.596354,1.823529880,17.413428,0.053400348,0.523985906,0.075423868,0.000447008,0.027981030,0.000815133
921.498000000,0.773619,23.663341774,1355.809613,1.872891495,17.884796,0.053133502,0.523985906,0.077665261,0.000382434,0.027841206,0.000716258
921.501000000,0.773619,23.669085618,1356.138711,1.933891836,18.467307,0.052803735,0.523985906,0.080435141,0.000302634,0.027668413,0.000585262
921.504000000,0.773619,23.673004181,1356.363228,1.967310735,18.786434,0.052623073,0.523985906,0.081952614,0.000258916,0.027573749,0.000509369
921.516000000,0.804479,23.700715144,1357.950949,2.267835296,21.656232,0.063976671,0.631488135,0.094084972,0.000446902,0.040400509,0.001013500
921.518000000,0.846936,23.705325802,1358.215120,2.317185163,22.127488,0.063709890,0.631488135,0.096325832,0.000382343,0.040232040,0.000885960
921.521000000,0.846936,23.710024326,1358.484326,2.359406025,22.530668,0.063481645,0.631488135,0.098242981,0.000327110,0.040087905,0.000771786
921.523000000,0.846936,23.714798025,1358.757839,2.395527727,22.875605,0.063286371,0.631488135,0.099883181,0.000279857,0.039964593,0.000670404
921.532000000,0.872581,23.739790226,1360.189786,2.598833847,24.817035,0.069021943,0.688101330,0.108317654,0.000319930,0.047494091,0.000831445
921.534000000,0.872581,23.742407413,1360.339740,2.617186884,24.992294,0.068922727,0.688101330,0.109151022,0.000295921,0.047425820,0.000774480
921.535000000,0.901531,23.747702468,1360.643125,2.660892640,25.409653,0.072979813,0.723690240,0.110634830,0.000430990,0.052814778,0.001146817
921.538000000,0.901531,23.753096594,1360.952185,2.708500779,25.864277,0.072725565,0.723690240,0.112796238,0.000368849,0.052630782,0.000999028
921.540000000,0.901531,23.758575485,1361.266103,2.749231525,26.253227,0.072505375,0.723690240,0.114645724,0.000315566,0.052471432,0.000867563
921.542000000,0.901531,23.764126898,1361.584175,2.784078371,26.585990,0.072316994,0.723690240,0.116228037,0.000269980,0.052335103,0.000751644
921.543000000,0.901531,23.769740355,1361.905802,2.813891296,26.870683,0.072155826,0.723690240,0.117581771,0.000230979,0.052218467,0.000649949
921.558000000,0.926922,23.810900952,1364.264131,3.069566424,29.312200,0.080526931,0.804479317,0.128053773,0.000333232,0.064782250,0.001022877
921.560000000,0.954449,23.817095999,1364.619081,3.106364074,29.663592,0.080328003,0.804479317,0.129724666,0.000285094,0.064622217,0.000885605
921.562000000,0.954449,23.826508402,1365.158372,3.151838057,30.097836,0.080082171,0.804479317,0.131789532,0.000225605,0.064424451,0.000711071
921.565000000,0.954449,23.832849933,1365.521715,3.176750875,30.335736,0.079947493,0.804479317,0.132920764,0.000193015,0.064316105,0.000613159
921.577000000,0.966645,23.875636381,1367.973198,3.393942548,32.409764,0.086994984,0.872581274,0.141823972,0.000277028,0.075910194,0.000940217
921.579000000,0.984319,23.882470749,1368.364778,3.424533819,32.701889,0.086829608,0.872581274,0.143213049,0.000237009,0.075765890,0.000811645
921.581000000,0.984319,23.889359585,1368.759480,3.450705923,32.951814,0.086688122,0.872581274,0.144401462,0.000202771,0.075642432,0.000699703
921.583000000,0.984319,23.896295020,1369.156851,3.473097246,33.165636,0.086567075,0.872581274,0.145418198,0.000173479,0.075536808,0.000602510
921.594000000,0.991123,23.935413889,1371.398197,3.614276930,34.513802,0.089298780,0.901530654,0.151421193,0.000145282,0.080505588,0.000525090
921.597000000,0.997515,23.942674689,1371.814210,3.638188222,34.742138,0.092232678,0.926922104,0.152149669,0.000251161,0.085492508,0.000913772
921.599000000,0.997515,23.949993225,1372.233531,3.665934122,35.007092,0.092084911,0.926922104,0.153409285,0.000214964,0.085355540,0.000788045
921.601000000,0.997515,23.961061385,1372.867690,3.700222092,35.334518,0.091899551,0.926922104,0.154966220,0.000170109,0.085183725,0.000629442
