<?xml version="1.0" encoding="utf-8"?>
<COLLADA xmlns="http://www.collada.org/2005/11/COLLADASchema" version="1.4.1">
  <asset>
    <contributor>
      <authoring_tool>Fusion URDF/XACRO Exporter</authoring_tool>
    </contributor>
    <created>2026-09-16T22:18:32Z</created>
    <modified>2026-09-16T22:18:32Z</modified>
    <unit name="meter" meter="1.0"/>
    <up_axis>Z_UP</up_axis>
  </asset>
  <library_effects>
    <effect id="Recubrimiento_de_polvo__blanco_-effect">
      <profile_COMMON>
        <technique sid="common">
          <lambert>
            <emission><color>0 0 0 1</color></emission>
            <ambient><color>0.0000 0.0000 0.0000 1</color></ambient>
            <diffuse><color>0.9647 0.9647 0.9529 1</color></diffuse>
            <reflective><color>0 0 0 1</color></reflective>
            <transparent opaque="A_ONE"><color>1 1 1 1</color></transparent>
            <transparency><float>1</float></transparency>
          </lambert>
        </technique>
      </profile_COMMON>
    </effect>
    <effect id="Recubrimiento_de_polvo__rojo_-effect">
      <profile_COMMON>
        <technique sid="common">
          <lambert>
            <emission><color>0 0 0 1</color></emission>
            <ambient><color>0.0000 0.0000 0.0000 1</color></ambient>
            <diffuse><color>0.7686 0.2078 0.1529 1</color></diffuse>
            <reflective><color>0 0 0 1</color></reflective>
            <transparent opaque="A_ONE"><color>1 1 1 1</color></transparent>
            <transparency><float>1</float></transparency>
          </lambert>
        </technique>
      </profile_COMMON>
    </effect>
    <effect id="Aluminio_-_Satinado-effect">
      <profile_COMMON>
        <technique sid="common">
          <lambert>
            <emission><color>0 0 0 1</color></emission>
            <ambient><color>0.0000 0.0000 0.0000 1</color></ambient>
            <diffuse><color>0.9608 0.9608 0.9647 1</color></diffuse>
            <reflective><color>0 0 0 1</color></reflective>
            <transparent opaque="A_ONE"><color>1 1 1 1</color></transparent>
            <transparency><float>1</float></transparency>
          </lambert>
        </technique>
      </profile_COMMON>
    </effect>
    <effect id="Cromo_-_Negro-effect">
      <profile_COMMON>
        <technique sid="common">
          <lambert>
            <emission><color>0 0 0 1</color></emission>
            <ambient><color>0.0000 0.0000 0.0000 1</color></ambient>
            <diffuse><color>0.5647 0.5569 0.5451 1</color></diffuse>
            <reflective><color>0 0 0 1</color></reflective>
            <transparent opaque="A_ONE"><color>1 1 1 1</color></transparent>
            <transparency><float>1</float></transparency>
          </lambert>
        </technique>
      </profile_COMMON>
    </effect>
  </library_effects>
  <library_materials>
    <material id="Recubrimiento_de_polvo__blanco_" name="Recubrimiento_de_polvo_(blanco)">
      <instance_effect url="#Recubrimiento_de_polvo__blanco_-effect"/>
    </material>
    <material id="Recubrimiento_de_polvo__rojo_" name="Recubrimiento_de_polvo_(rojo)">
      <instance_effect url="#Recubrimiento_de_polvo__rojo_-effect"/>
    </material>
    <material id="Aluminio_-_Satinado" name="Aluminio_-_Satinado">
      <instance_effect url="#Aluminio_-_Satinado-effect"/>
    </material>
    <material id="Cromo_-_Negro" name="Cromo_-_Negro">
      <instance_effect url="#Cromo_-_Negro-effect"/>
    </material>
  </library_materials>
  <library_geometries>
    <geometry id="disk_link-mesh" name="disk_link">
      <mesh>
        <source id="disk_link-mesh-positions">
          <float_array id="disk_link-mesh-positions-array" count="3189">-0.021750 -0.000019 0.010000 0.021750 -0.000019 0.010000 0.021750 -0.000012 0.010000 0.021750 -0.000006 0.010000 0.021750 -0.000000 0.010000 0.021749 0.000167 0.010000 0.021747 0.000333 0.010000 0.021744 0.000500 0.010000 0.000250 0.000500 0.010000 0.000250 0.021749 0.010000 0.000083 0.021750 0.010000 -0.000083 0.021750 0.010000 -0.000250 0.021749 0.010000 -0.000250 0.000500 0.010000 -0.021744 0.000500 0.010000 -0.021748 0.000327 0.010000 -0.021749 0.000154 0.010000 0.021668 0.001890 0.010000 0.021502 0.003272 0.010000 0.021249 0.004641 0.010000 0.020909 0.005991 0.010000 0.020483 0.007316 0.010000 0.019973 0.008611 0.010000 0.019381 0.009871 0.010000 0.018710 0.011091 0.010000 0.017962 0.012265 0.010000 0.017141 0.013389 0.010000 0.016249 0.014458 0.010000 0.015291 0.015468 0.010000 0.014270 0.016414 0.010000 0.013191 0.017293 0.010000 0.012058 0.018102 0.010000 0.010875 0.018836 0.010000 0.009648 0.019493 0.010000 0.008381 0.020070 0.010000 0.007080 0.020565 0.010000 0.005750 0.020976 0.010000 0.004396 0.021301 0.010000 0.003025 0.021539 0.010000 0.001641 0.021688 0.010000 -0.001641 0.021688 0.010000 -0.003025 0.021539 0.010000 -0.004396 0.021301 0.010000 -0.005750 0.020976 0.010000 -0.007080 0.020565 0.010000 -0.008381 0.020070 0.010000 -0.009648 0.019493 0.010000 -0.010875 0.018836 0.010000 -0.012058 0.018102 0.010000 -0.013191 0.017293 0.010000 -0.014270 0.016414 0.010000 -0.015291 0.015468 0.010000 -0.016249 0.014458 0.010000 -0.017141 0.013389 0.010000 -0.017962 0.012265 0.010000 -0.018710 0.011091 0.010000 -0.019381 0.009871 0.010000 -0.019973 0.008611 0.010000 -0.020483 0.007316 0.010000 -0.020909 0.005991 0.010000 -0.021249 0.004641 0.010000 -0.021502 0.003272 0.010000 -0.021668 0.001890 0.010000 -0.003000 0.007000 0.000000 -0.002957 0.006493 0.000000 -0.002829 0.006001 0.000000 -0.002619 0.005537 0.000000 -0.002334 0.005115 0.000000 -0.001982 0.004748 0.000000 -0.001573 0.004445 0.000000 -0.001119 0.004216 0.000000 -0.000632 0.004067 0.000000 -0.000127 0.004003 0.000000 0.000381 0.004024 0.000000 0.000878 0.004132 0.000000 0.001351 0.004321 0.000000 0.001784 0.004588 0.000000 0.002166 0.004924 0.000000 0.002486 0.005320 0.000000 0.002734 0.005764 0.000000 0.002903 0.006244 0.000000 0.002989 0.006746 0.000000 0.002989 0.007254 0.000000 0.002903 0.007756 0.000000 0.002734 0.008236 0.000000 0.002486 0.008680 0.000000 0.002166 0.009076 0.000000 0.001784 0.009412 0.000000 0.001351 0.009679 0.000000 0.000878 0.009869 0.000000 0.000381 0.009976 0.000000 -0.000127 0.009997 0.000000 -0.000632 0.009933 0.000000 -0.001119 0.009784 0.000000 -0.001573 0.009555 0.000000 -0.001982 0.009252 0.000000 -0.002334 0.008885 0.000000 -0.002619 0.008463 0.000000 -0.002829 0.007999 0.000000 -0.002957 0.007507 0.000000 -0.003000 0.007000 0.000500 -0.002957 0.007507 0.000500 -0.002829 0.007999 0.000500 -0.002619 0.008463 0.000500 -0.002334 0.008885 0.000500 -0.001982 0.009252 0.000500 -0.001573 0.009555 0.000500 -0.001119 0.009784 0.000500 -0.000632 0.009933 0.000500 -0.000127 0.009997 0.000500 0.000381 0.009976 0.000500 0.000878 0.009869 0.000500 0.001351 0.009679 0.000500 0.001784 0.009412 0.000500 0.002166 0.009076 0.000500 0.002486 0.008680 0.000500 0.002734 0.008236 0.000500 0.002903 0.007756 0.000500 0.002989 0.007254 0.000500 0.002989 0.006746 0.000500 0.002903 0.006244 0.000500 0.002734 0.005764 0.000500 0.002486 0.005320 0.000500 0.002166 0.004924 0.000500 0.001784 0.004588 0.000500 0.001351 0.004321 0.000500 0.000878 0.004132 0.000500 0.000381 0.004024 0.000500 -0.000127 0.004003 0.000500 -0.000632 0.004067 0.000500 -0.001119 0.004216 0.000500 -0.001573 0.004445 0.000500 -0.001982 0.004748 0.000500 -0.002334 0.005115 0.000500 -0.002619 0.005537 0.000500 -0.002829 0.006001 0.000500 -0.002957 0.006493 0.000500 0.004000 0.000000 0.000000 0.004043 -0.000507 0.000000 0.004171 -0.000999 0.000000 0.004381 -0.001463 0.000000 0.004666 -0.001885 0.000000 0.005018 -0.002252 0.000000 0.005427 -0.002555 0.000000 0.005881 -0.002784 0.000000 0.006368 -0.002933 0.000000 0.006873 -0.002997 0.000000 0.007381 -0.002976 0.000000 0.007878 -0.002868 0.000000 0.008351 -0.002679 0.000000 0.008784 -0.002412 0.000000 0.009166 -0.002076 0.000000 0.009486 -0.001680 0.000000 0.009734 -0.001236 0.000000 0.009903 -0.000756 0.000000 0.009989 -0.000254 0.000000 0.009989 0.000254 0.000000 0.009903 0.000756 0.000000 0.009734 0.001236 0.000000 0.009486 0.001680 0.000000 0.009166 0.002076 0.000000 0.008784 0.002412 0.000000 0.008351 0.002679 0.000000 0.007878 0.002868 0.000000 0.007381 0.002976 0.000000 0.006873 0.002997 0.000000 0.006368 0.002933 0.000000 0.005881 0.002784 0.000000 0.005427 0.002555 0.000000 0.005018 0.002252 0.000000 0.004666 0.001885 0.000000 0.004381 0.001463 0.000000 0.004171 0.000999 0.000000 0.004043 0.000507 0.000000 0.004000 0.000000 0.000500 0.004043 0.000507 0.000500 0.004171 0.000999 0.000500 0.004381 0.001463 0.000500 0.004666 0.001885 0.000500 0.005018 0.002252 0.000500 0.005427 0.002555 0.000500 0.005881 0.002784 0.000500 0.006368 0.002933 0.000500 0.006873 0.002997 0.000500 0.007381 0.002976 0.000500 0.007878 0.002868 0.000500 0.008351 0.002679 0.000500 0.008784 0.002412 0.000500 0.009166 0.002076 0.000500 0.009486 0.001680 0.000500 0.009734 0.001236 0.000500 0.009903 0.000756 0.000500 0.009989 0.000254 0.000500 0.009989 -0.000254 0.000500 0.009903 -0.000756 0.000500 0.009734 -0.001236 0.000500 0.009486 -0.001680 0.000500 0.009166 -0.002076 0.000500 0.008784 -0.002412 0.000500 0.008351 -0.002679 0.000500 0.007878 -0.002868 0.000500 0.007381 -0.002976 0.000500 0.006873 -0.002997 0.000500 0.006368 -0.002933 0.000500 0.005881 -0.002784 0.000500 0.005427 -0.002555 0.000500 0.005018 -0.002252 0.000500 0.004666 -0.001885 0.000500 0.004381 -0.001463 0.000500 0.004171 -0.000999 0.000500 0.004043 -0.000507 0.000500 -0.010000 -0.000000 0.000000 -0.009957 -0.000507 0.000000 -0.009829 -0.000999 0.000000 -0.009619 -0.001463 0.000000 -0.009334 -0.001885 0.000000 -0.008982 -0.002252 0.000000 -0.008573 -0.002555 0.000000 -0.008119 -0.002784 0.000000 -0.007632 -0.002933 0.000000 -0.007127 -0.002997 0.000000 -0.006619 -0.002976 0.000000 -0.006122 -0.002868 0.000000 -0.005649 -0.002679 0.000000 -0.005216 -0.002412 0.000000 -0.004834 -0.002076 0.000000 -0.004514 -0.001680 0.000000 -0.004266 -0.001236 0.000000 -0.004097 -0.000756 0.000000 -0.004011 -0.000254 0.000000 -0.004011 0.000254 0.000000 -0.004097 0.000756 0.000000 -0.004266 0.001236 0.000000 -0.004514 0.001680 0.000000 -0.004834 0.002076 0.000000 -0.005216 0.002412 0.000000 -0.005649 0.002679 0.000000 -0.006122 0.002868 0.000000 -0.006619 0.002976 0.000000 -0.007127 0.002997 0.000000 -0.007632 0.002933 0.000000 -0.008119 0.002784 0.000000 -0.008573 0.002555 0.000000 -0.008982 0.002252 0.000000 -0.009334 0.001885 0.000000 -0.009619 0.001463 0.000000 -0.009829 0.000999 0.000000 -0.009957 0.000507 0.000000 -0.010000 -0.000000 0.000500 -0.009957 0.000507 0.000500 -0.009829 0.000999 0.000500 -0.009619 0.001463 0.000500 -0.009334 0.001885 0.000500 -0.008982 0.002252 0.000500 -0.008573 0.002555 0.000500 -0.008119 0.002784 0.000500 -0.007632 0.002933 0.000500 -0.007127 0.002997 0.000500 -0.006619 0.002976 0.000500 -0.006122 0.002868 0.000500 -0.005649 0.002679 0.000500 -0.005216 0.002412 0.000500 -0.004834 0.002076 0.000500 -0.004514 0.001680 0.000500 -0.004266 0.001236 0.000500 -0.004097 0.000756 0.000500 -0.004011 0.000254 0.000500 -0.004011 -0.000254 0.000500 -0.004097 -0.000756 0.000500 -0.004266 -0.001236 0.000500 -0.004514 -0.001680 0.000500 -0.004834 -0.002076 0.000500 -0.005216 -0.002412 0.000500 -0.005649 -0.002679 0.000500 -0.006122 -0.002868 0.000500 -0.006619 -0.002976 0.000500 -0.007127 -0.002997 0.000500 -0.007632 -0.002933 0.000500 -0.008119 -0.002784 0.000500 -0.008573 -0.002555 0.000500 -0.008982 -0.002252 0.000500 -0.009334 -0.001885 0.000500 -0.009619 -0.001463 0.000500 -0.009829 -0.000999 0.000500 -0.009957 -0.000507 0.000500 -0.003000 -0.007000 0.000000 -0.002957 -0.007507 0.000000 -0.002829 -0.007999 0.000000 -0.002619 -0.008463 0.000000 -0.002334 -0.008885 0.000000 -0.001982 -0.009252 0.000000 -0.001573 -0.009555 0.000000 -0.001119 -0.009784 0.000000 -0.000632 -0.009933 0.000000 -0.000127 -0.009997 0.000000 0.000381 -0.009976 0.000000 0.000878 -0.009869 0.000000 0.001351 -0.009679 0.000000 0.001784 -0.009412 0.000000 0.002166 -0.009076 0.000000 0.002486 -0.008680 0.000000 0.002734 -0.008236 0.000000 0.002903 -0.007756 0.000000 0.002989 -0.007254 0.000000 0.002989 -0.006746 0.000000 0.002903 -0.006244 0.000000 0.002734 -0.005764 0.000000 0.002486 -0.005320 0.000000 0.002166 -0.004924 0.000000 0.001784 -0.004588 0.000000 0.001351 -0.004321 0.000000 0.000878 -0.004132 0.000000 0.000381 -0.004024 0.000000 -0.000127 -0.004003 0.000000 -0.000632 -0.004067 0.000000 -0.001119 -0.004216 0.000000 -0.001573 -0.004445 0.000000 -0.001982 -0.004748 0.000000 -0.002334 -0.005115 0.000000 -0.002619 -0.005537 0.000000 -0.002829 -0.006001 0.000000 -0.002957 -0.006493 0.000000 -0.003000 -0.007000 0.000500 -0.002957 -0.006493 0.000500 -0.002829 -0.006001 0.000500 -0.002619 -0.005537 0.000500 -0.002334 -0.005115 0.000500 -0.001982 -0.004748 0.000500 -0.001573 -0.004445 0.000500 -0.001119 -0.004216 0.000500 -0.000632 -0.004067 0.000500 -0.000127 -0.004003 0.000500 0.000381 -0.004024 0.000500 0.000878 -0.004132 0.000500 0.001351 -0.004321 0.000500 0.001784 -0.004588 0.000500 0.002166 -0.004924 0.000500 0.002486 -0.005320 0.000500 0.002734 -0.005764 0.000500 0.002903 -0.006244 0.000500 0.002989 -0.006746 0.000500 0.002989 -0.007254 0.000500 0.002903 -0.007756 0.000500 0.002734 -0.008236 0.000500 0.002486 -0.008680 0.000500 0.002166 -0.009076 0.000500 0.001784 -0.009412 0.000500 0.001351 -0.009679 0.000500 0.000878 -0.009869 0.000500 0.000381 -0.009976 0.000500 -0.000127 -0.009997 0.000500 -0.000632 -0.009933 0.000500 -0.001119 -0.009784 0.000500 -0.001573 -0.009555 0.000500 -0.001982 -0.009252 0.000500 -0.002334 -0.008885 0.000500 -0.002619 -0.008463 0.000500 -0.002829 -0.007999 0.000500 -0.002957 -0.007507 0.000500 -0.003150 0.007000 0.000500 -0.003107 0.006482 0.000500 -0.002979 0.005977 0.000500 -0.002770 0.005501 0.000500 -0.002486 0.005065 0.000500 -0.002133 0.004682 0.000500 -0.001723 0.004363 0.000500 -0.001265 0.004115 0.000500 -0.000773 0.003946 0.000500 -0.000260 0.003861 0.000500 0.000260 0.003861 0.000500 0.000773 0.003946 0.000500 0.001265 0.004115 0.000500 0.001723 0.004363 0.000500 0.002133 0.004682 0.000500 0.002486 0.005065 0.000500 0.002770 0.005501 0.000500 0.002979 0.005977 0.000500 0.003107 0.006482 0.000500 0.003150 0.007000 0.000500 0.003107 0.007518 0.000500 0.002979 0.008023 0.000500 0.002770 0.008499 0.000500 0.002486 0.008935 0.000500 0.002133 0.009318 0.000500 0.001723 0.009637 0.000500 0.001265 0.009885 0.000500 0.000773 0.010054 0.000500 0.000260 0.010139 0.000500 -0.000260 0.010139 0.000500 -0.000773 0.010054 0.000500 -0.001265 0.009885 0.000500 -0.001723 0.009637 0.000500 -0.002133 0.009318 0.000500 -0.002486 0.008935 0.000500 -0.002770 0.008499 0.000500 -0.002979 0.008023 0.000500 -0.003107 0.007518 0.000500 -0.003150 0.007000 0.000000 -0.003107 0.007518 0.000000 -0.002979 0.008023 0.000000 -0.002770 0.008499 0.000000 -0.002486 0.008935 0.000000 -0.002133 0.009318 0.000000 -0.001723 0.009637 0.000000 -0.001265 0.009885 0.000000 -0.000773 0.010054 0.000000 -0.000260 0.010139 0.000000 0.000260 0.010139 0.000000 0.000773 0.010054 0.000000 0.001265 0.009885 0.000000 0.001723 0.009637 0.000000 0.002133 0.009318 0.000000 0.002486 0.008935 0.000000 0.002770 0.008499 0.000000 0.002979 0.008023 0.000000 0.003107 0.007518 0.000000 0.003150 0.007000 0.000000 0.003107 0.006482 0.000000 0.002979 0.005977 0.000000 0.002770 0.005501 0.000000 0.002486 0.005065 0.000000 0.002133 0.004682 0.000000 0.001723 0.004363 0.000000 0.001265 0.004115 0.000000 0.000773 0.003946 0.000000 0.000260 0.003861 0.000000 -0.000260 0.003861 0.000000 -0.000773 0.003946 0.000000 -0.001265 0.004115 0.000000 -0.001723 0.004363 0.000000 -0.002133 0.004682 0.000000 -0.002486 0.005065 0.000000 -0.002770 0.005501 0.000000 -0.002979 0.005977 0.000000 -0.003107 0.006482 0.000000 0.003850 0.000000 0.000500 0.003893 -0.000518 0.000500 0.004021 -0.001023 0.000500 0.004230 -0.001499 0.000500 0.004514 -0.001935 0.000500 0.004867 -0.002318 0.000500 0.005277 -0.002637 0.000500 0.005735 -0.002885 0.000500 0.006227 -0.003054 0.000500 0.006740 -0.003139 0.000500 0.007260 -0.003139 0.000500 0.007773 -0.003054 0.000500 0.008265 -0.002885 0.000500 0.008723 -0.002637 0.000500 0.009133 -0.002318 0.000500 0.009486 -0.001935 0.000500 0.009770 -0.001499 0.000500 0.009979 -0.001023 0.000500 0.010107 -0.000518 0.000500 0.010150 0.000000 0.000500 0.010107 0.000518 0.000500 0.009979 0.001023 0.000500 0.009770 0.001499 0.000500 0.009486 0.001935 0.000500 0.009133 0.002318 0.000500 0.008723 0.002637 0.000500 0.008265 0.002885 0.000500 0.007773 0.003054 0.000500 0.007260 0.003139 0.000500 0.006740 0.003139 0.000500 0.006227 0.003054 0.000500 0.005735 0.002885 0.000500 0.005277 0.002637 0.000500 0.004867 0.002318 0.000500 0.004514 0.001935 0.000500 0.004230 0.001499 0.000500 0.004021 0.001023 0.000500 0.003893 0.000518 0.000500 0.003850 0.000000 0.000000 0.003893 0.000518 0.000000 0.004021 0.001023 0.000000 0.004230 0.001499 0.000000 0.004514 0.001935 0.000000 0.004867 0.002318 0.000000 0.005277 0.002637 0.000000 0.005735 0.002885 0.000000 0.006227 0.003054 0.000000 0.006740 0.003139 0.000000 0.007260 0.003139 0.000000 0.007773 0.003054 0.000000 0.008265 0.002885 0.000000 0.008723 0.002637 0.000000 0.009133 0.002318 0.000000 0.009486 0.001935 0.000000 0.009770 0.001499 0.000000 0.009979 0.001023 0.000000 0.010107 0.000518 0.000000 0.010150 0.000000 0.000000 0.010107 -0.000518 0.000000 0.009979 -0.001023 0.000000 0.009770 -0.001499 0.000000 0.009486 -0.001935 0.000000 0.009133 -0.002318 0.000000 0.008723 -0.002637 0.000000 0.008265 -0.002885 0.000000 0.007773 -0.003054 0.000000 0.007260 -0.003139 0.000000 0.006740 -0.003139 0.000000 0.006227 -0.003054 0.000000 0.005735 -0.002885 0.000000 0.005277 -0.002637 0.000000 0.004867 -0.002318 0.000000 0.004514 -0.001935 0.000000 0.004230 -0.001499 0.000000 0.004021 -0.001023 0.000000 0.003893 -0.000518 0.000000 -0.010150 0.000000 0.000500 -0.010107 -0.000518 0.000500 -0.009979 -0.001023 0.000500 -0.009770 -0.001499 0.000500 -0.009486 -0.001935 0.000500 -0.009133 -0.002318 0.000500 -0.008723 -0.002637 0.000500 -0.008265 -0.002885 0.000500 -0.007773 -0.003054 0.000500 -0.007260 -0.003139 0.000500 -0.006740 -0.003139 0.000500 -0.006227 -0.003054 0.000500 -0.005735 -0.002885 0.000500 -0.005277 -0.002637 0.000500 -0.004867 -0.002318 0.000500 -0.004514 -0.001935 0.000500 -0.004230 -0.001499 0.000500 -0.004021 -0.001023 0.000500 -0.003893 -0.000518 0.000500 -0.003850 0.000000 0.000500 -0.003893 0.000518 0.000500 -0.004021 0.001023 0.000500 -0.004230 0.001499 0.000500 -0.004514 0.001935 0.000500 -0.004867 0.002318 0.000500 -0.005277 0.002637 0.000500 -0.005735 0.002885 0.000500 -0.006227 0.003054 0.000500 -0.006740 0.003139 0.000500 -0.007260 0.003139 0.000500 -0.007773 0.003054 0.000500 -0.008265 0.002885 0.000500 -0.008723 0.002637 0.000500 -0.009133 0.002318 0.000500 -0.009486 0.001935 0.000500 -0.009770 0.001499 0.000500 -0.009979 0.001023 0.000500 -0.010107 0.000518 0.000500 -0.010150 0.000000 0.000000 -0.010107 0.000518 0.000000 -0.009979 0.001023 0.000000 -0.009770 0.001499 0.000000 -0.009486 0.001935 0.000000 -0.009133 0.002318 0.000000 -0.008723 0.002637 0.000000 -0.008265 0.002885 0.000000 -0.007773 0.003054 0.000000 -0.007260 0.003139 0.000000 -0.006740 0.003139 0.000000 -0.006227 0.003054 0.000000 -0.005735 0.002885 0.000000 -0.005277 0.002637 0.000000 -0.004867 0.002318 0.000000 -0.004514 0.001935 0.000000 -0.004230 0.001499 0.000000 -0.004021 0.001023 0.000000 -0.003893 0.000518 0.000000 -0.003850 0.000000 0.000000 -0.003893 -0.000518 0.000000 -0.004021 -0.001023 0.000000 -0.004230 -0.001499 0.000000 -0.004514 -0.001935 0.000000 -0.004867 -0.002318 0.000000 -0.005277 -0.002637 0.000000 -0.005735 -0.002885 0.000000 -0.006227 -0.003054 0.000000 -0.006740 -0.003139 0.000000 -0.007260 -0.003139 0.000000 -0.007773 -0.003054 0.000000 -0.008265 -0.002885 0.000000 -0.008723 -0.002637 0.000000 -0.009133 -0.002318 0.000000 -0.009486 -0.001935 0.000000 -0.009770 -0.001499 0.000000 -0.009979 -0.001023 0.000000 -0.010107 -0.000518 0.000000 -0.003150 -0.007000 0.000500 -0.003107 -0.007518 0.000500 -0.002979 -0.008023 0.000500 -0.002770 -0.008499 0.000500 -0.002486 -0.008935 0.000500 -0.002133 -0.009318 0.000500 -0.001723 -0.009637 0.000500 -0.001265 -0.009885 0.000500 -0.000773 -0.010054 0.000500 -0.000260 -0.010139 0.000500 0.000260 -0.010139 0.000500 0.000773 -0.010054 0.000500 0.001265 -0.009885 0.000500 0.001723 -0.009637 0.000500 0.002133 -0.009318 0.000500 0.002486 -0.008935 0.000500 0.002770 -0.008499 0.000500 0.002979 -0.008023 0.000500 0.003107 -0.007518 0.000500 0.003150 -0.007000 0.000500 0.003107 -0.006482 0.000500 0.002979 -0.005977 0.000500 0.002770 -0.005501 0.000500 0.002486 -0.005065 0.000500 0.002133 -0.004682 0.000500 0.001723 -0.004363 0.000500 0.001265 -0.004115 0.000500 0.000773 -0.003946 0.000500 0.000260 -0.003861 0.000500 -0.000260 -0.003861 0.000500 -0.000773 -0.003946 0.000500 -0.001265 -0.004115 0.000500 -0.001723 -0.004363 0.000500 -0.002133 -0.004682 0.000500 -0.002486 -0.005065 0.000500 -0.002770 -0.005501 0.000500 -0.002979 -0.005977 0.000500 -0.003107 -0.006482 0.000500 -0.003150 -0.007000 0.000000 -0.003107 -0.006482 0.000000 -0.002979 -0.005977 0.000000 -0.002770 -0.005501 0.000000 -0.002486 -0.005065 0.000000 -0.002133 -0.004682 0.000000 -0.001723 -0.004363 0.000000 -0.001265 -0.004115 0.000000 -0.000773 -0.003946 0.000000 -0.000260 -0.003861 0.000000 0.000260 -0.003861 0.000000 0.000773 -0.003946 0.000000 0.001265 -0.004115 0.000000 0.001723 -0.004363 0.000000 0.002133 -0.004682 0.000000 0.002486 -0.005065 0.000000 0.002770 -0.005501 0.000000 0.002979 -0.005977 0.000000 0.003107 -0.006482 0.000000 0.003150 -0.007000 0.000000 0.003107 -0.007518 0.000000 0.002979 -0.008023 0.000000 0.002770 -0.008499 0.000000 0.002486 -0.008935 0.000000 0.002133 -0.009318 0.000000 0.001723 -0.009637 0.000000 0.001265 -0.009885 0.000000 0.000773 -0.010054 0.000000 0.000260 -0.010139 0.000000 -0.000260 -0.010139 0.000000 -0.000773 -0.010054 0.000000 -0.001265 -0.009885 0.000000 -0.001723 -0.009637 0.000000 -0.002133 -0.009318 0.000000 -0.002486 -0.008935 0.000000 -0.002770 -0.008499 0.000000 -0.002979 -0.008023 0.000000 -0.003107 -0.007518 0.000000 -0.002454 0.000008 0.003000 -0.002412 0.000468 0.003000 -0.002285 0.000911 0.003000 -0.002080 0.001324 0.003000 -0.001802 0.001693 0.003000 -0.001461 0.002003 0.003000 -0.001068 0.002246 0.003000 -0.000638 0.002413 0.003000 -0.000185 0.002498 0.003000 0.000277 0.002498 0.003000 0.000730 0.002413 0.003000 0.001160 0.002246 0.003000 0.001552 0.002003 0.003000 0.001893 0.001693 0.003000 0.002171 0.001324 0.003000 0.002377 0.000911 0.003000 0.002503 0.000468 0.003000 0.002546 0.000008 0.003000 0.002503 -0.000451 0.003000 0.002377 -0.000895 0.003000 0.002171 -0.001308 0.003000 0.001893 -0.001676 0.003000 0.001552 -0.001987 0.003000 0.001160 -0.002230 0.003000 0.000730 -0.002396 0.003000 0.000277 -0.002481 0.003000 -0.000185 -0.002481 0.003000 -0.000638 -0.002396 0.003000 -0.001068 -0.002230 0.003000 -0.001461 -0.001987 0.003000 -0.001802 -0.001676 0.003000 -0.002080 -0.001308 0.003000 -0.002285 -0.000895 0.003000 -0.002412 -0.000451 0.003000 -0.002454 0.000008 0.006500 -0.002412 -0.000451 0.006500 -0.002285 -0.000895 0.006500 -0.002080 -0.001308 0.006500 -0.001802 -0.001676 0.006500 -0.001461 -0.001987 0.006500 -0.001068 -0.002230 0.006500 -0.000638 -0.002396 0.006500 -0.000185 -0.002481 0.006500 0.000277 -0.002481 0.006500 0.000730 -0.002396 0.006500 0.001160 -0.002230 0.006500 0.001552 -0.001987 0.006500 0.001893 -0.001676 0.006500 0.002171 -0.001308 0.006500 0.002377 -0.000895 0.006500 0.002503 -0.000451 0.006500 0.002546 0.000008 0.006500 0.002503 0.000468 0.006500 0.002377 0.000911 0.006500 0.002171 0.001324 0.006500 0.001893 0.001693 0.006500 0.001552 0.002003 0.006500 0.001160 0.002246 0.006500 0.000730 0.002413 0.006500 0.000277 0.002498 0.006500 -0.000185 0.002498 0.006500 -0.000638 0.002413 0.006500 -0.001068 0.002246 0.006500 -0.001461 0.002003 0.006500 -0.001802 0.001693 0.006500 -0.002080 0.001324 0.006500 -0.002285 0.000911 0.006500 -0.002412 0.000468 0.006500 -0.003000 0.000000 0.000000 -0.002957 0.000507 0.000000 -0.002829 0.000999 0.000000 -0.002619 0.001463 0.000000 -0.002334 0.001885 0.000000 -0.001982 0.002252 0.000000 -0.001573 0.002555 0.000000 -0.001119 0.002784 0.000000 -0.000632 0.002933 0.000000 -0.000127 0.002997 0.000000 0.000381 0.002976 0.000000 0.000878 0.002868 0.000000 0.001351 0.002679 0.000000 0.001784 0.002412 0.000000 0.002166 0.002076 0.000000 0.002486 0.001680 0.000000 0.002734 0.001236 0.000000 0.002903 0.000756 0.000000 0.002989 0.000254 0.000000 0.002989 -0.000254 0.000000 0.002903 -0.000756 0.000000 0.002734 -0.001236 0.000000 0.002486 -0.001680 0.000000 0.002166 -0.002076 0.000000 0.001784 -0.002412 0.000000 0.001351 -0.002679 0.000000 0.000878 -0.002868 0.000000 0.000381 -0.002976 0.000000 -0.000127 -0.002997 0.000000 -0.000632 -0.002933 0.000000 -0.001119 -0.002784 0.000000 -0.001573 -0.002555 0.000000 -0.001982 -0.002252 0.000000 -0.002334 -0.001885 0.000000 -0.002619 -0.001463 0.000000 -0.002829 -0.000999 0.000000 -0.002957 -0.000507 0.000000 -0.003000 0.000000 0.003000 -0.002957 -0.000507 0.003000 -0.002829 -0.000999 0.003000 -0.002619 -0.001463 0.003000 -0.002334 -0.001885 0.003000 -0.001982 -0.002252 0.003000 -0.001573 -0.002555 0.003000 -0.001119 -0.002784 0.003000 -0.000632 -0.002933 0.003000 -0.000127 -0.002997 0.003000 0.000381 -0.002976 0.003000 0.000878 -0.002868 0.003000 0.001351 -0.002679 0.003000 0.001784 -0.002412 0.003000 0.002166 -0.002076 0.003000 0.002486 -0.001680 0.003000 0.002734 -0.001236 0.003000 0.002903 -0.000756 0.003000 0.002989 -0.000254 0.003000 0.002989 0.000254 0.003000 0.002903 0.000756 0.003000 0.002734 0.001236 0.003000 0.002486 0.001680 0.003000 0.002166 0.002076 0.003000 0.001784 0.002412 0.003000 0.001351 0.002679 0.003000 0.000878 0.002868 0.003000 0.000381 0.002976 0.003000 -0.000127 0.002997 0.003000 -0.000632 0.002933 0.003000 -0.001119 0.002784 0.003000 -0.001573 0.002555 0.003000 -0.001982 0.002252 0.003000 -0.002334 0.001885 0.003000 -0.002619 0.001463 0.003000 -0.002829 0.000999 0.003000 -0.002957 0.000507 0.003000 0.024750 0.000000 0.007000 0.024706 0.001480 0.007000 0.024573 0.002955 0.007000 0.024352 0.004419 0.007000 0.024044 0.005868 0.007000 0.023650 0.007295 0.007000 0.023172 0.008697 0.007000 0.022610 0.010067 0.007000 0.021968 0.011401 0.007000 0.021247 0.012694 0.007000 0.020449 0.013942 0.007000 0.019579 0.015140 0.007000 0.018639 0.016284 0.007000 0.017631 0.017369 0.007000 0.016561 0.018393 0.007000 0.015431 0.019350 0.007000 0.014247 0.020239 0.007000 0.013011 0.021054 0.007000 0.011728 0.021795 0.007000 0.010404 0.022457 0.007000 0.009042 0.023039 0.007000 0.007648 0.023539 0.007000 0.006227 0.023954 0.007000 0.004783 0.024283 0.007000 0.003322 0.024526 0.007000 0.001850 0.024681 0.007000 0.000370 0.024747 0.007000 -0.001110 0.024725 0.007000 -0.002587 0.024614 0.007000 -0.004054 0.024416 0.007000 -0.005507 0.024129 0.007000 -0.006941 0.023757 0.007000 -0.008349 0.023299 0.007000 -0.009727 0.022758 0.007000 -0.011071 0.022136 0.007000 -0.012375 0.021434 0.007000 -0.013635 0.020656 0.007000 -0.014846 0.019803 0.007000 -0.016003 0.018880 0.007000 -0.017104 0.017889 0.007000 -0.018143 0.016834 0.007000 -0.019117 0.015719 0.007000 -0.020023 0.014548 0.007000 -0.020857 0.013324 0.007000 -0.021617 0.012053 0.007000 -0.022299 0.010739 0.007000 -0.022901 0.009386 0.007000 -0.023422 0.007999 0.007000 -0.023858 0.006584 0.007000 -0.024209 0.005146 0.007000 -0.024474 0.003689 0.007000 -0.024650 0.002219 0.007000 -0.024739 0.000740 0.007000 -0.024739 -0.000740 0.007000 -0.024650 -0.002219 0.007000 -0.024474 -0.003689 0.007000 -0.024209 -0.005146 0.007000 -0.023858 -0.006584 0.007000 -0.023422 -0.007999 0.007000 -0.022901 -0.009386 0.007000 -0.022299 -0.010739 0.007000 -0.021617 -0.012053 0.007000 -0.020857 -0.013324 0.007000 -0.020023 -0.014548 0.007000 -0.019117 -0.015719 0.007000 -0.018143 -0.016834 0.007000 -0.017104 -0.017889 0.007000 -0.016003 -0.018880 0.007000 -0.014846 -0.019803 0.007000 -0.013635 -0.020656 0.007000 -0.012375 -0.021434 0.007000 -0.011071 -0.022136 0.007000 -0.009727 -0.022758 0.007000 -0.008349 -0.023299 0.007000 -0.006941 -0.023757 0.007000 -0.005507 -0.024129 0.007000 -0.004054 -0.024416 0.007000 -0.002587 -0.024614 0.007000 -0.001110 -0.024725 0.007000 0.000370 -0.024747 0.007000 0.001850 -0.024681 0.007000 0.003322 -0.024526 0.007000 0.004783 -0.024283 0.007000 0.006227 -0.023954 0.007000 0.007648 -0.023539 0.007000 0.009042 -0.023039 0.007000 0.010404 -0.022457 0.007000 0.011728 -0.021795 0.007000 0.013011 -0.021054 0.007000 0.014247 -0.020239 0.007000 0.015431 -0.019350 0.007000 0.016561 -0.018393 0.007000 0.017631 -0.017369 0.007000 0.018639 -0.016284 0.007000 0.019579 -0.015140 0.007000 0.020449 -0.013942 0.007000 0.021247 -0.012694 0.007000 0.021968 -0.011401 0.007000 0.022610 -0.010067 0.007000 0.023172 -0.008697 0.007000 0.023650 -0.007295 0.007000 0.024044 -0.005868 0.007000 0.024352 -0.004419 0.007000 0.024573 -0.002955 0.007000 0.024706 -0.001480 0.007000 0.021704 -0.001411 0.010000 0.021569 -0.002798 0.010000 0.021346 -0.004174 0.010000 0.021035 -0.005532 0.010000 0.020637 -0.006868 0.010000 0.020155 -0.008175 0.010000 0.019590 -0.009449 0.010000 0.018945 -0.010684 0.010000 0.018222 -0.011875 0.010000 0.017424 -0.013018 0.010000 0.016555 -0.014107 0.010000 0.015618 -0.015138 0.010000 0.014616 -0.016107 0.010000 0.013555 -0.017010 0.010000 0.012438 -0.017843 0.010000 0.011270 -0.018603 0.010000 0.010055 -0.019286 0.010000 0.008800 -0.019890 0.010000 0.007508 -0.020413 0.010000 0.006185 -0.020852 0.010000 0.004837 -0.021205 0.010000 0.003469 -0.021472 0.010000 0.002087 -0.021650 0.010000 0.000697 -0.021739 0.010000 -0.000697 -0.021739 0.010000 -0.002087 -0.021650 0.010000 -0.003469 -0.021472 0.010000 -0.004837 -0.021205 0.010000 -0.006185 -0.020852 0.010000 -0.007508 -0.020413 0.010000 -0.008800 -0.019890 0.010000 -0.010055 -0.019286 0.010000 -0.011270 -0.018603 0.010000 -0.012438 -0.017843 0.010000 -0.013555 -0.017010 0.010000 -0.014616 -0.016107 0.010000 -0.015618 -0.015138 0.010000 -0.016555 -0.014107 0.010000 -0.017424 -0.013018 0.010000 -0.018222 -0.011875 0.010000 -0.018945 -0.010684 0.010000 -0.019590 -0.009449 0.010000 -0.020155 -0.008175 0.010000 -0.020637 -0.006868 0.010000 -0.021035 -0.005532 0.010000 -0.021346 -0.004174 0.010000 -0.021569 -0.002798 0.010000 -0.021704 -0.001411 0.010000 0.024750 0.000000 0.000000 0.024706 0.001480 0.000000 0.024573 0.002955 0.000000 0.024352 0.004419 0.000000 0.024044 0.005868 0.000000 0.023650 0.007295 0.000000 0.023172 0.008697 0.000000 0.022610 0.010067 0.000000 0.021968 0.011401 0.000000 0.021247 0.012694 0.000000 0.020449 0.013942 0.000000 0.019579 0.015140 0.000000 0.018639 0.016284 0.000000 0.017631 0.017369 0.000000 0.016561 0.018393 0.000000 0.015431 0.019350 0.000000 0.014247 0.020239 0.000000 0.013011 0.021054 0.000000 0.011728 0.021795 0.000000 0.010404 0.022457 0.000000 0.009042 0.023039 0.000000 0.007648 0.023539 0.000000 0.006227 0.023954 0.000000 0.004783 0.024283 0.000000 0.003322 0.024526 0.000000 0.001850 0.024681 0.000000 0.000370 0.024747 0.000000 -0.001110 0.024725 0.000000 -0.002587 0.024614 0.000000 -0.004054 0.024416 0.000000 -0.005507 0.024129 0.000000 -0.006941 0.023757 0.000000 -0.008349 0.023299 0.000000 -0.009727 0.022758 0.000000 -0.011071 0.022136 0.000000 -0.012375 0.021434 0.000000 -0.013635 0.020656 0.000000 -0.014846 0.019803 0.000000 -0.016003 0.018880 0.000000 -0.017104 0.017889 0.000000 -0.018143 0.016834 0.000000 -0.019117 0.015719 0.000000 -0.020023 0.014548 0.000000 -0.020857 0.013324 0.000000 -0.021617 0.012053 0.000000 -0.022299 0.010739 0.000000 -0.022901 0.009386 0.000000 -0.023422 0.007999 0.000000 -0.023858 0.006584 0.000000 -0.024209 0.005146 0.000000 -0.024474 0.003689 0.000000 -0.024650 0.002219 0.000000 -0.024739 0.000740 0.000000 -0.024739 -0.000740 0.000000 -0.024650 -0.002219 0.000000 -0.024474 -0.003689 0.000000 -0.024209 -0.005146 0.000000 -0.023858 -0.006584 0.000000 -0.023422 -0.007999 0.000000 -0.022901 -0.009386 0.000000 -0.022299 -0.010739 0.000000 -0.021617 -0.012053 0.000000 -0.020857 -0.013324 0.000000 -0.020023 -0.014548 0.000000 -0.019117 -0.015719 0.000000 -0.018143 -0.016834 0.000000 -0.017104 -0.017889 0.000000 -0.016003 -0.018880 0.000000 -0.014846 -0.019803 0.000000 -0.013635 -0.020656 0.000000 -0.012375 -0.021434 0.000000 -0.011071 -0.022136 0.000000 -0.009727 -0.022758 0.000000 -0.008349 -0.023299 0.000000 -0.006941 -0.023757 0.000000 -0.005507 -0.024129 0.000000 -0.004054 -0.024416 0.000000 -0.002587 -0.024614 0.000000 -0.001110 -0.024725 0.000000 0.000370 -0.024747 0.000000 0.001850 -0.024681 0.000000 0.003322 -0.024526 0.000000 0.004783 -0.024283 0.000000 0.006227 -0.023954 0.000000 0.007648 -0.023539 0.000000 0.009042 -0.023039 0.000000 0.010404 -0.022457 0.000000 0.011728 -0.021795 0.000000 0.013011 -0.021054 0.000000 0.014247 -0.020239 0.000000 0.015431 -0.019350 0.000000 0.016561 -0.018393 0.000000 0.017631 -0.017369 0.000000 0.018639 -0.016284 0.000000 0.019579 -0.015140 0.000000 0.020449 -0.013942 0.000000 0.021247 -0.012694 0.000000 0.021968 -0.011401 0.000000 0.022610 -0.010067 0.000000 0.023172 -0.008697 0.000000 0.023650 -0.007295 0.000000 0.024044 -0.005868 0.000000 0.024352 -0.004419 0.000000 0.024573 -0.002955 0.000000 0.024706 -0.001480 0.000000</float_array>
          <technique_common>
            <accessor source="#disk_link-mesh-positions-array" count="1063" stride="3">
              <param name="X" type="float"/>
              <param name="Y" type="float"/>
              <param name="Z" type="float"/>
            </accessor>
          </technique_common>
        </source>
        <source id="disk_link-mesh-normals">
          <float_array id="disk_link-mesh-normals-array" count="6372">0.000000 0.000000 1.000000 0.000000 0.000000 1.000000 0.000000 0.000000 1.000000 0.000000 0.000000 1.000000 0.000000 0.000000 1.000000 0.000000 0.000000 1.000000 0.000000 0.000000 1.000000 0.000000 0.000000 1.000000 0.000000 0.000000 1.000000 0.000000 0.000000 1.000000 0.000000 0.000000 1.000000 0.000000 0.000000 1.000000 0.000000 0.000000 1.000000 0.000000 0.000000 1.000000 0.000000 0.000000 1.000000 0.000000 0.000000 1.000000 0.000000 0.000000 1.000000 0.000000 0.000000 1.000000 0.000000 0.000000 1.000000 0.000000 0.000000 1.000000 0.000000 0.000000 1.000000 0.000000 0.000000 1.000000 0.000000 0.000000 1.000000 0.000000 0.000000 1.000000 0.000000 0.000000 1.000000 0.000000 0.000000 1.000000 0.000000 0.000000 1.000000 0.000000 0.000000 1.000000 0.000000 0.000000 1.000000 0.000000 0.000000 1.000000 0.000000 0.000000 1.000000 0.000000 0.000000 1.000000 0.000000 0.000000 1.000000 0.000000 0.000000 1.000000 0.000000 0.000000 1.000000 0.000000 0.000000 1.000000 0.000000 0.000000 1.000000 0.000000 0.000000 1.000000 0.000000 0.000000 1.000000 0.000000 0.000000 1.000000 0.000000 0.000000 1.000000 0.000000 0.000000 1.000000 0.000000 0.000000 1.000000 0.000000 0.000000 1.000000 0.000000 0.000000 1.000000 0.000000 0.000000 1.000000 0.000000 0.000000 1.000000 0.000000 0.000000 1.000000 0.000000 0.000000 1.000000 0.000000 0.000000 1.000000 0.000000 0.000000 1.000000 0.000000 0.000000 1.000000 0.000000 0.000000 1.000000 0.000000 0.000000 1.000000 0.000000 0.000000 1.000000 0.000000 0.000000 1.000000 0.000000 0.000000 1.000000 0.000000 0.000000 1.000000 0.000000 0.000000 1.000000 0.000000 0.000000 1.000000 0.000000 0.000000 1.000000 0.000000 0.000000 1.000000 0.000000 0.000000 1.000000 -0.985616 -0.169001 -0.000000 -0.985616 -0.169001 -0.000000 -1.000000 -0.000000 -0.000000 -1.000000 -0.000000 -0.000000 -0.985616 0.169001 -0.000000 -0.985616 0.169001 -0.000000 -0.942877 0.333140 -0.000000 -0.942877 0.333140 -0.000000 -0.873014 0.487695 -0.000000 -0.873014 0.487695 -0.000000 -0.778036 0.628220 -0.000000 -0.778036 0.628220 -0.000000 -0.660675 0.750672 -0.000000 -0.660675 0.750672 -0.000000 -0.524307 0.851529 -0.000000 -0.524307 0.851529 -0.000000 -0.372856 0.927889 -0.000000 -0.372856 0.927889 -0.000000 -0.210679 0.977555 -0.000000 -0.210679 0.977555 -0.000000 -0.042441 0.999099 -0.000000 -0.042441 0.999099 -0.000000 0.127018 0.991900 0.000000 0.127018 0.991900 0.000000 0.292823 0.956167 0.000000 0.292823 0.956167 0.000000 0.450204 0.892926 0.000000 0.450204 0.892926 0.000000 0.594633 0.803997 0.000000 0.594633 0.803997 0.000000 0.721956 0.691939 0.000000 0.721956 0.691939 0.000000 0.828510 0.559975 0.000000 0.828510 0.559975 0.000000 0.911228 0.411901 0.000000 0.911228 0.411901 0.000000 0.967733 0.251978 0.000000 0.967733 0.251978 0.000000 0.996397 0.084806 0.000000 0.996397 0.084806 0.000000 0.996397 -0.084806 -0.000000 0.996397 -0.084806 -0.000000 0.967733 -0.251978 -0.000000 0.967733 -0.251978 -0.000000 0.911228 -0.411901 -0.000000 0.911228 -0.411901 -0.000000 0.828510 -0.559975 -0.000000 0.828510 -0.559975 -0.000000 0.721956 -0.691939 -0.000000 0.721956 -0.691939 -0.000000 0.594633 -0.803997 -0.000000 0.594633 -0.803997 -0.000000 0.450204 -0.892926 -0.000000 0.450204 -0.892926 -0.000000 0.292823 -0.956167 -0.000000 0.292823 -0.956167 -0.000000 0.127018 -0.991900 -0.000000 0.127018 -0.991900 -0.000000 -0.042441 -0.999099 -0.000000 -0.042441 -0.999099 -0.000000 -0.210679 -0.977555 -0.000000 -0.210679 -0.977555 -0.000000 -0.372856 -0.927889 -0.000000 -0.372856 -0.927889 -0.000000 -0.524307 -0.851529 -0.000000 -0.524307 -0.851529 -0.000000 -0.660675 -0.750672 -0.000000 -0.660675 -0.750672 -0.000000 -0.778036 -0.628220 -0.000000 -0.778036 -0.628220 -0.000000 -0.873014 -0.487695 -0.000000 -0.873014 -0.487695 -0.000000 -0.942877 -0.333140 -0.000000 -0.942877 -0.333140 -0.000000 0.000000 0.000000 -1.000000 0.000000 0.000000 -1.000000 0.000000 0.000000 -1.000000 0.000000 0.000000 -1.000000 0.000000 0.000000 -1.000000 0.000000 0.000000 -1.000000 0.000000 0.000000 -1.000000 0.000000 0.000000 -1.000000 0.000000 0.000000 -1.000000 0.000000 0.000000 -1.000000 0.000000 0.000000 -1.000000 0.000000 0.000000 -1.000000 0.000000 0.000000 -1.000000 0.000000 0.000000 -1.000000 0.000000 0.000000 -1.000000 0.000000 0.000000 -1.000000 0.000000 0.000000 -1.000000 0.000000 0.000000 -1.000000 0.000000 0.000000 -1.000000 0.000000 0.000000 -1.000000 0.000000 0.000000 -1.000000 0.000000 0.000000 -1.000000 0.000000 0.000000 -1.000000 0.000000 0.000000 -1.000000 0.000000 0.000000 -1.000000 0.000000 0.000000 -1.000000 0.000000 0.000000 -1.000000 0.000000 0.000000 -1.000000 0.000000 0.000000 -1.000000 0.000000 0.000000 -1.000000 0.000000 0.000000 -1.000000 0.000000 0.000000 -1.000000 0.000000 0.000000 -1.000000 0.000000 0.000000 -1.000000 0.000000 0.000000 -1.000000 0.000000 0.000000 -1.000000 0.000000 0.000000 -1.000000 -0.985616 -0.169001 -0.000000 -0.985616 -0.169001 -0.000000 -1.000000 -0.000000 -0.000000 -1.000000 -0.000000 -0.000000 -0.985616 0.169001 -0.000000 -0.985616 0.169001 -0.000000 -0.942877 0.333140 -0.000000 -0.942877 0.333140 -0.000000 -0.873014 0.487695 -0.000000 -0.873014 0.487695 -0.000000 -0.778036 0.628220 -0.000000 -0.778036 0.628220 -0.000000 -0.660675 0.750672 -0.000000 -0.660675 0.750672 -0.000000 -0.524307 0.851529 -0.000000 -0.524307 0.851529 -0.000000 -0.372856 0.927889 -0.000000 -0.372856 0.927889 -0.000000 -0.210679 0.977555 -0.000000 -0.210679 0.977555 -0.000000 -0.042441 0.999099 -0.000000 -0.042441 0.999099 -0.000000 0.127018 0.991900 0.000000 0.127018 0.991900 0.000000 0.292823 0.956167 0.000000 0.292823 0.956167 0.000000 0.450204 0.892926 0.000000 0.450204 0.892926 0.000000 0.594633 0.803997 0.000000 0.594633 0.803997 0.000000 0.721956 0.691939 0.000000 0.721956 0.691939 0.000000 0.828510 0.559975 0.000000 0.828510 0.559975 0.000000 0.911228 0.411901 0.000000 0.911228 0.411901 0.000000 0.967733 0.251978 0.000000 0.967733 0.251978 0.000000 0.996397 0.084806 0.000000 0.996397 0.084806 0.000000 0.996397 -0.084806 -0.000000 0.996397 -0.084806 -0.000000 0.967733 -0.251978 -0.000000 0.967733 -0.251978 -0.000000 0.911228 -0.411901 -0.000000 0.911228 -0.411901 -0.000000 0.828510 -0.559975 -0.000000 0.828510 -0.559975 -0.000000 0.721956 -0.691939 -0.000000 0.721956 -0.691939 -0.000000 0.594633 -0.803997 -0.000000 0.594633 -0.803997 -0.000000 0.450204 -0.892926 -0.000000 0.450204 -0.892926 -0.000000 0.292823 -0.956167 -0.000000 0.292823 -0.956167 -0.000000 0.127018 -0.991900 -0.000000 0.127018 -0.991900 -0.000000 -0.042441 -0.999099 -0.000000 -0.042441 -0.999099 -0.000000 -0.210679 -0.977555 -0.000000 -0.210679 -0.977555 -0.000000 -0.372856 -0.927889 -0.000000 -0.372856 -0.927889 -0.000000 -0.524307 -0.851529 -0.000000 -0.524307 -0.851529 -0.000000 -0.660675 -0.750672 -0.000000 -0.660675 -0.750672 -0.000000 -0.778036 -0.628220 -0.000000 -0.778036 -0.628220 -0.000000 -0.873014 -0.487695 -0.000000 -0.873014 -0.487695 -0.000000 -0.942877 -0.333140 -0.000000 -0.942877 -0.333140 -0.000000 0.000000 0.000000 -1.000000 0.000000 0.000000 -1.000000 0.000000 0.000000 -1.000000 0.000000 0.000000 -1.000000 0.000000 0.000000 -1.000000 0.000000 0.000000 -1.000000 0.000000 0.000000 -1.000000 0.000000 0.000000 -1.000000 0.000000 0.000000 -1.000000 0.000000 0.000000 -1.000000 0.000000 0.000000 -1.000000 0.000000 0.000000 -1.000000 0.000000 0.000000 -1.000000 0.000000 0.000000 -1.000000 0.000000 0.000000 -1.000000 0.000000 0.000000 -1.000000 0.000000 0.000000 -1.000000 0.000000 0.000000 -1.000000 0.000000 0.000000 -1.000000 0.000000 0.000000 -1.000000 0.000000 0.000000 -1.000000 0.000000 0.000000 -1.000000 0.000000 0.000000 -1.000000 0.000000 0.000000 -1.000000 0.000000 0.000000 -1.000000 0.000000 0.000000 -1.000000 0.000000 0.000000 -1.000000 0.000000 0.000000 -1.000000 0.000000 0.000000 -1.000000 0.000000 0.000000 -1.000000 0.000000 0.000000 -1.000000 0.000000 0.000000 -1.000000 0.000000 0.000000 -1.000000 0.000000 0.000000 -1.000000 0.000000 0.000000 -1.000000 0.000000 0.000000 -1.000000 0.000000 0.000000 -1.000000 -0.985616 -0.169001 -0.000000 -0.985616 -0.169001 -0.000000 -1.000000 -0.000000 -0.000000 -1.000000 -0.000000 -0.000000 -0.985616 0.169001 -0.000000 -0.985616 0.169001 -0.000000 -0.942877 0.333140 -0.000000 -0.942877 0.333140 -0.000000 -0.873014 0.487695 -0.000000 -0.873014 0.487695 -0.000000 -0.778036 0.628220 -0.000000 -0.778036 0.628220 -0.000000 -0.660675 0.750672 -0.000000 -0.660675 0.750672 -0.000000 -0.524307 0.851529 -0.000000 -0.524307 0.851529 -0.000000 -0.372856 0.927889 -0.000000 -0.372856 0.927889 -0.000000 -0.210679 0.977555 -0.000000 -0.210679 0.977555 -0.000000 -0.042441 0.999099 -0.000000 -0.042441 0.999099 -0.000000 0.127018 0.991900 0.000000 0.127018 0.991900 0.000000 0.292823 0.956167 0.000000 0.292823 0.956167 0.000000 0.450204 0.892926 0.000000 0.450204 0.892926 0.000000 0.594633 0.803997 0.000000 0.594633 0.803997 0.000000 0.721956 0.691939 0.000000 0.721956 0.691939 0.000000 0.828510 0.559975 0.000000 0.828510 0.559975 0.000000 0.911228 0.411901 0.000000 0.911228 0.411901 0.000000 0.967733 0.251978 0.000000 0.967733 0.251978 0.000000 0.996397 0.084806 0.000000 0.996397 0.084806 0.000000 0.996397 -0.084806 -0.000000 0.996397 -0.084806 -0.000000 0.967733 -0.251978 -0.000000 0.967733 -0.251978 -0.000000 0.911228 -0.411901 -0.000000 0.911228 -0.411901 -0.000000 0.828510 -0.559975 -0.000000 0.828510 -0.559975 -0.000000 0.721956 -0.691939 -0.000000 0.721956 -0.691939 -0.000000 0.594633 -0.803997 -0.000000 0.594633 -0.803997 -0.000000 0.450204 -0.892926 -0.000000 0.450204 -0.892926 -0.000000 0.292823 -0.956167 -0.000000 0.292823 -0.956167 -0.000000 0.127018 -0.991900 -0.000000 0.127018 -0.991900 -0.000000 -0.042441 -0.999099 -0.000000 -0.042441 -0.999099 -0.000000 -0.210679 -0.977555 -0.000000 -0.210679 -0.977555 -0.000000 -0.372856 -0.927889 -0.000000 -0.372856 -0.927889 -0.000000 -0.524307 -0.851529 -0.000000 -0.524307 -0.851529 -0.000000 -0.660675 -0.750672 -0.000000 -0.660675 -0.750672 -0.000000 -0.778036 -0.628220 -0.000000 -0.778036 -0.628220 -0.000000 -0.873014 -0.487695 -0.000000 -0.873014 -0.487695 -0.000000 -0.942877 -0.333140 -0.000000 -0.942877 -0.333140 -0.000000 0.000000 0.000000 -1.000000 0.000000 0.000000 -1.000000 0.000000 0.000000 -1.000000 0.000000 0.000000 -1.000000 0.000000 0.000000 -1.000000 0.000000 0.000000 -1.000000 0.000000 0.000000 -1.000000 0.000000 0.000000 -1.000000 0.000000 0.000000 -1.000000 0.000000 0.000000 -1.000000 0.000000 0.000000 -1.000000 0.000000 0.000000 -1.000000 0.000000 0.000000 -1.000000 0.000000 0.000000 -1.000000 0.000000 0.000000 -1.000000 0.000000 0.000000 -1.000000 0.000000 0.000000 -1.000000 0.000000 0.000000 -1.000000 0.000000 0.000000 -1.000000 0.000000 0.000000 -1.000000 0.000000 0.000000 -1.000000 0.000000 0.000000 -1.000000 0.000000 0.000000 -1.000000 0.000000 0.000000 -1.000000 0.000000 0.000000 -1.000000 0.000000 0.000000 -1.000000 0.000000 0.000000 -1.000000 0.000000 0.000000 -1.000000 0.000000 0.000000 -1.000000 0.000000 0.000000 -1.000000 0.000000 0.000000 -1.000000 0.000000 0.000000 -1.000000 0.000000 0.000000 -1.000000 0.000000 0.000000 -1.000000 0.000000 0.000000 -1.000000 0.000000 0.000000 -1.000000 0.000000 0.000000 -1.000000 -0.985616 -0.169001 -0.000000 -0.985616 -0.169001 -0.000000 -1.000000 -0.000000 -0.000000 -1.000000 -0.000000 -0.000000 -0.985616 0.169001 -0.000000 -0.985616 0.169001 -0.000000 -0.942877 0.333140 -0.000000 -0.942877 0.333140 -0.000000 -0.873014 0.487695 -0.000000 -0.873014 0.487695 -0.000000 -0.778036 0.628220 -0.000000 -0.778036 0.628220 -0.000000 -0.660675 0.750672 -0.000000 -0.660675 0.750672 -0.000000 -0.524307 0.851529 -0.000000 -0.524307 0.851529 -0.000000 -0.372856 0.927889 -0.000000 -0.372856 0.927889 -0.000000 -0.210679 0.977555 -0.000000 -0.210679 0.977555 -0.000000 -0.042441 0.999099 -0.000000 -0.042441 0.999099 -0.000000 0.127018 0.991900 0.000000 0.127018 0.991900 0.000000 0.292823 0.956167 0.000000 0.292823 0.956167 0.000000 0.450204 0.892926 0.000000 0.450204 0.892926 0.000000 0.594633 0.803997 0.000000 0.594633 0.803997 0.000000 0.721956 0.691939 0.000000 0.721956 0.691939 0.000000 0.828510 0.559975 0.000000 0.828510 0.559975 0.000000 0.911228 0.411901 0.000000 0.911228 0.411901 0.000000 0.967733 0.251978 0.000000 0.967733 0.251978 0.000000 0.996397 0.084806 0.000000 0.996397 0.084806 0.000000 0.996397 -0.084806 -0.000000 0.996397 -0.084806 -0.000000 0.967733 -0.251978 -0.000000 0.967733 -0.251978 -0.000000 0.911228 -0.411901 -0.000000 0.911228 -0.411901 -0.000000 0.828510 -0.559975 -0.000000 0.828510 -0.559975 -0.000000 0.721956 -0.691939 -0.000000 0.721956 -0.691939 -0.000000 0.594633 -0.803997 -0.000000 0.594633 -0.803997 -0.000000 0.450204 -0.892926 -0.000000 0.450204 -0.892926 -0.000000 0.292823 -0.956167 -0.000000 0.292823 -0.956167 -0.000000 0.127018 -0.991900 -0.000000 0.127018 -0.991900 -0.000000 -0.042441 -0.999099 -0.000000 -0.042441 -0.999099 -0.000000 -0.210679 -0.977555 -0.000000 -0.210679 -0.977555 -0.000000 -0.372856 -0.927889 -0.000000 -0.372856 -0.927889 -0.000000 -0.524307 -0.851529 -0.000000 -0.524307 -0.851529 -0.000000 -0.660675 -0.750672 -0.000000 -0.660675 -0.750672 -0.000000 -0.778036 -0.628220 -0.000000 -0.778036 -0.628220 -0.000000 -0.873014 -0.487695 -0.000000 -0.873014 -0.487695 -0.000000 -0.942877 -0.333140 -0.000000 -0.942877 -0.333140 -0.000000 0.000000 0.000000 -1.000000 0.000000 0.000000 -1.000000 0.000000 0.000000 -1.000000 0.000000 0.000000 -1.000000 0.000000 0.000000 -1.000000 0.000000 0.000000 -1.000000 0.000000 0.000000 -1.000000 0.000000 0.000000 -1.000000 0.000000 0.000000 -1.000000 0.000000 0.000000 -1.000000 0.000000 0.000000 -1.000000 0.000000 0.000000 -1.000000 0.000000 0.000000 -1.000000 0.000000 0.000000 -1.000000 0.000000 0.000000 -1.000000 0.000000 0.000000 -1.000000 0.000000 0.000000 -1.000000 0.000000 0.000000 -1.000000 0.000000 0.000000 -1.000000 0.000000 0.000000 -1.000000 0.000000 0.000000 -1.000000 0.000000 0.000000 -1.000000 0.000000 0.000000 -1.000000 0.000000 0.000000 -1.000000 0.000000 0.000000 -1.000000 0.000000 0.000000 -1.000000 0.000000 0.000000 -1.000000 0.000000 0.000000 -1.000000 0.000000 0.000000 -1.000000 0.000000 0.000000 -1.000000 0.000000 0.000000 -1.000000 0.000000 0.000000 -1.000000 0.000000 0.000000 -1.000000 0.000000 0.000000 -1.000000 0.000000 0.000000 -1.000000 0.000000 0.000000 -1.000000 0.000000 0.000000 -1.000000 0.986361 0.164595 -0.000000 0.986361 0.164595 -0.000000 1.000000 0.000000 -0.000000 1.000000 0.000000 -0.000000 0.986361 -0.164595 0.000000 0.986361 -0.164595 0.000000 0.945817 -0.324699 0.000000 0.945817 -0.324699 0.000000 0.879474 -0.475947 0.000000 0.879474 -0.475947 0.000000 0.789141 -0.614213 0.000000 0.789141 -0.614213 0.000000 0.677282 -0.735724 0.000000 0.677282 -0.735724 0.000000 0.546948 -0.837166 0.000000 0.546948 -0.837166 0.000000 0.401695 -0.915773 0.000000 0.401695 -0.915773 0.000000 0.245485 -0.969400 0.000000 0.245485 -0.969400 0.000000 0.082579 -0.996584 0.000000 0.082579 -0.996584 0.000000 -0.082579 -0.996584 0.000000 -0.082579 -0.996584 0.000000 -0.245485 -0.969400 0.000000 -0.245485 -0.969400 0.000000 -0.401695 -0.915773 0.000000 -0.401695 -0.915773 0.000000 -0.546948 -0.837166 0.000000 -0.546948 -0.837166 0.000000 -0.677282 -0.735724 0.000000 -0.677282 -0.735724 0.000000 -0.789141 -0.614213 0.000000 -0.789141 -0.614213 0.000000 -0.879474 -0.475947 0.000000 -0.879474 -0.475947 0.000000 -0.945817 -0.324699 0.000000 -0.945817 -0.324699 0.000000 -0.986361 -0.164595 0.000000 -0.986361 -0.164595 0.000000 -1.000000 0.000000 0.000000 -1.000000 0.000000 0.000000 -0.986361 0.164595 0.000000 -0.986361 0.164595 0.000000 -0.945817 0.324699 0.000000 -0.945817 0.324699 0.000000 -0.879474 0.475947 0.000000 -0.879474 0.475947 0.000000 -0.789141 0.614213 0.000000 -0.789141 0.614213 0.000000 -0.677282 0.735724 0.000000 -0.677282 0.735724 0.000000 -0.546948 0.837166 0.000000 -0.546948 0.837166 0.000000 -0.401695 0.915773 0.000000 -0.401695 0.915773 0.000000 -0.245485 0.969400 0.000000 -0.245485 0.969400 0.000000 -0.082579 0.996584 0.000000 -0.082579 0.996584 0.000000 0.082579 0.996584 -0.000000 0.082579 0.996584 -0.000000 0.245485 0.969400 -0.000000 0.245485 0.969400 -0.000000 0.401695 0.915773 -0.000000 0.401695 0.915773 -0.000000 0.546948 0.837166 -0.000000 0.546948 0.837166 -0.000000 0.677282 0.735724 -0.000000 0.677282 0.735724 -0.000000 0.789141 0.614213 -0.000000 0.789141 0.614213 -0.000000 0.879474 0.475947 -0.000000 0.879474 0.475947 -0.000000 0.945817 0.324699 -0.000000 0.945817 0.324699 -0.000000 0.000000 0.000000 -1.000000 0.000000 0.000000 -1.000000 0.000000 0.000000 -1.000000 0.000000 0.000000 -1.000000 0.000000 0.000000 -1.000000 0.000000 0.000000 -1.000000 0.000000 0.000000 -1.000000 0.000000 0.000000 -1.000000 0.000000 0.000000 -1.000000 0.000000 0.000000 -1.000000 0.000000 0.000000 -1.000000 0.000000 0.000000 -1.000000 0.000000 0.000000 -1.000000 0.000000 0.000000 -1.000000 0.000000 0.000000 -1.000000 0.000000 0.000000 -1.000000 0.000000 0.000000 -1.000000 0.000000 0.000000 -1.000000 0.000000 0.000000 -1.000000 0.000000 0.000000 -1.000000 0.000000 0.000000 -1.000000 0.000000 0.000000 -1.000000 0.000000 0.000000 -1.000000 0.000000 0.000000 -1.000000 0.000000 0.000000 -1.000000 0.000000 0.000000 -1.000000 0.000000 0.000000 -1.000000 0.000000 0.000000 -1.000000 0.000000 0.000000 -1.000000 0.000000 0.000000 -1.000000 0.000000 0.000000 -1.000000 0.000000 0.000000 -1.000000 0.000000 0.000000 -1.000000 0.000000 0.000000 -1.000000 0.000000 0.000000 -1.000000 0.000000 0.000000 -1.000000 0.000000 0.000000 -1.000000 0.000000 0.000000 -1.000000 0.000000 0.000000 -1.000000 0.000000 0.000000 -1.000000 0.000000 0.000000 -1.000000 0.000000 0.000000 -1.000000 0.000000 0.000000 -1.000000 0.000000 0.000000 -1.000000 0.000000 0.000000 -1.000000 0.000000 0.000000 -1.000000 0.000000 0.000000 -1.000000 0.000000 0.000000 -1.000000 0.000000 0.000000 -1.000000 0.000000 0.000000 -1.000000 0.000000 0.000000 -1.000000 0.000000 0.000000 -1.000000 0.000000 0.000000 -1.000000 0.000000 0.000000 -1.000000 0.000000 0.000000 -1.000000 0.000000 0.000000 -1.000000 0.000000 0.000000 -1.000000 0.000000 0.000000 -1.000000 0.000000 0.000000 -1.000000 0.000000 0.000000 -1.000000 0.000000 0.000000 -1.000000 0.000000 0.000000 -1.000000 0.000000 0.000000 -1.000000 0.000000 0.000000 -1.000000 0.000000 0.000000 -1.000000 0.000000 0.000000 -1.000000 0.000000 0.000000 -1.000000 0.000000 0.000000 -1.000000 0.000000 0.000000 -1.000000 0.000000 0.000000 -1.000000 0.000000 0.000000 -1.000000 0.000000 0.000000 -1.000000 0.000000 0.000000 -1.000000 0.000000 0.000000 -1.000000 0.000000 0.000000 -1.000000 0.986361 0.164595 -0.000000 0.986361 0.164595 -0.000000 1.000000 0.000000 -0.000000 1.000000 0.000000 -0.000000 0.986361 -0.164595 0.000000 0.986361 -0.164595 0.000000 0.945817 -0.324699 0.000000 0.945817 -0.324699 0.000000 0.879474 -0.475947 0.000000 0.879474 -0.475947 0.000000 0.789141 -0.614213 0.000000 0.789141 -0.614213 0.000000 0.677282 -0.735724 0.000000 0.677282 -0.735724 0.000000 0.546948 -0.837166 0.000000 0.546948 -0.837166 0.000000 0.401695 -0.915773 0.000000 0.401695 -0.915773 0.000000 0.245485 -0.969400 0.000000 0.245485 -0.969400 0.000000 0.082579 -0.996584 0.000000 0.082579 -0.996584 0.000000 -0.082579 -0.996584 0.000000 -0.082579 -0.996584 0.000000 -0.245485 -0.969400 0.000000 -0.245485 -0.969400 0.000000 -0.401695 -0.915773 0.000000 -0.401695 -0.915773 0.000000 -0.546948 -0.837166 0.000000 -0.546948 -0.837166 0.000000 -0.677282 -0.735724 0.000000 -0.677282 -0.735724 0.000000 -0.789141 -0.614213 0.000000 -0.789141 -0.614213 0.000000 -0.879474 -0.475947 0.000000 -0.879474 -0.475947 0.000000 -0.945817 -0.324699 0.000000 -0.945817 -0.324699 0.000000 -0.986361 -0.164595 0.000000 -0.986361 -0.164595 0.000000 -1.000000 0.000000 0.000000 -1.000000 0.000000 0.000000 -0.986361 0.164595 0.000000 -0.986361 0.164595 0.000000 -0.945817 0.324699 0.000000 -0.945817 0.324699 0.000000 -0.879474 0.475947 0.000000 -0.879474 0.475947 0.000000 -0.789141 0.614213 0.000000 -0.789141 0.614213 0.000000 -0.677282 0.735724 0.000000 -0.677282 0.735724 0.000000 -0.546948 0.837166 0.000000 -0.546948 0.837166 0.000000 -0.401695 0.915773 0.000000 -0.401695 0.915773 0.000000 -0.245485 0.969400 0.000000 -0.245485 0.969400 0.000000 -0.082579 0.996584 0.000000 -0.082579 0.996584 0.000000 0.082579 0.996584 -0.000000 0.082579 0.996584 -0.000000 0.245485 0.969400 -0.000000 0.245485 0.969400 -0.000000 0.401695 0.915773 -0.000000 0.401695 0.915773 -0.000000 0.546948 0.837166 -0.000000 0.546948 0.837166 -0.000000 0.677282 0.735724 -0.000000 0.677282 0.735724 -0.000000 0.789141 0.614213 -0.000000 0.789141 0.614213 -0.000000 0.879474 0.475947 -0.000000 0.879474 0.475947 -0.000000 0.945817 0.324699 -0.000000 0.945817 0.324699 -0.000000 0.000000 0.000000 -1.000000 0.000000 0.000000 -1.000000 0.000000 0.000000 -1.000000 0.000000 0.000000 -1.000000 0.000000 0.000000 -1.000000 0.000000 0.000000 -1.000000 0.000000 0.000000 -1.000000 0.000000 0.000000 -1.000000 0.000000 0.000000 -1.000000 0.000000 0.000000 -1.000000 0.000000 0.000000 -1.000000 0.000000 0.000000 -1.000000 0.000000 0.000000 -1.000000 0.000000 0.000000 -1.000000 0.000000 0.000000 -1.000000 0.000000 0.000000 -1.000000 0.000000 0.000000 -1.000000 0.000000 0.000000 -1.000000 0.000000 0.000000 -1.000000 0.000000 0.000000 -1.000000 0.000000 0.000000 -1.000000 0.000000 0.000000 -1.000000 0.000000 0.000000 -1.000000 0.000000 0.000000 -1.000000 0.000000 0.000000 -1.000000 0.000000 0.000000 -1.000000 0.000000 0.000000 -1.000000 0.000000 0.000000 -1.000000 0.000000 0.000000 -1.000000 0.000000 0.000000 -1.000000 0.000000 0.000000 -1.000000 0.000000 0.000000 -1.000000 0.000000 0.000000 -1.000000 0.000000 0.000000 -1.000000 0.000000 0.000000 -1.000000 0.000000 0.000000 -1.000000 0.000000 0.000000 -1.000000 0.000000 0.000000 -1.000000 0.000000 0.000000 -1.000000 0.000000 0.000000 -1.000000 0.000000 0.000000 -1.000000 0.000000 0.000000 -1.000000 0.000000 0.000000 -1.000000 0.000000 0.000000 -1.000000 0.000000 0.000000 -1.000000 0.000000 0.000000 -1.000000 0.000000 0.000000 -1.000000 0.000000 0.000000 -1.000000 0.000000 0.000000 -1.000000 0.000000 0.000000 -1.000000 0.000000 0.000000 -1.000000 0.000000 0.000000 -1.000000 0.000000 0.000000 -1.000000 0.000000 0.000000 -1.000000 0.000000 0.000000 -1.000000 0.000000 0.000000 -1.000000 0.000000 0.000000 -1.000000 0.000000 0.000000 -1.000000 0.000000 0.000000 -1.000000 0.000000 0.000000 -1.000000 0.000000 0.000000 -1.000000 0.000000 0.000000 -1.000000 0.000000 0.000000 -1.000000 0.000000 0.000000 -1.000000 0.000000 0.000000 -1.000000 0.000000 0.000000 -1.000000 0.000000 0.000000 -1.000000 0.000000 0.000000 -1.000000 0.000000 0.000000 -1.000000 0.000000 0.000000 -1.000000 0.000000 0.000000 -1.000000 0.000000 0.000000 -1.000000 0.000000 0.000000 -1.000000 0.000000 0.000000 -1.000000 0.000000 0.000000 -1.000000 0.986361 0.164595 -0.000000 0.986361 0.164595 -0.000000 1.000000 0.000000 -0.000000 1.000000 0.000000 -0.000000 0.986361 -0.164595 0.000000 0.986361 -0.164595 0.000000 0.945817 -0.324699 0.000000 0.945817 -0.324699 0.000000 0.879474 -0.475947 0.000000 0.879474 -0.475947 0.000000 0.789141 -0.614213 0.000000 0.789141 -0.614213 0.000000 0.677282 -0.735724 0.000000 0.677282 -0.735724 0.000000 0.546948 -0.837166 0.000000 0.546948 -0.837166 0.000000 0.401695 -0.915773 0.000000 0.401695 -0.915773 0.000000 0.245485 -0.969400 0.000000 0.245485 -0.969400 0.000000 0.082579 -0.996584 0.000000 0.082579 -0.996584 0.000000 -0.082579 -0.996584 0.000000 -0.082579 -0.996584 0.000000 -0.245485 -0.969400 0.000000 -0.245485 -0.969400 0.000000 -0.401695 -0.915773 0.000000 -0.401695 -0.915773 0.000000 -0.546948 -0.837166 0.000000 -0.546948 -0.837166 0.000000 -0.677282 -0.735724 0.000000 -0.677282 -0.735724 0.000000 -0.789141 -0.614213 0.000000 -0.789141 -0.614213 0.000000 -0.879474 -0.475947 0.000000 -0.879474 -0.475947 0.000000 -0.945817 -0.324699 0.000000 -0.945817 -0.324699 0.000000 -0.986361 -0.164595 0.000000 -0.986361 -0.164595 0.000000 -1.000000 0.000000 0.000000 -1.000000 0.000000 0.000000 -0.986361 0.164595 0.000000 -0.986361 0.164595 0.000000 -0.945817 0.324699 0.000000 -0.945817 0.324699 0.000000 -0.879474 0.475947 0.000000 -0.879474 0.475947 0.000000 -0.789141 0.614213 0.000000 -0.789141 0.614213 0.000000 -0.677282 0.735724 0.000000 -0.677282 0.735724 0.000000 -0.546948 0.837166 0.000000 -0.546948 0.837166 0.000000 -0.401695 0.915773 0.000000 -0.401695 0.915773 0.000000 -0.245485 0.969400 0.000000 -0.245485 0.969400 0.000000 -0.082579 0.996584 0.000000 -0.082579 0.996584 0.000000 0.082579 0.996584 -0.000000 0.082579 0.996584 -0.000000 0.245485 0.969400 -0.000000 0.245485 0.969400 -0.000000 0.401695 0.915773 -0.000000 0.401695 0.915773 -0.000000 0.546948 0.837166 -0.000000 0.546948 0.837166 -0.000000 0.677282 0.735724 -0.000000 0.677282 0.735724 -0.000000 0.789141 0.614213 -0.000000 0.789141 0.614213 -0.000000 0.879474 0.475947 -0.000000 0.879474 0.475947 -0.000000 0.945817 0.324699 -0.000000 0.945817 0.324699 -0.000000 0.000000 0.000000 -1.000000 0.000000 0.000000 -1.000000 0.000000 0.000000 -1.000000 0.000000 0.000000 -1.000000 0.000000 0.000000 -1.000000 0.000000 0.000000 -1.000000 0.000000 0.000000 -1.000000 0.000000 0.000000 -1.000000 0.000000 0.000000 -1.000000 0.000000 0.000000 -1.000000 0.000000 0.000000 -1.000000 0.000000 0.000000 -1.000000 0.000000 0.000000 -1.000000 0.000000 0.000000 -1.000000 0.000000 0.000000 -1.000000 0.000000 0.000000 -1.000000 0.000000 0.000000 -1.000000 0.000000 0.000000 -1.000000 0.000000 0.000000 -1.000000 0.000000 0.000000 -1.000000 0.000000 0.000000 -1.000000 0.000000 0.000000 -1.000000 0.000000 0.000000 -1.000000 0.000000 0.000000 -1.000000 0.000000 0.000000 -1.000000 0.000000 0.000000 -1.000000 0.000000 0.000000 -1.000000 0.000000 0.000000 -1.000000 0.000000 0.000000 -1.000000 0.000000 0.000000 -1.000000 0.000000 0.000000 -1.000000 0.000000 0.000000 -1.000000 0.000000 0.000000 -1.000000 0.000000 0.000000 -1.000000 0.000000 0.000000 -1.000000 0.000000 0.000000 -1.000000 0.000000 0.000000 -1.000000 0.000000 0.000000 -1.000000 0.000000 0.000000 -1.000000 0.000000 0.000000 -1.000000 0.000000 0.000000 -1.000000 0.000000 0.000000 -1.000000 0.000000 0.000000 -1.000000 0.000000 0.000000 -1.000000 0.000000 0.000000 -1.000000 0.000000 0.000000 -1.000000 0.000000 0.000000 -1.000000 0.000000 0.000000 -1.000000 0.000000 0.000000 -1.000000 0.000000 0.000000 -1.000000 0.000000 0.000000 -1.000000 0.000000 0.000000 -1.000000 0.000000 0.000000 -1.000000 0.000000 0.000000 -1.000000 0.000000 0.000000 -1.000000 0.000000 0.000000 -1.000000 0.000000 0.000000 -1.000000 0.000000 0.000000 -1.000000 0.000000 0.000000 -1.000000 0.000000 0.000000 -1.000000 0.000000 0.000000 -1.000000 0.000000 0.000000 -1.000000 0.000000 0.000000 -1.000000 0.000000 0.000000 -1.000000 0.000000 0.000000 -1.000000 0.000000 0.000000 -1.000000 0.000000 0.000000 -1.000000 0.000000 0.000000 -1.000000 0.000000 0.000000 -1.000000 0.000000 0.000000 -1.000000 0.000000 0.000000 -1.000000 0.000000 0.000000 -1.000000 0.000000 0.000000 -1.000000 0.000000 0.000000 -1.000000 0.000000 0.000000 -1.000000 0.986361 0.164595 -0.000000 0.986361 0.164595 -0.000000 1.000000 0.000000 -0.000000 1.000000 0.000000 -0.000000 0.986361 -0.164595 0.000000 0.986361 -0.164595 0.000000 0.945817 -0.324699 0.000000 0.945817 -0.324699 0.000000 0.879474 -0.475947 0.000000 0.879474 -0.475947 0.000000 0.789141 -0.614213 0.000000 0.789141 -0.614213 0.000000 0.677282 -0.735724 0.000000 0.677282 -0.735724 0.000000 0.546948 -0.837166 0.000000 0.546948 -0.837166 0.000000 0.401695 -0.915773 0.000000 0.401695 -0.915773 0.000000 0.245485 -0.969400 0.000000 0.245485 -0.969400 0.000000 0.082579 -0.996584 0.000000 0.082579 -0.996584 0.000000 -0.082579 -0.996584 0.000000 -0.082579 -0.996584 0.000000 -0.245485 -0.969400 0.000000 -0.245485 -0.969400 0.000000 -0.401695 -0.915773 0.000000 -0.401695 -0.915773 0.000000 -0.546948 -0.837166 0.000000 -0.546948 -0.837166 0.000000 -0.677282 -0.735724 0.000000 -0.677282 -0.735724 0.000000 -0.789141 -0.614213 0.000000 -0.789141 -0.614213 0.000000 -0.879474 -0.475947 0.000000 -0.879474 -0.475947 0.000000 -0.945817 -0.324699 0.000000 -0.945817 -0.324699 0.000000 -0.986361 -0.164595 0.000000 -0.986361 -0.164595 0.000000 -1.000000 0.000000 0.000000 -1.000000 0.000000 0.000000 -0.986361 0.164595 0.000000 -0.986361 0.164595 0.000000 -0.945817 0.324699 0.000000 -0.945817 0.324699 0.000000 -0.879474 0.475947 0.000000 -0.879474 0.475947 0.000000 -0.789141 0.614213 0.000000 -0.789141 0.614213 0.000000 -0.677282 0.735724 0.000000 -0.677282 0.735724 0.000000 -0.546948 0.837166 0.000000 -0.546948 0.837166 0.000000 -0.401695 0.915773 0.000000 -0.401695 0.915773 0.000000 -0.245485 0.969400 0.000000 -0.245485 0.969400 0.000000 -0.082579 0.996584 0.000000 -0.082579 0.996584 0.000000 0.082579 0.996584 -0.000000 0.082579 0.996584 -0.000000 0.245485 0.969400 -0.000000 0.245485 0.969400 -0.000000 0.401695 0.915773 -0.000000 0.401695 0.915773 -0.000000 0.546948 0.837166 -0.000000 0.546948 0.837166 -0.000000 0.677282 0.735724 -0.000000 0.677282 0.735724 -0.000000 0.789141 0.614213 -0.000000 0.789141 0.614213 -0.000000 0.879474 0.475947 -0.000000 0.879474 0.475947 -0.000000 0.945817 0.324699 -0.000000 0.945817 0.324699 -0.000000 0.000000 0.000000 -1.000000 0.000000 0.000000 -1.000000 0.000000 0.000000 -1.000000 0.000000 0.000000 -1.000000 0.000000 0.000000 -1.000000 0.000000 0.000000 -1.000000 0.000000 0.000000 -1.000000 0.000000 0.000000 -1.000000 0.000000 0.000000 -1.000000 0.000000 0.000000 -1.000000 0.000000 0.000000 -1.000000 0.000000 0.000000 -1.000000 0.000000 0.000000 -1.000000 0.000000 0.000000 -1.000000 0.000000 0.000000 -1.000000 0.000000 0.000000 -1.000000 0.000000 0.000000 -1.000000 0.000000 0.000000 -1.000000 0.000000 0.000000 -1.000000 0.000000 0.000000 -1.000000 0.000000 0.000000 -1.000000 0.000000 0.000000 -1.000000 0.000000 0.000000 -1.000000 0.000000 0.000000 -1.000000 0.000000 0.000000 -1.000000 0.000000 0.000000 -1.000000 0.000000 0.000000 -1.000000 0.000000 0.000000 -1.000000 0.000000 0.000000 -1.000000 0.000000 0.000000 -1.000000 0.000000 0.000000 -1.000000 0.000000 0.000000 -1.000000 0.000000 0.000000 -1.000000 0.000000 0.000000 -1.000000 0.000000 0.000000 -1.000000 0.000000 0.000000 -1.000000 0.000000 0.000000 -1.000000 0.000000 0.000000 -1.000000 0.000000 0.000000 -1.000000 0.000000 0.000000 -1.000000 0.000000 0.000000 -1.000000 0.000000 0.000000 -1.000000 0.000000 0.000000 -1.000000 0.000000 0.000000 -1.000000 0.000000 0.000000 -1.000000 0.000000 0.000000 -1.000000 0.000000 0.000000 -1.000000 0.000000 0.000000 -1.000000 0.000000 0.000000 -1.000000 0.000000 0.000000 -1.000000 0.000000 0.000000 -1.000000 0.000000 0.000000 -1.000000 0.000000 0.000000 -1.000000 0.000000 0.000000 -1.000000 0.000000 0.000000 -1.000000 0.000000 0.000000 -1.000000 0.000000 0.000000 -1.000000 0.000000 0.000000 -1.000000 0.000000 0.000000 -1.000000 0.000000 0.000000 -1.000000 0.000000 0.000000 -1.000000 0.000000 0.000000 -1.000000 0.000000 0.000000 -1.000000 0.000000 0.000000 -1.000000 0.000000 0.000000 -1.000000 0.000000 0.000000 -1.000000 0.000000 0.000000 -1.000000 0.000000 0.000000 -1.000000 0.000000 0.000000 -1.000000 0.000000 0.000000 -1.000000 0.000000 0.000000 -1.000000 0.000000 0.000000 -1.000000 0.000000 0.000000 -1.000000 0.000000 0.000000 -1.000000 0.000000 0.000000 -1.000000 0.982973 -0.183750 0.000000 0.982973 -0.183750 0.000000 1.000000 0.000000 -0.000000 1.000000 0.000000 -0.000000 0.982973 0.183750 -0.000000 0.982973 0.183750 -0.000000 0.932472 0.361242 -0.000000 0.932472 0.361242 -0.000000 0.850217 0.526432 -0.000000 0.850217 0.526432 -0.000000 0.739009 0.673696 -0.000000 0.739009 0.673696 -0.000000 0.602635 0.798017 -0.000000 0.602635 0.798017 -0.000000 0.445738 0.895163 -0.000000 0.445738 0.895163 -0.000000 0.273663 0.961826 -0.000000 0.273663 0.961826 -0.000000 0.092268 0.995734 -0.000000 0.092268 0.995734 -0.000000 -0.092268 0.995734 0.000000 -0.092268 0.995734 0.000000 -0.273663 0.961826 0.000000 -0.273663 0.961826 0.000000 -0.445738 0.895163 0.000000 -0.445738 0.895163 0.000000 -0.602635 0.798017 0.000000 -0.602635 0.798017 0.000000 -0.739009 0.673696 0.000000 -0.739009 0.673696 0.000000 -0.850217 0.526432 0.000000 -0.850217 0.526432 0.000000 -0.932472 0.361242 0.000000 -0.932472 0.361242 0.000000 -0.982973 0.183750 0.000000 -0.982973 0.183750 0.000000 -1.000000 0.000000 0.000000 -1.000000 0.000000 0.000000 -0.982973 -0.183750 0.000000 -0.982973 -0.183750 0.000000 -0.932472 -0.361242 0.000000 -0.932472 -0.361242 0.000000 -0.850217 -0.526432 0.000000 -0.850217 -0.526432 0.000000 -0.739009 -0.673696 0.000000 -0.739009 -0.673696 0.000000 -0.602635 -0.798017 0.000000 -0.602635 -0.798017 0.000000 -0.445738 -0.895163 0.000000 -0.445738 -0.895163 0.000000 -0.273663 -0.961826 0.000000 -0.273663 -0.961826 0.000000 -0.092268 -0.995734 0.000000 -0.092268 -0.995734 0.000000 0.092268 -0.995734 0.000000 0.092268 -0.995734 0.000000 0.273663 -0.961826 0.000000 0.273663 -0.961826 0.000000 0.445738 -0.895163 0.000000 0.445738 -0.895163 0.000000 0.602635 -0.798017 0.000000 0.602635 -0.798017 0.000000 0.739009 -0.673696 0.000000 0.739009 -0.673696 0.000000 0.850217 -0.526432 0.000000 0.850217 -0.526432 0.000000 0.932472 -0.361242 0.000000 0.932472 -0.361242 0.000000 -0.000000 -0.000000 -1.000000 -0.000000 -0.000000 -1.000000 -0.000000 -0.000000 -1.000000 -0.000000 -0.000000 -1.000000 -0.000000 -0.000000 -1.000000 -0.000000 -0.000000 -1.000000 -0.000000 -0.000000 -1.000000 -0.000000 -0.000000 -1.000000 -0.000000 -0.000000 -1.000000 -0.000000 -0.000000 -1.000000 -0.000000 -0.000000 -1.000000 -0.000000 -0.000000 -1.000000 -0.000000 -0.000000 -1.000000 -0.000000 -0.000000 -1.000000 -0.000000 -0.000000 -1.000000 -0.000000 -0.000000 -1.000000 -0.000000 -0.000000 -1.000000 -0.000000 -0.000000 -1.000000 -0.000000 -0.000000 -1.000000 -0.000000 -0.000000 -1.000000 -0.000000 -0.000000 -1.000000 -0.000000 -0.000000 -1.000000 -0.000000 -0.000000 -1.000000 -0.000000 -0.000000 -1.000000 -0.000000 -0.000000 -1.000000 -0.000000 -0.000000 -1.000000 -0.000000 -0.000000 -1.000000 -0.000000 -0.000000 -1.000000 -0.000000 -0.000000 -1.000000 -0.000000 -0.000000 -1.000000 -0.000000 -0.000000 -1.000000 -0.000000 -0.000000 -1.000000 -0.000000 -0.000000 -1.000000 -0.000000 -0.000000 -1.000000 0.985616 -0.169001 0.000000 1.000000 0.000000 -0.000000 1.000000 0.000000 -0.000000 0.985616 0.169001 -0.000000 0.985616 0.169001 -0.000000 0.942877 0.333140 -0.000000 0.942877 0.333140 -0.000000 0.873014 0.487695 -0.000000 0.873014 0.487695 -0.000000 0.778036 0.628220 -0.000000 0.778036 0.628220 -0.000000 0.660675 0.750672 -0.000000 0.660675 0.750672 -0.000000 0.524307 0.851529 -0.000000 0.524307 0.851529 -0.000000 0.372856 0.927889 -0.000000 0.372856 0.927889 -0.000000 0.210679 0.977555 -0.000000 0.210679 0.977555 -0.000000 0.042441 0.999099 -0.000000 0.042441 0.999099 -0.000000 -0.127018 0.991900 0.000000 -0.127018 0.991900 0.000000 -0.292823 0.956167 0.000000 -0.292823 0.956167 0.000000 -0.450204 0.892926 0.000000 -0.450204 0.892926 0.000000 -0.594633 0.803997 0.000000 -0.594633 0.803997 0.000000 -0.721956 0.691939 0.000000 -0.721956 0.691939 0.000000 -0.828510 0.559975 0.000000 -0.828510 0.559975 0.000000 -0.911228 0.411901 0.000000 -0.911228 0.411901 0.000000 -0.967733 0.251978 0.000000 -0.967733 0.251978 0.000000 -0.996397 0.084806 0.000000 -0.996397 0.084806 0.000000 -0.996397 -0.084806 0.000000 -0.996397 -0.084806 0.000000 -0.967733 -0.251978 0.000000 -0.967733 -0.251978 0.000000 -0.911228 -0.411901 0.000000 -0.911228 -0.411901 0.000000 -0.828510 -0.559975 0.000000 -0.828510 -0.559975 0.000000 -0.721956 -0.691939 0.000000 -0.721956 -0.691939 0.000000 -0.594633 -0.803997 0.000000 -0.594633 -0.803997 0.000000 -0.450204 -0.892926 0.000000 -0.450204 -0.892926 0.000000 -0.292823 -0.956167 0.000000 -0.292823 -0.956167 0.000000 -0.127018 -0.991900 0.000000 -0.127018 -0.991900 0.000000 0.042441 -0.999099 0.000000 0.042441 -0.999099 0.000000 0.210679 -0.977555 0.000000 0.210679 -0.977555 0.000000 0.372856 -0.927889 0.000000 0.372856 -0.927889 0.000000 0.524307 -0.851529 0.000000 0.524307 -0.851529 0.000000 0.660675 -0.750672 0.000000 0.660675 -0.750672 0.000000 0.778036 -0.628220 0.000000 0.778036 -0.628220 0.000000 0.873014 -0.487695 0.000000 0.873014 -0.487695 0.000000 0.942877 -0.333140 0.000000 0.942877 -0.333140 0.000000 0.985616 -0.169001 0.000000 -0.000000 -0.000000 -1.000000 -0.000000 -0.000000 -1.000000 -0.000000 -0.000000 -1.000000 -0.000000 -0.000000 -1.000000 -0.000000 -0.000000 -1.000000 -0.000000 -0.000000 -1.000000 -0.000000 -0.000000 -1.000000 -0.000000 -0.000000 -1.000000 -0.000000 -0.000000 -1.000000 -0.000000 -0.000000 -1.000000 -0.000000 -0.000000 -1.000000 -0.000000 -0.000000 -1.000000 -0.000000 -0.000000 -1.000000 -0.000000 -0.000000 -1.000000 -0.000000 -0.000000 -1.000000 -0.000000 -0.000000 -1.000000 -0.000000 -0.000000 -1.000000 -0.000000 -0.000000 -1.000000 -0.000000 -0.000000 -1.000000 -0.000000 -0.000000 -1.000000 -0.000000 -0.000000 -1.000000 -0.000000 -0.000000 -1.000000 -0.000000 -0.000000 -1.000000 -0.000000 -0.000000 -1.000000 -0.000000 -0.000000 -1.000000 -0.000000 -0.000000 -1.000000 -0.000000 -0.000000 -1.000000 -0.000000 -0.000000 -1.000000 -0.000000 -0.000000 -1.000000 -0.000000 -0.000000 -1.000000 -0.000000 -0.000000 -1.000000 -0.000000 -0.000000 -1.000000 -0.000000 -0.000000 -1.000000 -0.000000 -0.000000 -1.000000 -0.000000 -0.000000 -1.000000 -0.000000 -0.000000 -1.000000 -0.000000 -0.000000 -1.000000 -0.000000 -0.000000 -1.000000 -0.000000 -0.000000 -1.000000 -0.000000 -0.000000 -1.000000 -0.000000 -0.000000 -1.000000 -0.000000 -0.000000 -1.000000 -0.000000 -0.000000 -1.000000 -0.000000 -0.000000 -1.000000 -0.000000 -0.000000 -1.000000 -0.000000 -0.000000 -1.000000 -0.000000 -0.000000 -1.000000 -0.000000 -0.000000 -1.000000 -0.000000 -0.000000 -1.000000 -0.000000 -0.000000 -1.000000 -0.000000 -0.000000 -1.000000 -0.000000 -0.000000 -1.000000 -0.000000 -0.000000 -1.000000 -0.000000 -0.000000 -1.000000 -0.000000 -0.000000 -1.000000 -0.000000 -0.000000 -1.000000 -0.000000 -0.000000 -1.000000 -0.000000 -0.000000 -1.000000 -0.000000 -0.000000 -1.000000 -0.000000 -0.000000 -1.000000 -0.000000 -0.000000 -1.000000 -0.000000 -0.000000 -1.000000 -0.000000 -0.000000 -1.000000 -0.000000 -0.000000 -1.000000 -0.000000 -0.000000 -1.000000 -0.000000 -0.000000 -1.000000 -0.000000 -0.000000 -1.000000 -0.000000 -0.000000 -1.000000 -0.000000 -0.000000 -1.000000 -0.000000 -0.000000 -1.000000 -0.000000 -0.000000 -1.000000 0.705841 0.042288 0.707107 0.706920 0.016255 0.707107 0.707107 0.000000 0.707107 0.707024 0.010837 0.707107 0.707086 0.005419 0.707107 0.704432 0.061443 0.707107 0.702049 0.084424 0.707107 0.699059 0.106379 0.707107 0.695743 0.126259 0.707107 0.690822 0.150880 0.707107 0.686947 0.167641 0.707107 0.679756 0.194762 0.707107 0.675692 0.208423 0.707107 0.665905 0.237847 0.707107 0.662018 0.248460 0.707107 0.649326 0.279957 0.707107 0.645974 0.287606 0.707107 0.630087 0.320920 0.707107 0.627618 0.325723 0.707107 0.608268 0.360569 0.707107 0.607015 0.362675 0.707107 0.583957 0.398741 0.707107 0.584239 0.398327 0.707107 0.559372 0.432554 0.707107 0.557253 0.435280 0.707107 0.532502 0.465233 0.707107 0.528268 0.470036 0.707107 0.503726 0.496246 0.707107 0.497118 0.502866 0.707107 0.473147 0.525483 0.707107 0.463932 0.533636 0.707107 0.440874 0.552838 0.707107 0.428845 0.562220 0.707107 0.407023 0.578215 0.707107 0.392002 0.588502 0.707107 0.371715 0.601522 0.707107 0.353553 0.612373 0.707107 0.335076 0.622675 0.707107 0.313656 0.633735 0.707107 0.297237 0.641599 0.707107 0.272474 0.652501 0.707107 0.258335 0.658227 0.707107 0.230176 0.668595 0.707107 0.218508 0.672499 0.707107 0.186935 0.681950 0.707107 0.177899 0.684363 0.707107 0.142928 0.692511 0.707107 0.136653 0.693777 0.707107 0.098336 0.700236 0.707107 0.094917 0.700707 0.707107 0.053341 0.705092 0.707107 0.052842 0.705130 0.707107 0.010578 0.707028 0.707107 -0.031724 0.706395 0.707107 -0.008128 0.707060 0.707107 -0.002709 0.707102 0.707107 0.002709 0.707102 0.707107 -0.053341 0.705092 0.707107 -0.073913 0.703233 0.707107 -0.098336 0.700236 0.707107 -0.115837 0.697554 0.707107 -0.142928 0.692511 0.707107 -0.157346 0.689378 0.707107 -0.186935 0.681950 0.707107 -0.198292 0.678734 0.707107 -0.230176 0.668595 0.707107 -0.238528 0.665661 0.707107 -0.272474 0.652501 0.707107 -0.277911 0.650204 0.707107 -0.313656 0.633735 0.707107 -0.316298 0.632420 0.707107 -0.353553 0.612373 0.707107 -0.353553 0.612372 0.707107 -0.389543 0.590132 0.707107 -0.392002 0.588502 0.707107 -0.424138 0.565780 0.707107 -0.428845 0.562220 0.707107 -0.457215 0.539402 0.707107 -0.463932 0.533636 0.707107 -0.488655 0.511093 0.707107 -0.497118 0.502866 0.707107 -0.518346 0.480955 0.707107 -0.528268 0.470036 0.707107 -0.546181 0.449095 0.707107 -0.557253 0.435280 0.707107 -0.572061 0.415627 0.707107 -0.583957 0.398741 0.707107 -0.595894 0.380671 0.707107 -0.608268 0.360569 0.707107 -0.617593 0.344353 0.707107 -0.630087 0.320920 0.707107 -0.637081 0.306802 0.707107 -0.649326 0.279957 0.707107 -0.654289 0.268153 0.707107 -0.665905 0.237847 0.707107 -0.669155 0.228544 0.707107 -0.679756 0.194762 0.707107 -0.681625 0.188116 0.707107 -0.690822 0.150880 0.707107 -0.691655 0.147016 0.707107 -0.699059 0.106379 0.707107 -0.699209 0.105389 0.707107 -0.704260 0.063385 0.707107 -0.704432 0.061443 0.707107 -0.706790 0.021153 0.707107 -0.706920 0.016255 0.707107 -0.707027 0.010637 0.707107 -0.707089 0.005017 0.707107 -0.707107 -0.000602 0.707107 -0.706790 -0.021153 0.707107 -0.705617 -0.045881 0.707107 -0.704260 -0.063385 0.707107 -0.701231 -0.090971 0.707107 -0.699209 -0.105389 0.707107 -0.693966 -0.135688 0.707107 -0.691655 -0.147016 0.707107 -0.683853 -0.179848 0.707107 -0.681625 -0.188116 0.707107 -0.670933 -0.223270 0.707107 -0.669155 -0.228544 0.707107 -0.655258 -0.265775 0.707107 -0.654289 -0.268153 0.707107 -0.636894 -0.307190 0.707107 -0.637081 -0.306802 0.707107 -0.617593 -0.344353 0.707107 -0.615916 -0.347343 0.707107 -0.595894 -0.380671 0.707107 -0.592410 -0.386071 0.707107 -0.572061 -0.415627 0.707107 -0.566472 -0.423214 0.707107 -0.546181 -0.449095 0.707107 -0.538208 -0.458619 0.707107 -0.518346 -0.480955 0.707107 -0.507736 -0.492142 0.707107 -0.488655 -0.511093 0.707107 -0.475179 -0.523646 0.707107 -0.457215 -0.539402 0.707107 -0.440672 -0.552999 0.707107 -0.424138 -0.565780 0.707107 -0.404356 -0.580083 0.707107 -0.389543 -0.590132 0.707107 -0.366380 -0.604786 0.707107 -0.353553 -0.612372 0.707107 -0.326901 -0.627006 0.707107 -0.316298 -0.632420 0.707107 -0.286079 -0.646652 0.707107 -0.277911 -0.650204 0.707107 -0.244083 -0.663644 0.707107 -0.238528 -0.665661 0.707107 -0.201085 -0.677912 0.707107 -0.198292 -0.678734 0.707107 -0.157262 -0.689397 0.707107 -0.157346 -0.689378 0.707107 -0.115837 -0.697554 0.707107 -0.112794 -0.698053 0.707107 -0.073913 -0.703233 0.707107 -0.067862 -0.703843 0.707107 -0.031724 -0.706395 0.707107 -0.022652 -0.706744 0.707107 0.010578 -0.707028 0.707107 0.022652 -0.706744 0.707107 0.052842 -0.705130 0.707107 0.067862 -0.703843 0.707107 0.094917 -0.700707 0.707107 0.112794 -0.698053 0.707107 0.136653 -0.693777 0.707107 0.157262 -0.689397 0.707107 0.177899 -0.684363 0.707107 0.201085 -0.677912 0.707107 0.218508 -0.672499 0.707107 0.244083 -0.663644 0.707107 0.258335 -0.658227 0.707107 0.286079 -0.646652 0.707107 0.297237 -0.641599 0.707107 0.326901 -0.627006 0.707107 0.335076 -0.622675 0.707107 0.366380 -0.604786 0.707107 0.371715 -0.601522 0.707107 0.404356 -0.580083 0.707107 0.407023 -0.578215 0.707107 0.440672 -0.552999 0.707107 0.440874 -0.552838 0.707107 0.473147 -0.525483 0.707107 0.475179 -0.523646 0.707107 0.503726 -0.496246 0.707107 0.507736 -0.492142 0.707107 0.532502 -0.465233 0.707107 0.538208 -0.458619 0.707107 0.559372 -0.432554 0.707107 0.566472 -0.423214 0.707107 0.584239 -0.398327 0.707107 0.592410 -0.386071 0.707107 0.607015 -0.362675 0.707107 0.615916 -0.347343 0.707107 0.627618 -0.325723 0.707107 0.636894 -0.307190 0.707107 0.645974 -0.287606 0.707107 0.655258 -0.265775 0.707107 0.662018 -0.248460 0.707107 0.670933 -0.223270 0.707107 0.675692 -0.208423 0.707107 0.683853 -0.179848 0.707107 0.686947 -0.167641 0.707107 0.693966 -0.135688 0.707107 0.695743 -0.126259 0.707107 0.701231 -0.090971 0.707107 0.702049 -0.084424 0.707107 0.705617 -0.045881 0.707107 0.705841 -0.042288 0.707107 0.707107 -0.000602 0.707107 0.707107 -0.000401 0.707107 0.707107 -0.000201 0.707107 0.707107 -0.000000 0.707107 0.008128 0.707060 0.707107 0.998210 0.059804 -0.000000 1.000000 0.000000 -0.000000 1.000000 -0.000000 -0.000000 0.998210 -0.059804 -0.000000 0.998210 -0.059804 -0.000000 0.992847 -0.119394 -0.000000 0.992847 -0.119394 -0.000000 0.983930 -0.178557 -0.000000 0.983930 -0.178557 -0.000000 0.971490 -0.237080 -0.000000 0.971490 -0.237080 -0.000000 0.955573 -0.294755 -0.000000 0.955573 -0.294755 -0.000000 0.936235 -0.351375 -0.000000 0.936235 -0.351375 -0.000000 0.913545 -0.406737 -0.000000 0.913545 -0.406737 -0.000000 0.887586 -0.460642 -0.000000 0.887586 -0.460642 -0.000000 0.858449 -0.512899 -0.000000 0.858449 -0.512899 -0.000000 0.826239 -0.563320 -0.000000 0.826239 -0.563320 -0.000000 0.791071 -0.611724 -0.000000 0.791071 -0.611724 -0.000000 0.753071 -0.657939 -0.000000 0.753071 -0.657939 -0.000000 0.712376 -0.701798 -0.000000 0.712376 -0.701798 -0.000000 0.669131 -0.743145 -0.000000 0.669131 -0.743145 -0.000000 0.623490 -0.781831 -0.000000 0.623490 -0.781831 -0.000000 0.575617 -0.817719 -0.000000 0.575617 -0.817719 -0.000000 0.525684 -0.850680 -0.000000 0.525684 -0.850680 -0.000000 0.473869 -0.880596 -0.000000 0.473869 -0.880596 -0.000000 0.420357 -0.907359 -0.000000 0.420357 -0.907359 -0.000000 0.365341 -0.930874 -0.000000 0.365341 -0.930874 -0.000000 0.309017 -0.951057 -0.000000 0.309017 -0.951057 -0.000000 0.251587 -0.967835 -0.000000 0.251587 -0.967835 -0.000000 0.193256 -0.981148 -0.000000 0.193256 -0.981148 -0.000000 0.134233 -0.990950 -0.000000 0.134233 -0.990950 -0.000000 0.074730 -0.997204 -0.000000 0.074730 -0.997204 -0.000000 0.014959 -0.999888 -0.000000 0.014959 -0.999888 -0.000000 -0.044865 -0.998993 0.000000 -0.044865 -0.998993 0.000000 -0.104528 -0.994522 0.000000 -0.104528 -0.994522 0.000000 -0.163818 -0.986491 0.000000 -0.163818 -0.986491 0.000000 -0.222521 -0.974928 0.000000 -0.222521 -0.974928 0.000000 -0.280427 -0.959875 0.000000 -0.280427 -0.959875 0.000000 -0.337330 -0.941386 0.000000 -0.337330 -0.941386 0.000000 -0.393025 -0.919528 0.000000 -0.393025 -0.919528 0.000000 -0.447313 -0.894377 0.000000 -0.447313 -0.894377 0.000000 -0.500000 -0.866025 0.000000 -0.500000 -0.866025 0.000000 -0.550897 -0.834573 0.000000 -0.550897 -0.834573 0.000000 -0.599822 -0.800134 0.000000 -0.599822 -0.800134 0.000000 -0.646600 -0.762830 0.000000 -0.646600 -0.762830 0.000000 -0.691063 -0.722795 0.000000 -0.691063 -0.722795 0.000000 -0.733052 -0.680173 0.000000 -0.733052 -0.680173 0.000000 -0.772417 -0.635116 0.000000 -0.772417 -0.635116 0.000000 -0.809017 -0.587785 0.000000 -0.809017 -0.587785 0.000000 -0.842721 -0.538351 0.000000 -0.842721 -0.538351 0.000000 -0.873408 -0.486989 0.000000 -0.873408 -0.486989 0.000000 -0.900969 -0.433884 0.000000 -0.900969 -0.433884 0.000000 -0.925304 -0.379225 0.000000 -0.925304 -0.379225 0.000000 -0.946327 -0.323210 0.000000 -0.946327 -0.323210 0.000000 -0.963963 -0.266037 0.000000 -0.963963 -0.266037 0.000000 -0.978148 -0.207912 0.000000 -0.978148 -0.207912 0.000000 -0.988831 -0.149042 0.000000 -0.988831 -0.149042 0.000000 -0.995974 -0.089639 0.000000 -0.995974 -0.089639 0.000000 -0.999552 -0.029915 0.000000 -0.999552 -0.029915 0.000000 -0.999552 0.029915 -0.000000 -0.999552 0.029915 -0.000000 -0.995974 0.089639 -0.000000 -0.995974 0.089639 -0.000000 -0.988831 0.149042 -0.000000 -0.988831 0.149042 -0.000000 -0.978148 0.207912 -0.000000 -0.978148 0.207912 -0.000000 -0.963963 0.266037 -0.000000 -0.963963 0.266037 -0.000000 -0.946327 0.323210 -0.000000 -0.946327 0.323210 -0.000000 -0.925304 0.379225 -0.000000 -0.925304 0.379225 -0.000000 -0.900969 0.433884 -0.000000 -0.900969 0.433884 -0.000000 -0.873408 0.486989 -0.000000 -0.873408 0.486989 -0.000000 -0.842721 0.538351 -0.000000 -0.842721 0.538351 -0.000000 -0.809017 0.587785 -0.000000 -0.809017 0.587785 -0.000000 -0.772417 0.635116 -0.000000 -0.772417 0.635116 -0.000000 -0.733052 0.680173 -0.000000 -0.733052 0.680173 -0.000000 -0.691063 0.722795 -0.000000 -0.691063 0.722795 -0.000000 -0.646600 0.762830 -0.000000 -0.646600 0.762830 -0.000000 -0.599822 0.800134 -0.000000 -0.599822 0.800134 -0.000000 -0.550897 0.834573 -0.000000 -0.550897 0.834573 -0.000000 -0.500000 0.866025 -0.000000 -0.500000 0.866025 -0.000000 -0.447313 0.894377 -0.000000 -0.447313 0.894377 -0.000000 -0.393025 0.919528 -0.000000 -0.393025 0.919528 -0.000000 -0.337330 0.941386 -0.000000 -0.337330 0.941386 -0.000000 -0.280427 0.959875 -0.000000 -0.280427 0.959875 -0.000000 -0.222521 0.974928 -0.000000 -0.222521 0.974928 -0.000000 -0.163818 0.986491 -0.000000 -0.163818 0.986491 -0.000000 -0.104528 0.994522 -0.000000 -0.104528 0.994522 -0.000000 -0.044865 0.998993 -0.000000 -0.044865 0.998993 -0.000000 0.014959 0.999888 -0.000000 0.014959 0.999888 -0.000000 0.074730 0.997204 -0.000000 0.074730 0.997204 -0.000000 0.134233 0.990950 -0.000000 0.134233 0.990950 -0.000000 0.193256 0.981148 -0.000000 0.193256 0.981148 -0.000000 0.251587 0.967835 -0.000000 0.251587 0.967835 -0.000000 0.309017 0.951057 -0.000000 0.309017 0.951057 -0.000000 0.365341 0.930874 -0.000000 0.365341 0.930874 -0.000000 0.420357 0.907359 -0.000000 0.420357 0.907359 -0.000000 0.473869 0.880596 -0.000000 0.473869 0.880596 -0.000000 0.525684 0.850680 -0.000000 0.525684 0.850680 -0.000000 0.575617 0.817719 -0.000000 0.575617 0.817719 -0.000000 0.623490 0.781831 -0.000000 0.623490 0.781831 -0.000000 0.669131 0.743145 -0.000000 0.669131 0.743145 -0.000000 0.712376 0.701798 -0.000000 0.712376 0.701798 -0.000000 0.753071 0.657939 -0.000000 0.753071 0.657939 -0.000000 0.791071 0.611724 -0.000000 0.791071 0.611724 -0.000000 0.826239 0.563320 -0.000000 0.826239 0.563320 -0.000000 0.858449 0.512899 -0.000000 0.858449 0.512899 -0.000000 0.887586 0.460642 -0.000000 0.887586 0.460642 -0.000000 0.913545 0.406737 -0.000000 0.913545 0.406737 -0.000000 0.936235 0.351375 -0.000000 0.936235 0.351375 -0.000000 0.955573 0.294755 -0.000000 0.955573 0.294755 -0.000000 0.971490 0.237080 -0.000000 0.971490 0.237080 -0.000000 0.983930 0.178557 -0.000000 0.983930 0.178557 -0.000000 0.992847 0.119394 -0.000000 0.992847 0.119394 -0.000000 0.998210 0.059804 -0.000000 0.000000 0.000000 1.000000 0.000000 0.000000 1.000000 0.000000 0.000000 1.000000 0.000000 0.000000 1.000000 0.000000 0.000000 1.000000 0.000000 0.000000 1.000000 0.000000 0.000000 1.000000 0.000000 0.000000 1.000000 0.000000 0.000000 1.000000 0.000000 0.000000 1.000000 0.000000 0.000000 1.000000 0.000000 0.000000 1.000000 0.000000 0.000000 1.000000 0.000000 0.000000 1.000000 0.000000 0.000000 1.000000 0.000000 0.000000 1.000000 0.000000 0.000000 1.000000 0.000000 0.000000 1.000000 0.000000 0.000000 1.000000 0.000000 0.000000 1.000000 0.000000 0.000000 1.000000 0.000000 0.000000 1.000000 0.000000 0.000000 1.000000 0.000000 0.000000 1.000000 0.000000 0.000000 1.000000 0.000000 0.000000 1.000000 0.000000 0.000000 1.000000 0.000000 0.000000 1.000000 0.000000 0.000000 1.000000 0.000000 0.000000 1.000000 0.000000 0.000000 1.000000 0.000000 0.000000 1.000000 0.000000 0.000000 1.000000 0.000000 0.000000 1.000000 0.000000 0.000000 1.000000 0.000000 0.000000 1.000000 0.000000 0.000000 1.000000 0.000000 0.000000 1.000000 0.000000 0.000000 1.000000 0.000000 0.000000 1.000000 0.000000 0.000000 1.000000 0.000000 0.000000 1.000000 0.000000 0.000000 1.000000 0.000000 0.000000 1.000000 0.000000 0.000000 1.000000 0.000000 0.000000 1.000000 0.000000 0.000000 1.000000 0.000000 0.000000 1.000000 0.000000 0.000000 -1.000000 0.000000 0.000000 -1.000000 0.000000 0.000000 -1.000000 0.000000 0.000000 -1.000000 0.000000 0.000000 -1.000000 0.000000 0.000000 -1.000000 0.000000 0.000000 -1.000000 0.000000 0.000000 -1.000000 0.000000 0.000000 -1.000000 0.000000 0.000000 -1.000000 0.000000 0.000000 -1.000000 0.000000 0.000000 -1.000000 0.000000 0.000000 -1.000000 0.000000 0.000000 -1.000000 0.000000 0.000000 -1.000000 0.000000 0.000000 -1.000000 0.000000 0.000000 -1.000000 0.000000 0.000000 -1.000000 0.000000 0.000000 -1.000000 0.000000 0.000000 -1.000000 0.000000 0.000000 -1.000000 0.000000 0.000000 -1.000000 0.000000 0.000000 -1.000000 0.000000 0.000000 -1.000000 0.000000 0.000000 -1.000000 0.000000 0.000000 -1.000000 0.000000 0.000000 -1.000000 0.000000 0.000000 -1.000000 0.000000 0.000000 -1.000000 0.000000 0.000000 -1.000000 0.000000 0.000000 -1.000000 0.000000 0.000000 -1.000000 0.000000 0.000000 -1.000000 0.000000 0.000000 -1.000000 0.000000 0.000000 -1.000000 0.000000 0.000000 -1.000000 0.000000 0.000000 -1.000000 0.000000 0.000000 -1.000000 0.000000 0.000000 -1.000000 0.000000 0.000000 -1.000000 0.000000 0.000000 -1.000000 0.000000 0.000000 -1.000000 0.000000 0.000000 -1.000000 0.000000 0.000000 -1.000000 0.000000 0.000000 -1.000000 0.000000 0.000000 -1.000000 0.000000 0.000000 -1.000000 0.000000 0.000000 -1.000000 0.000000 0.000000 -1.000000 0.000000 0.000000 -1.000000 0.000000 0.000000 -1.000000 0.000000 0.000000 -1.000000 0.000000 0.000000 -1.000000 0.000000 0.000000 -1.000000 0.000000 0.000000 -1.000000 0.000000 0.000000 -1.000000 0.000000 0.000000 -1.000000 0.000000 0.000000 -1.000000 0.000000 0.000000 -1.000000 0.000000 0.000000 -1.000000 0.000000 0.000000 -1.000000 0.000000 0.000000 -1.000000 0.000000 0.000000 -1.000000 0.000000 0.000000 -1.000000 0.000000 0.000000 -1.000000 0.000000 0.000000 -1.000000 0.000000 0.000000 -1.000000 0.000000 0.000000 -1.000000 0.000000 0.000000 -1.000000 0.000000 0.000000 -1.000000 0.000000 0.000000 -1.000000 0.000000 0.000000 -1.000000 0.000000 0.000000 -1.000000 0.000000 0.000000 -1.000000 0.000000 0.000000 -1.000000 0.000000 0.000000 -1.000000 0.000000 0.000000 -1.000000 0.000000 0.000000 -1.000000 0.000000 0.000000 -1.000000 0.000000 0.000000 -1.000000 0.000000 0.000000 -1.000000 0.000000 0.000000 -1.000000 0.000000 0.000000 -1.000000 0.000000 0.000000 -1.000000 0.000000 0.000000 -1.000000 0.000000 0.000000 -1.000000 0.000000 0.000000 -1.000000 0.000000 0.000000 -1.000000 0.000000 0.000000 -1.000000 0.000000 0.000000 -1.000000 0.000000 0.000000 -1.000000 0.000000 0.000000 -1.000000 0.000000 0.000000 -1.000000 0.000000 0.000000 -1.000000 0.000000 0.000000 -1.000000 0.000000 0.000000 -1.000000 0.000000 0.000000 -1.000000 0.000000 0.000000 -1.000000 0.000000 0.000000 -1.000000 0.000000 0.000000 -1.000000 0.000000 0.000000 -1.000000 0.000000 0.000000 -1.000000 0.000000 0.000000 -1.000000 0.000000 0.000000 -1.000000 0.000000 0.000000 -1.000000 0.000000 0.000000 -1.000000 0.000000 0.000000 -1.000000 0.000000 0.000000 -1.000000 0.000000 0.000000 -1.000000 0.000000 0.000000 -1.000000 0.000000 0.000000 -1.000000 0.000000 0.000000 -1.000000 0.000000 0.000000 -1.000000 0.000000 0.000000 -1.000000 0.000000 0.000000 -1.000000 0.000000 0.000000 -1.000000 0.000000 0.000000 -1.000000 0.000000 0.000000 -1.000000 0.000000 0.000000 -1.000000 0.000000 0.000000 -1.000000 0.000000 0.000000 -1.000000 0.000000 0.000000 -1.000000 0.000000 0.000000 -1.000000 0.000000 0.000000 -1.000000 0.000000 0.000000 -1.000000 0.000000 0.000000 -1.000000 0.000000 0.000000 -1.000000 0.000000 0.000000 -1.000000 0.000000 0.000000 -1.000000 0.000000 0.000000 -1.000000 0.000000 0.000000 -1.000000 0.000000 0.000000 -1.000000 0.000000 0.000000 -1.000000 0.000000 0.000000 -1.000000 0.000000 0.000000 -1.000000 0.000000 0.000000 -1.000000 0.000000 0.000000 -1.000000 0.000000 0.000000 -1.000000 0.000000 0.000000 -1.000000 0.000000 0.000000 -1.000000 0.000000 0.000000 -1.000000 0.000000 0.000000 -1.000000 0.000000 0.000000 -1.000000 0.000000 0.000000 -1.000000 0.000000 0.000000 -1.000000 0.000000 0.000000 -1.000000 0.000000 0.000000 -1.000000 0.000000 0.000000 -1.000000 0.000000 0.000000 -1.000000 0.000000 0.000000 -1.000000 0.000000 0.000000 -1.000000 0.000000 0.000000 -1.000000 0.000000 0.000000 -1.000000 0.000000 0.000000 -1.000000 0.000000 0.000000 -1.000000 0.000000 0.000000 -1.000000 0.000000 0.000000 -1.000000 0.000000 0.000000 -1.000000 0.000000 0.000000 -1.000000 0.000000 0.000000 -1.000000 0.000000 0.000000 -1.000000 0.000000 0.000000 -1.000000 0.000000 0.000000 -1.000000 0.000000 0.000000 -1.000000 0.000000 0.000000 -1.000000 0.000000 0.000000 -1.000000 0.000000 0.000000 -1.000000 0.000000 0.000000 -1.000000 0.000000 0.000000 -1.000000 0.000000 0.000000 -1.000000 0.000000 0.000000 -1.000000 0.000000 0.000000 -1.000000 0.000000 0.000000 -1.000000 0.000000 0.000000 -1.000000 0.000000 0.000000 -1.000000 0.000000 0.000000 -1.000000 0.000000 0.000000 -1.000000 0.000000 0.000000 -1.000000 0.000000 0.000000 -1.000000 0.000000 0.000000 -1.000000 0.000000 0.000000 -1.000000 0.000000 0.000000 -1.000000 0.000000 0.000000 -1.000000 0.000000 0.000000 -1.000000 0.000000 0.000000 -1.000000 0.000000 0.000000 -1.000000 0.000000 0.000000 -1.000000 0.000000 0.000000 -1.000000 0.000000 0.000000 -1.000000 0.000000 0.000000 -1.000000 0.000000 0.000000 -1.000000 0.000000 0.000000 -1.000000 0.000000 0.000000 -1.000000 0.000000 0.000000 -1.000000 0.000000 0.000000 -1.000000 0.000000 0.000000 -1.000000 0.000000 0.000000 -1.000000 0.000000 0.000000 -1.000000 0.000000 0.000000 -1.000000 0.000000 0.000000 -1.000000 0.000000 0.000000 -1.000000 0.000000 0.000000 -1.000000 0.000000 0.000000 -1.000000 0.000000 0.000000 -1.000000 0.000000 0.000000 -1.000000 0.000000 0.000000 -1.000000 0.000000 0.000000 -1.000000 0.000000 0.000000 -1.000000 0.000000 0.000000 -1.000000 0.000000 0.000000 -1.000000 0.000000 0.000000 -1.000000 0.000000 0.000000 -1.000000 0.000000 0.000000 -1.000000 0.000000 0.000000 -1.000000 0.000000 0.000000 -1.000000 0.000000 0.000000 -1.000000 0.000000 0.000000 -1.000000 0.000000 0.000000 -1.000000 0.000000 0.000000 -1.000000 0.000000 0.000000 -1.000000 0.000000 0.000000 -1.000000 0.000000 0.000000 -1.000000 0.000000 0.000000 -1.000000 0.000000 0.000000 -1.000000 0.000000 0.000000 -1.000000 0.000000 0.000000 -1.000000 0.000000 0.000000 -1.000000 0.000000 0.000000 -1.000000 0.000000 0.000000 -1.000000 0.000000 0.000000 -1.000000 0.000000 0.000000 -1.000000 0.000000 0.000000 -1.000000 0.000000 0.000000 -1.000000 0.000000 0.000000 -1.000000 0.000000 0.000000 -1.000000 0.000000 0.000000 -1.000000 0.000000 0.000000 -1.000000 0.000000 0.000000 -1.000000 0.000000 0.000000 -1.000000 0.000000 0.000000 -1.000000 0.000000 0.000000 -1.000000 0.000000 0.000000 -1.000000 0.000000 0.000000 -1.000000 0.000000 0.000000 -1.000000 0.000000 0.000000 -1.000000 0.000000 0.000000 -1.000000 0.000000 0.000000 -1.000000 0.000000 0.000000 -1.000000 0.000000 0.000000 -1.000000 0.000000 0.000000 -1.000000 0.000000 0.000000 -1.000000 0.000000 0.000000 -1.000000 0.000000 0.000000 -1.000000 0.000000 0.000000 -1.000000 0.000000 0.000000 -1.000000 0.000000 0.000000 -1.000000 0.000000 0.000000 -1.000000 0.000000 0.000000 -1.000000 0.000000 0.000000 -1.000000 0.000000 0.000000 -1.000000 0.000000 0.000000 -1.000000 0.000000 0.000000 -1.000000 0.000000 0.000000 -1.000000 0.000000 0.000000 -1.000000 0.000000 0.000000 -1.000000 0.000000 0.000000 -1.000000 0.000000 0.000000 -1.000000 0.000000 0.000000 -1.000000 0.000000 0.000000 -1.000000 0.000000 0.000000 -1.000000 0.000000 0.000000 -1.000000 0.000000 0.000000 -1.000000 0.000000 0.000000 -1.000000 0.000000 0.000000 -1.000000 0.000000 0.000000 -1.000000 0.000000 0.000000 -1.000000 0.000000 0.000000 -1.000000 0.000000 0.000000 -1.000000 0.000000 0.000000 -1.000000 0.000000 0.000000 -1.000000 0.000000 0.000000 -1.000000 0.000000 0.000000 -1.000000 0.000000 0.000000 -1.000000 0.000000 0.000000 -1.000000 0.000000 0.000000 -1.000000 0.000000 0.000000 -1.000000 0.000000 0.000000 -1.000000 0.000000 0.000000 -1.000000 0.000000 0.000000 -1.000000 0.000000 0.000000 -1.000000 0.000000 0.000000 -1.000000 0.000000 0.000000 -1.000000 0.000000 0.000000 -1.000000 0.000000 0.000000 -1.000000</float_array>
          <technique_common>
            <accessor source="#disk_link-mesh-normals-array" count="2124" stride="3">
              <param name="X" type="float"/>
              <param name="Y" type="float"/>
              <param name="Z" type="float"/>
            </accessor>
          </technique_common>
        </source>
        <vertices id="disk_link-mesh-vertices">
          <input semantic="POSITION" source="#disk_link-mesh-positions"/>
        </vertices>
        <triangles material="Recubrimiento_de_polvo__blanco_" count="15">
          <input semantic="VERTEX" source="#disk_link-mesh-vertices" offset="0"/>
          <input semantic="NORMAL" source="#disk_link-mesh-normals" offset="1"/>
          <p>1 0 8 1 0 2 0 2 8 1 13 3 0 2 13 3 16 4 16 4 13 3 15 5 15 5 13 3 14 6 1 0 2 7 8 1 8 1 2 7 3 8 8 1 3 8 4 9 4 9 5 10 8 1 8 1 5 10 6 11 8 1 6 11 7 12 13 3 8 1 12 13 12 13 8 1 9 14 12 13 9 14 11 15 11 15 9 14 10 16</p>
        </triangles>
        <triangles material="Recubrimiento_de_polvo__rojo_" count="1371">
          <input semantic="VERTEX" source="#disk_link-mesh-vertices" offset="0"/>
          <input semantic="NORMAL" source="#disk_link-mesh-normals" offset="1"/>
          <p>9 14 8 1 39 17 39 17 8 1 38 18 38 18 8 1 37 19 37 19 8 1 36 20 36 20 8 1 35 21 35 21 8 1 34 22 34 22 8 1 33 23 33 23 8 1 32 24 32 24 8 1 31 25 31 25 8 1 30 26 30 26 8 1 29 27 29 27 8 1 28 28 28 28 8 1 27 29 27 29 8 1 26 30 26 30 8 1 25 31 25 31 8 1 24 32 24 32 8 1 23 33 23 33 8 1 22 34 22 34 8 1 21 35 21 35 8 1 20 36 20 36 8 1 19 37 19 37 8 1 18 38 18 38 8 1 17 39 17 39 8 1 7 12 14 6 13 3 62 40 62 40 13 3 61 41 61 41 13 3 60 42 60 42 13 3 59 43 59 43 13 3 58 44 58 44 13 3 57 45 57 45 13 3 56 46 56 46 13 3 55 47 55 47 13 3 54 48 54 48 13 3 53 49 53 49 13 3 52 50 52 50 13 3 51 51 51 51 13 3 50 52 50 52 13 3 49 53 49 53 13 3 48 54 48 54 13 3 47 55 47 55 13 3 46 56 46 56 13 3 45 57 45 57 13 3 44 58 44 58 13 3 43 59 43 59 13 3 42 60 42 60 13 3 41 61 41 61 13 3 40 62 40 62 13 3 12 13 360 507 434 508 359 509 359 509 434 508 397 510 359 509 397 510 396 511 396 511 397 510 398 512 396 511 398 512 395 513 395 513 398 512 399 514 395 513 399 514 394 515 394 515 399 514 400 516 394 515 400 516 393 517 393 517 400 516 401 518 393 517 401 518 392 519 392 519 401 518 402 520 392 519 402 520 391 521 391 521 402 520 403 522 391 521 403 522 390 523 390 523 403 522 404 524 390 523 404 524 389 525 389 525 404 524 405 526 389 525 405 526 388 527 388 527 405 526 406 528 388 527 406 528 387 529 387 529 406 528 407 530 387 529 407 530 386 531 386 531 407 530 408 532 386 531 408 532 385 533 385 533 408 532 409 534 385 533 409 534 384 535 384 535 409 534 410 536 384 535 410 536 383 537 383 537 410 536 411 538 383 537 411 538 382 539 382 539 411 538 412 540 382 539 412 540 381 541 381 541 412 540 413 542 381 541 413 542 380 543 380 543 413 542 414 544 380 543 414 544 379 545 379 545 414 544 415 546 379 545 415 546 378 547 378 547 415 546 416 548 378 547 416 548 377 549 377 549 416 548 417 550 377 549 417 550 376 551 376 551 417 550 418 552 376 551 418 552 375 553 375 553 418 552 419 554 375 553 419 554 374 555 374 555 419 554 420 556 374 555 420 556 373 557 373 557 420 556 421 558 373 557 421 558 372 559 372 559 421 558 422 560 372 559 422 560 371 561 371 561 422 560 423 562 371 561 423 562 370 563 370 563 423 562 424 564 370 563 424 564 369 565 369 565 424 564 425 566 369 565 425 566 368 567 368 567 425 566 426 568 368 567 426 568 367 569 367 569 426 568 427 570 367 569 427 570 366 571 366 571 427 570 428 572 366 571 428 572 365 573 365 573 428 572 429 574 365 573 429 574 364 575 364 575 429 574 430 576 364 575 430 576 363 577 363 577 430 576 431 578 363 577 431 578 362 579 362 579 431 578 432 580 362 579 432 580 361 581 361 581 432 580 433 582 361 581 433 582 360 507 360 507 433 582 434 508 436 658 510 659 435 660 435 660 510 659 473 661 435 660 473 661 472 662 472 662 473 661 474 663 472 662 474 663 471 664 471 664 474 663 475 665 471 664 475 665 470 666 470 666 475 665 476 667 470 666 476 667 469 668 469 668 476 667 477 669 469 668 477 669 468 670 468 670 477 669 478 671 468 670 478 671 467 672 467 672 478 671 479 673 467 672 479 673 466 674 466 674 479 673 480 675 466 674 480 675 465 676 465 676 480 675 481 677 465 676 481 677 464 678 464 678 481 677 482 679 464 678 482 679 463 680 463 680 482 679 483 681 463 680 483 681 462 682 462 682 483 681 484 683 462 682 484 683 461 684 461 684 484 683 485 685 461 684 485 685 460 686 460 686 485 685 486 687 460 686 486 687 459 688 459 688 486 687 487 689 459 688 487 689 458 690 458 690 487 689 488 691 458 690 488 691 457 692 457 692 488 691 489 693 457 692 489 693 456 694 456 694 489 693 490 695 456 694 490 695 455 696 455 696 490 695 491 697 455 696 491 697 454 698 454 698 491 697 492 699 454 698 492 699 453 700 453 700 492 699 493 701 453 700 493 701 452 702 452 702 493 701 494 703 452 702 494 703 451 704 451 704 494 703 495 705 451 704 495 705 450 706 450 706 495 705 496 707 450 706 496 707 449 708 449 708 496 707 497 709 449 708 497 709 448 710 448 710 497 709 498 711 448 710 498 711 447 712 447 712 498 711 499 713 447 712 499 713 446 714 446 714 499 713 500 715 446 714 500 715 445 716 445 716 500 715 501 717 445 716 501 717 444 718 444 718 501 717 502 719 444 718 502 719 443 720 443 720 502 719 503 721 443 720 503 721 442 722 442 722 503 721 504 723 442 722 504 723 441 724 441 724 504 723 505 725 441 724 505 725 440 726 440 726 505 725 506 727 440 726 506 727 439 728 439 728 506 727 507 729 439 728 507 729 438 730 438 730 507 729 508 731 438 730 508 731 437 732 437 732 508 731 509 733 437 732 509 733 436 658 436 658 509 733 510 659 512 809 586 810 511 811 511 811 586 810 549 812 511 811 549 812 548 813 548 813 549 812 550 814 548 813 550 814 547 815 547 815 550 814 551 816 547 815 551 816 546 817 546 817 551 816 552 818 546 817 552 818 545 819 545 819 552 818 553 820 545 819 553 820 544 821 544 821 553 820 554 822 544 821 554 822 543 823 543 823 554 822 555 824 543 823 555 824 542 825 542 825 555 824 556 826 542 825 556 826 541 827 541 827 556 826 557 828 541 827 557 828 540 829 540 829 557 828 558 830 540 829 558 830 539 831 539 831 558 830 559 832 539 831 559 832 538 833 538 833 559 832 560 834 538 833 560 834 537 835 537 835 560 834 561 836 537 835 561 836 536 837 536 837 561 836 562 838 536 837 562 838 535 839 535 839 562 838 563 840 535 839 563 840 534 841 534 841 563 840 564 842 534 841 564 842 533 843 533 843 564 842 565 844 533 843 565 844 532 845 532 845 565 844 566 846 532 845 566 846 531 847 531 847 566 846 567 848 531 847 567 848 530 849 530 849 567 848 568 850 530 849 568 850 529 851 529 851 568 850 569 852 529 851 569 852 528 853 528 853 569 852 570 854 528 853 570 854 527 855 527 855 570 854 571 856 527 855 571 856 526 857 526 857 571 856 572 858 526 857 572 858 525 859 525 859 572 858 573 860 525 859 573 860 524 861 524 861 573 860 574 862 524 861 574 862 523 863 523 863 574 862 575 864 523 863 575 864 522 865 522 865 575 864 576 866 522 865 576 866 521 867 521 867 576 866 577 868 521 867 577 868 520 869 520 869 577 868 578 870 520 869 578 870 519 871 519 871 578 870 579 872 519 871 579 872 518 873 518 873 579 872 580 874 518 873 580 874 517 875 517 875 580 874 581 876 517 875 581 876 516 877 516 877 581 876 582 878 516 877 582 878 515 879 515 879 582 878 583 880 515 879 583 880 514 881 514 881 583 880 584 882 514 881 584 882 513 883 513 883 584 882 585 884 513 883 585 884 512 809 512 809 585 884 586 810 588 960 662 961 587 962 587 962 662 961 625 963 587 962 625 963 624 964 624 964 625 963 626 965 624 964 626 965 623 966 623 966 626 965 627 967 623 966 627 967 622 968 622 968 627 967 628 969 622 968 628 969 621 970 621 970 628 969 629 971 621 970 629 971 620 972 620 972 629 971 630 973 620 972 630 973 619 974 619 974 630 973 631 975 619 974 631 975 618 976 618 976 631 975 632 977 618 976 632 977 617 978 617 978 632 977 633 979 617 978 633 979 616 980 616 980 633 979 634 981 616 980 634 981 615 982 615 982 634 981 635 983 615 982 635 983 614 984 614 984 635 983 636 985 614 984 636 985 613 986 613 986 636 985 637 987 613 986 637 987 612 988 612 988 637 987 638 989 612 988 638 989 611 990 611 990 638 989 639 991 611 990 639 991 610 992 610 992 639 991 640 993 610 992 640 993 609 994 609 994 640 993 641 995 609 994 641 995 608 996 608 996 641 995 642 997 608 996 642 997 607 998 607 998 642 997 643 999 607 998 643 999 606 1000 606 1000 643 999 644 1001 606 1000 644 1001 605 1002 605 1002 644 1001 645 1003 605 1002 645 1003 604 1004 604 1004 645 1003 646 1005 604 1004 646 1005 603 1006 603 1006 646 1005 647 1007 603 1006 647 1007 602 1008 602 1008 647 1007 648 1009 602 1008 648 1009 601 1010 601 1010 648 1009 649 1011 601 1010 649 1011 600 1012 600 1012 649 1011 650 1013 600 1012 650 1013 599 1014 599 1014 650 1013 651 1015 599 1014 651 1015 598 1016 598 1016 651 1015 652 1017 598 1016 652 1017 597 1018 597 1018 652 1017 653 1019 597 1018 653 1019 596 1020 596 1020 653 1019 654 1021 596 1020 654 1021 595 1022 595 1022 654 1021 655 1023 595 1022 655 1023 594 1024 594 1024 655 1023 656 1025 594 1024 656 1025 593 1026 593 1026 656 1025 657 1027 593 1026 657 1027 592 1028 592 1028 657 1027 658 1029 592 1028 658 1029 591 1030 591 1030 658 1029 659 1031 591 1030 659 1031 590 1032 590 1032 659 1031 660 1033 590 1032 660 1033 589 1034 589 1034 660 1033 661 1035 589 1034 661 1035 588 960 588 960 661 1035 662 961 664 1111 730 1112 663 1113 663 1113 730 1112 697 1114 663 1113 697 1114 696 1115 696 1115 697 1114 698 1116 696 1115 698 1116 695 1117 695 1117 698 1116 699 1118 695 1117 699 1118 694 1119 694 1119 699 1118 700 1120 694 1119 700 1120 693 1121 693 1121 700 1120 701 1122 693 1121 701 1122 692 1123 692 1123 701 1122 702 1124 692 1123 702 1124 691 1125 691 1125 702 1124 703 1126 691 1125 703 1126 690 1127 690 1127 703 1126 704 1128 690 1127 704 1128 689 1129 689 1129 704 1128 705 1130 689 1129 705 1130 688 1131 688 1131 705 1130 706 1132 688 1131 706 1132 687 1133 687 1133 706 1132 707 1134 687 1133 707 1134 686 1135 686 1135 707 1134 708 1136 686 1135 708 1136 685 1137 685 1137 708 1136 709 1138 685 1137 709 1138 684 1139 684 1139 709 1138 710 1140 684 1139 710 1140 683 1141 683 1141 710 1140 711 1142 683 1141 711 1142 682 1143 682 1143 711 1142 712 1144 682 1143 712 1144 681 1145 681 1145 712 1144 713 1146 681 1145 713 1146 680 1147 680 1147 713 1146 714 1148 680 1147 714 1148 679 1149 679 1149 714 1148 715 1150 679 1149 715 1150 678 1151 678 1151 715 1150 716 1152 678 1151 716 1152 677 1153 677 1153 716 1152 717 1154 677 1153 717 1154 676 1155 676 1155 717 1154 718 1156 676 1155 718 1156 675 1157 675 1157 718 1156 719 1158 675 1157 719 1158 674 1159 674 1159 719 1158 720 1160 674 1159 720 1160 673 1161 673 1161 720 1160 721 1162 673 1161 721 1162 672 1163 672 1163 721 1162 722 1164 672 1163 722 1164 671 1165 671 1165 722 1164 723 1166 671 1165 723 1166 670 1167 670 1167 723 1166 724 1168 670 1167 724 1168 669 1169 669 1169 724 1168 725 1170 669 1169 725 1170 668 1171 668 1171 725 1170 726 1172 668 1171 726 1172 667 1173 667 1173 726 1172 727 1174 667 1173 727 1174 666 1175 666 1175 727 1174 728 1176 666 1175 728 1176 665 1177 665 1177 728 1176 729 1178 665 1177 729 1178 664 1111 664 1111 729 1178 730 1112 730 1179 715 1180 697 1181 697 1181 715 1180 714 1182 697 1181 714 1182 698 1183 698 1183 714 1182 713 1184 698 1183 713 1184 699 1185 699 1185 713 1184 712 1186 699 1185 712 1186 700 1187 700 1187 712 1186 711 1188 700 1187 711 1188 701 1189 701 1189 711 1188 710 1190 701 1189 710 1190 702 1191 702 1191 710 1190 709 1192 702 1191 709 1192 703 1193 703 1193 709 1192 708 1194 703 1193 708 1194 704 1195 704 1195 708 1194 707 1196 704 1195 707 1196 705 1197 705 1197 707 1196 706 1198 715 1180 730 1179 716 1199 716 1199 730 1179 729 1200 716 1199 729 1200 717 1201 717 1201 729 1200 728 1202 717 1201 728 1202 718 1203 718 1203 728 1202 727 1204 718 1203 727 1204 719 1205 719 1205 727 1204 726 1206 719 1205 726 1206 720 1207 720 1207 726 1206 725 1208 720 1207 725 1208 721 1209 721 1209 725 1208 724 1210 721 1209 724 1210 722 1211 722 1211 724 1210 723 1212 732 1213 768 1214 731 1215 731 1215 768 1214 769 1216 731 1215 769 1216 767 1217 767 1217 769 1216 770 1218 767 1217 770 1218 766 1219 766 1219 770 1218 771 1220 766 1219 771 1220 765 1221 765 1221 771 1220 772 1222 765 1221 772 1222 764 1223 764 1223 772 1222 773 1224 764 1223 773 1224 763 1225 763 1225 773 1224 774 1226 763 1225 774 1226 762 1227 762 1227 774 1226 775 1228 762 1227 775 1228 761 1229 761 1229 775 1228 776 1230 761 1229 776 1230 760 1231 760 1231 776 1230 777 1232 760 1231 777 1232 759 1233 759 1233 777 1232 778 1234 759 1233 778 1234 758 1235 758 1235 778 1234 779 1236 758 1235 779 1236 757 1237 757 1237 779 1236 780 1238 757 1237 780 1238 756 1239 756 1239 780 1238 781 1240 756 1239 781 1240 755 1241 755 1241 781 1240 782 1242 755 1241 782 1242 754 1243 754 1243 782 1242 783 1244 754 1243 783 1244 753 1245 753 1245 783 1244 784 1246 753 1245 784 1246 752 1247 752 1247 784 1246 785 1248 752 1247 785 1248 751 1249 751 1249 785 1248 786 1250 751 1249 786 1250 750 1251 750 1251 786 1250 787 1252 750 1251 787 1252 749 1253 749 1253 787 1252 788 1254 749 1253 788 1254 748 1255 748 1255 788 1254 789 1256 748 1255 789 1256 747 1257 747 1257 789 1256 790 1258 747 1257 790 1258 746 1259 746 1259 790 1258 791 1260 746 1259 791 1260 745 1261 745 1261 791 1260 792 1262 745 1261 792 1262 744 1263 744 1263 792 1262 793 1264 744 1263 793 1264 743 1265 743 1265 793 1264 794 1266 743 1265 794 1266 742 1267 742 1267 794 1266 795 1268 742 1267 795 1268 741 1269 741 1269 795 1268 796 1270 741 1269 796 1270 740 1271 740 1271 796 1270 797 1272 740 1271 797 1272 739 1273 739 1273 797 1272 798 1274 739 1273 798 1274 738 1275 738 1275 798 1274 799 1276 738 1275 799 1276 737 1277 737 1277 799 1276 800 1278 737 1277 800 1278 736 1279 736 1279 800 1278 801 1280 736 1279 801 1280 735 1281 735 1281 801 1280 802 1282 735 1281 802 1282 734 1283 734 1283 802 1282 803 1284 734 1283 803 1284 733 1285 733 1285 803 1284 804 1286 733 1285 804 1286 732 1213 732 1213 804 1286 768 1214 696 1287 769 1288 663 1289 663 1289 769 1288 768 1290 663 1289 768 1290 804 1291 769 1288 696 1287 770 1292 770 1292 696 1287 695 1293 770 1292 695 1293 771 1294 771 1294 695 1293 694 1295 771 1294 694 1295 772 1296 772 1296 694 1295 693 1297 772 1296 693 1297 773 1298 773 1298 693 1297 692 1299 773 1298 692 1299 774 1300 774 1300 692 1299 691 1301 774 1300 691 1301 775 1302 775 1302 691 1301 690 1303 775 1302 690 1303 776 1304 776 1304 690 1303 689 1305 776 1304 689 1305 777 1306 777 1306 689 1305 688 1307 777 1306 688 1307 778 1308 778 1308 688 1307 687 1309 778 1308 687 1309 779 1310 779 1310 687 1309 780 1311 780 1311 687 1309 686 1312 780 1311 686 1312 781 1313 781 1313 686 1312 685 1314 781 1313 685 1314 782 1315 782 1315 685 1314 684 1316 782 1315 684 1316 783 1317 783 1317 684 1316 683 1318 783 1317 683 1318 784 1319 784 1319 683 1318 682 1320 784 1319 682 1320 785 1321 785 1321 682 1320 681 1322 785 1321 681 1322 786 1323 786 1323 681 1322 680 1324 786 1323 680 1324 787 1325 787 1325 680 1324 679 1326 787 1325 679 1326 788 1327 788 1327 679 1326 678 1328 788 1327 678 1328 789 1329 789 1329 678 1328 677 1330 789 1329 677 1330 790 1331 790 1331 677 1330 676 1332 790 1331 676 1332 791 1333 791 1333 676 1332 675 1334 791 1333 675 1334 792 1335 792 1335 675 1334 674 1336 792 1335 674 1336 793 1337 793 1337 674 1336 673 1338 793 1337 673 1338 794 1339 794 1339 673 1338 795 1340 795 1340 673 1338 672 1341 795 1340 672 1341 796 1342 796 1342 672 1341 671 1343 796 1342 671 1343 797 1344 797 1344 671 1343 670 1345 797 1344 670 1345 798 1346 798 1346 670 1345 669 1347 798 1346 669 1347 799 1348 799 1348 669 1347 668 1349 799 1348 668 1349 800 1350 800 1350 668 1349 667 1351 800 1350 667 1351 801 1352 801 1352 667 1351 666 1353 801 1352 666 1353 802 1354 802 1354 666 1353 665 1355 802 1354 665 1355 803 1356 803 1356 665 1355 664 1357 803 1356 664 1357 804 1291 804 1291 664 1357 663 1289 806 1358 7 1359 805 1360 805 1360 7 1359 6 1361 805 1360 6 1361 5 1362 7 1359 806 1358 17 1363 17 1363 806 1358 807 1364 17 1363 807 1364 18 1365 18 1365 807 1364 808 1366 18 1365 808 1366 19 1367 19 1367 808 1366 809 1368 19 1367 809 1368 20 1369 20 1369 809 1368 810 1370 20 1369 810 1370 21 1371 21 1371 810 1370 811 1372 21 1371 811 1372 22 1373 22 1373 811 1372 812 1374 22 1373 812 1374 23 1375 23 1375 812 1374 813 1376 23 1375 813 1376 24 1377 24 1377 813 1376 814 1378 24 1377 814 1378 25 1379 25 1379 814 1378 815 1380 25 1379 815 1380 816 1381 25 1379 816 1381 26 1382 26 1382 816 1381 817 1383 26 1382 817 1383 27 1384 27 1384 817 1383 818 1385 27 1384 818 1385 28 1386 28 1386 818 1385 819 1387 28 1386 819 1387 29 1388 29 1388 819 1387 820 1389 29 1388 820 1389 30 1390 30 1390 820 1389 821 1391 30 1390 821 1391 31 1392 31 1392 821 1391 822 1393 31 1392 822 1393 32 1394 32 1394 822 1393 823 1395 32 1394 823 1395 33 1396 33 1396 823 1395 824 1397 33 1396 824 1397 34 1398 34 1398 824 1397 825 1399 34 1398 825 1399 35 1400 35 1400 825 1399 826 1401 35 1400 826 1401 36 1402 36 1402 826 1401 827 1403 36 1402 827 1403 37 1404 37 1404 827 1403 828 1405 37 1404 828 1405 38 1406 38 1406 828 1405 829 1407 38 1406 829 1407 39 1408 39 1408 829 1407 830 1409 39 1408 830 1409 831 1410 832 1411 12 1412 831 1410 831 1410 12 1412 11 1413 831 1410 11 1413 10 1414 12 1412 832 1411 40 1415 40 1415 832 1411 833 1416 40 1415 833 1416 41 1417 41 1417 833 1416 834 1418 41 1417 834 1418 42 1419 42 1419 834 1418 835 1420 42 1419 835 1420 43 1421 43 1421 835 1420 836 1422 43 1421 836 1422 44 1423 44 1423 836 1422 837 1424 44 1423 837 1424 45 1425 45 1425 837 1424 838 1426 45 1425 838 1426 46 1427 46 1427 838 1426 839 1428 46 1427 839 1428 47 1429 47 1429 839 1428 840 1430 47 1429 840 1430 841 1431 47 1429 841 1431 48 1432 48 1432 841 1431 842 1433 48 1432 842 1433 49 1434 49 1434 842 1433 843 1435 49 1434 843 1435 50 1436 50 1436 843 1435 844 1437 50 1436 844 1437 51 1438 51 1438 844 1437 845 1439 51 1438 845 1439 52 1440 52 1440 845 1439 846 1441 52 1440 846 1441 53 1442 53 1442 846 1441 847 1443 53 1442 847 1443 54 1444 54 1444 847 1443 848 1445 54 1444 848 1445 55 1446 55 1446 848 1445 849 1447 55 1446 849 1447 56 1448 56 1448 849 1447 850 1449 56 1448 850 1449 57 1450 57 1450 850 1449 851 1451 57 1450 851 1451 58 1452 58 1452 851 1451 852 1453 58 1452 852 1453 59 1454 59 1454 852 1453 853 1455 59 1454 853 1455 60 1456 60 1456 853 1455 854 1457 60 1456 854 1457 61 1458 61 1458 854 1457 855 1459 61 1458 855 1459 856 1460 61 1458 856 1460 62 1461 62 1461 856 1460 857 1462 62 1461 857 1462 14 1463 14 1463 857 1462 15 1464 15 1464 857 1462 16 1465 16 1465 857 1462 0 1466 0 1466 857 1462 858 1467 0 1466 858 1467 957 1468 957 1468 858 1467 859 1469 957 1468 859 1469 956 1470 956 1470 859 1469 860 1471 956 1470 860 1471 955 1472 955 1472 860 1471 861 1473 955 1472 861 1473 954 1474 954 1474 861 1473 862 1475 954 1474 862 1475 953 1476 953 1476 862 1475 863 1477 953 1476 863 1477 952 1478 952 1478 863 1477 864 1479 952 1478 864 1479 951 1480 951 1480 864 1479 865 1481 951 1480 865 1481 866 1482 951 1480 866 1482 950 1483 950 1483 866 1482 867 1484 950 1483 867 1484 949 1485 949 1485 867 1484 868 1486 949 1485 868 1486 948 1487 948 1487 868 1486 869 1488 948 1487 869 1488 947 1489 947 1489 869 1488 870 1490 947 1489 870 1490 946 1491 946 1491 870 1490 871 1492 946 1491 871 1492 945 1493 945 1493 871 1492 872 1494 945 1493 872 1494 944 1495 944 1495 872 1494 873 1496 944 1495 873 1496 943 1497 943 1497 873 1496 874 1498 943 1497 874 1498 942 1499 942 1499 874 1498 875 1500 942 1499 875 1500 941 1501 941 1501 875 1500 876 1502 941 1501 876 1502 940 1503 940 1503 876 1502 877 1504 940 1503 877 1504 939 1505 939 1505 877 1504 878 1506 939 1505 878 1506 938 1507 938 1507 878 1506 879 1508 938 1507 879 1508 937 1509 937 1509 879 1508 880 1510 937 1509 880 1510 881 1511 937 1509 881 1511 936 1512 936 1512 881 1511 882 1513 936 1512 882 1513 935 1514 935 1514 882 1513 883 1515 935 1514 883 1515 934 1516 934 1516 883 1515 884 1517 934 1516 884 1517 933 1518 933 1518 884 1517 885 1519 933 1518 885 1519 932 1520 932 1520 885 1519 886 1521 932 1520 886 1521 931 1522 931 1522 886 1521 887 1523 931 1522 887 1523 930 1524 930 1524 887 1523 888 1525 930 1524 888 1525 929 1526 929 1526 888 1525 889 1527 929 1526 889 1527 928 1528 928 1528 889 1527 890 1529 928 1528 890 1529 927 1530 927 1530 890 1529 891 1531 927 1530 891 1531 926 1532 926 1532 891 1531 892 1533 926 1532 892 1533 925 1534 925 1534 892 1533 893 1535 925 1534 893 1535 924 1536 924 1536 893 1535 894 1537 924 1536 894 1537 923 1538 923 1538 894 1537 895 1539 923 1538 895 1539 896 1540 923 1538 896 1540 922 1541 922 1541 896 1540 897 1542 922 1541 897 1542 921 1543 921 1543 897 1542 898 1544 921 1543 898 1544 920 1545 920 1545 898 1544 899 1546 920 1545 899 1546 919 1547 919 1547 899 1546 900 1548 919 1547 900 1548 918 1549 918 1549 900 1548 901 1550 918 1549 901 1550 917 1551 917 1551 901 1550 902 1552 917 1551 902 1552 916 1553 916 1553 902 1552 903 1554 916 1553 903 1554 915 1555 915 1555 903 1554 904 1556 915 1555 904 1556 914 1557 914 1557 904 1556 905 1558 914 1557 905 1558 913 1559 913 1559 905 1558 906 1560 913 1559 906 1560 912 1561 912 1561 906 1560 907 1562 912 1561 907 1562 911 1563 911 1563 907 1562 908 1564 911 1563 908 1564 910 1565 910 1565 908 1564 909 1566 910 1565 909 1566 1 1567 1 1567 909 1566 805 1360 1 1567 805 1360 2 1568 2 1568 805 1360 3 1569 3 1569 805 1360 4 1570 4 1570 805 1360 5 1362 10 1414 9 1571 831 1410 831 1410 9 1571 39 1408 959 1572 805 1573 958 1574 958 1574 805 1573 909 1575 958 1574 909 1575 1062 1576 1062 1576 909 1575 908 1577 1062 1576 908 1577 1061 1578 1061 1578 908 1577 907 1579 1061 1578 907 1579 1060 1580 1060 1580 907 1579 906 1581 1060 1580 906 1581 1059 1582 1059 1582 906 1581 905 1583 1059 1582 905 1583 1058 1584 1058 1584 905 1583 904 1585 1058 1584 904 1585 1057 1586 1057 1586 904 1585 903 1587 1057 1586 903 1587 1056 1588 1056 1588 903 1587 902 1589 1056 1588 902 1589 1055 1590 1055 1590 902 1589 901 1591 1055 1590 901 1591 1054 1592 1054 1592 901 1591 900 1593 1054 1592 900 1593 1053 1594 1053 1594 900 1593 899 1595 1053 1594 899 1595 1052 1596 1052 1596 899 1595 898 1597 1052 1596 898 1597 1051 1598 1051 1598 898 1597 897 1599 1051 1598 897 1599 1050 1600 1050 1600 897 1599 896 1601 1050 1600 896 1601 1049 1602 1049 1602 896 1601 895 1603 1049 1602 895 1603 1048 1604 1048 1604 895 1603 894 1605 1048 1604 894 1605 1047 1606 1047 1606 894 1605 893 1607 1047 1606 893 1607 1046 1608 1046 1608 893 1607 892 1609 1046 1608 892 1609 1045 1610 1045 1610 892 1609 891 1611 1045 1610 891 1611 1044 1612 1044 1612 891 1611 890 1613 1044 1612 890 1613 1043 1614 1043 1614 890 1613 889 1615 1043 1614 889 1615 1042 1616 1042 1616 889 1615 888 1617 1042 1616 888 1617 1041 1618 1041 1618 888 1617 887 1619 1041 1618 887 1619 1040 1620 1040 1620 887 1619 886 1621 1040 1620 886 1621 1039 1622 1039 1622 886 1621 885 1623 1039 1622 885 1623 1038 1624 1038 1624 885 1623 884 1625 1038 1624 884 1625 1037 1626 1037 1626 884 1625 883 1627 1037 1626 883 1627 1036 1628 1036 1628 883 1627 882 1629 1036 1628 882 1629 1035 1630 1035 1630 882 1629 881 1631 1035 1630 881 1631 1034 1632 1034 1632 881 1631 880 1633 1034 1632 880 1633 1033 1634 1033 1634 880 1633 879 1635 1033 1634 879 1635 1032 1636 1032 1636 879 1635 878 1637 1032 1636 878 1637 1031 1638 1031 1638 878 1637 877 1639 1031 1638 877 1639 1030 1640 1030 1640 877 1639 876 1641 1030 1640 876 1641 1029 1642 1029 1642 876 1641 875 1643 1029 1642 875 1643 1028 1644 1028 1644 875 1643 874 1645 1028 1644 874 1645 1027 1646 1027 1646 874 1645 873 1647 1027 1646 873 1647 1026 1648 1026 1648 873 1647 872 1649 1026 1648 872 1649 1025 1650 1025 1650 872 1649 871 1651 1025 1650 871 1651 1024 1652 1024 1652 871 1651 870 1653 1024 1652 870 1653 1023 1654 1023 1654 870 1653 869 1655 1023 1654 869 1655 1022 1656 1022 1656 869 1655 868 1657 1022 1656 868 1657 1021 1658 1021 1658 868 1657 867 1659 1021 1658 867 1659 1020 1660 1020 1660 867 1659 866 1661 1020 1660 866 1661 1019 1662 1019 1662 866 1661 865 1663 1019 1662 865 1663 1018 1664 1018 1664 865 1663 864 1665 1018 1664 864 1665 1017 1666 1017 1666 864 1665 863 1667 1017 1666 863 1667 1016 1668 1016 1668 863 1667 862 1669 1016 1668 862 1669 1015 1670 1015 1670 862 1669 861 1671 1015 1670 861 1671 1014 1672 1014 1672 861 1671 860 1673 1014 1672 860 1673 1013 1674 1013 1674 860 1673 859 1675 1013 1674 859 1675 1012 1676 1012 1676 859 1675 858 1677 1012 1676 858 1677 1011 1678 1011 1678 858 1677 857 1679 1011 1678 857 1679 1010 1680 1010 1680 857 1679 856 1681 1010 1680 856 1681 1009 1682 1009 1682 856 1681 855 1683 1009 1682 855 1683 1008 1684 1008 1684 855 1683 854 1685 1008 1684 854 1685 1007 1686 1007 1686 854 1685 853 1687 1007 1686 853 1687 1006 1688 1006 1688 853 1687 852 1689 1006 1688 852 1689 1005 1690 1005 1690 852 1689 851 1691 1005 1690 851 1691 1004 1692 1004 1692 851 1691 850 1693 1004 1692 850 1693 1003 1694 1003 1694 850 1693 849 1695 1003 1694 849 1695 1002 1696 1002 1696 849 1695 848 1697 1002 1696 848 1697 1001 1698 1001 1698 848 1697 847 1699 1001 1698 847 1699 1000 1700 1000 1700 847 1699 846 1701 1000 1700 846 1701 999 1702 999 1702 846 1701 845 1703 999 1702 845 1703 998 1704 998 1704 845 1703 844 1705 998 1704 844 1705 997 1706 997 1706 844 1705 843 1707 997 1706 843 1707 996 1708 996 1708 843 1707 842 1709 996 1708 842 1709 995 1710 995 1710 842 1709 841 1711 995 1710 841 1711 994 1712 994 1712 841 1711 840 1713 994 1712 840 1713 993 1714 993 1714 840 1713 839 1715 993 1714 839 1715 992 1716 992 1716 839 1715 838 1717 992 1716 838 1717 991 1718 991 1718 838 1717 837 1719 991 1718 837 1719 990 1720 990 1720 837 1719 836 1721 990 1720 836 1721 989 1722 989 1722 836 1721 835 1723 989 1722 835 1723 988 1724 988 1724 835 1723 834 1725 988 1724 834 1725 987 1726 987 1726 834 1725 833 1727 987 1726 833 1727 986 1728 986 1728 833 1727 832 1729 986 1728 832 1729 985 1730 985 1730 832 1729 831 1731 985 1730 831 1731 984 1732 984 1732 831 1731 830 1733 984 1732 830 1733 983 1734 983 1734 830 1733 829 1735 983 1734 829 1735 982 1736 982 1736 829 1735 828 1737 982 1736 828 1737 981 1738 981 1738 828 1737 827 1739 981 1738 827 1739 980 1740 980 1740 827 1739 826 1741 980 1740 826 1741 979 1742 979 1742 826 1741 825 1743 979 1742 825 1743 978 1744 978 1744 825 1743 824 1745 978 1744 824 1745 977 1746 977 1746 824 1745 823 1747 977 1746 823 1747 976 1748 976 1748 823 1747 822 1749 976 1748 822 1749 975 1750 975 1750 822 1749 821 1751 975 1750 821 1751 974 1752 974 1752 821 1751 820 1753 974 1752 820 1753 973 1754 973 1754 820 1753 819 1755 973 1754 819 1755 972 1756 972 1756 819 1755 818 1757 972 1756 818 1757 971 1758 971 1758 818 1757 817 1759 971 1758 817 1759 970 1760 970 1760 817 1759 816 1761 970 1760 816 1761 969 1762 969 1762 816 1761 815 1763 969 1762 815 1763 968 1764 968 1764 815 1763 814 1765 968 1764 814 1765 967 1766 967 1766 814 1765 813 1767 967 1766 813 1767 966 1768 966 1768 813 1767 812 1769 966 1768 812 1769 965 1770 965 1770 812 1769 811 1771 965 1770 811 1771 964 1772 964 1772 811 1771 810 1773 964 1772 810 1773 963 1774 963 1774 810 1773 809 1775 963 1774 809 1775 962 1776 962 1776 809 1775 808 1777 962 1776 808 1777 961 1778 961 1778 808 1777 807 1779 961 1778 807 1779 960 1780 960 1780 807 1779 806 1781 960 1780 806 1781 959 1572 959 1572 806 1781 805 1573 1 0 0 2 910 1782 910 1782 0 2 957 1783 910 1782 957 1783 911 1784 911 1784 957 1783 956 1785 911 1784 956 1785 912 1786 912 1786 956 1785 955 1787 912 1786 955 1787 913 1788 913 1788 955 1787 954 1789 913 1788 954 1789 914 1790 914 1790 954 1789 953 1791 914 1790 953 1791 915 1792 915 1792 953 1791 952 1793 915 1792 952 1793 916 1794 916 1794 952 1793 951 1795 916 1794 951 1795 917 1796 917 1796 951 1795 950 1797 917 1796 950 1797 918 1798 918 1798 950 1797 949 1799 918 1798 949 1799 919 1800 919 1800 949 1799 948 1801 919 1800 948 1801 920 1802 920 1802 948 1801 947 1803 920 1802 947 1803 921 1804 921 1804 947 1803 946 1805 921 1804 946 1805 922 1806 922 1806 946 1805 945 1807 922 1806 945 1807 923 1808 923 1808 945 1807 944 1809 923 1808 944 1809 924 1810 924 1810 944 1809 943 1811 924 1810 943 1811 925 1812 925 1812 943 1811 942 1813 925 1812 942 1813 926 1814 926 1814 942 1813 941 1815 926 1814 941 1815 927 1816 927 1816 941 1815 940 1817 927 1816 940 1817 928 1818 928 1818 940 1817 939 1819 928 1818 939 1819 929 1820 929 1820 939 1819 938 1821 929 1820 938 1821 930 1822 930 1822 938 1821 937 1823 930 1822 937 1823 931 1824 931 1824 937 1823 936 1825 931 1824 936 1825 932 1826 932 1826 936 1825 935 1827 932 1826 935 1827 933 1828 933 1828 935 1827 934 1829 959 1830 958 1831 492 1832 492 1832 958 1831 1062 1833 492 1832 1062 1833 493 1834 493 1834 1062 1833 1061 1835 493 1834 1061 1835 494 1836 494 1836 1061 1835 1060 1837 494 1836 1060 1837 1059 1838 494 1836 1059 1838 495 1839 495 1839 1059 1838 1058 1840 495 1839 1058 1840 1057 1841 495 1839 1057 1841 496 1842 496 1842 1057 1841 1056 1843 496 1842 1056 1843 1055 1844 496 1842 1055 1844 497 1845 497 1845 1055 1844 1054 1846 497 1845 1054 1846 1053 1847 497 1845 1053 1847 498 1848 498 1848 1053 1847 1052 1849 498 1848 1052 1849 499 1850 499 1850 1052 1849 1051 1851 499 1850 1051 1851 1050 1852 499 1850 1050 1852 646 1853 646 1853 1050 1852 1049 1854 646 1853 1049 1854 647 1855 647 1855 1049 1854 1048 1856 647 1855 1048 1856 1047 1857 647 1855 1047 1857 648 1858 648 1858 1047 1857 1046 1859 648 1858 1046 1859 1045 1860 648 1858 1045 1860 649 1861 649 1861 1045 1860 1044 1862 649 1861 1044 1862 650 1863 650 1863 1044 1862 1043 1864 650 1863 1043 1864 1042 1865 650 1863 1042 1865 651 1866 651 1866 1042 1865 1041 1867 651 1866 1041 1867 1040 1868 651 1866 1040 1868 652 1869 652 1869 1040 1868 1039 1870 652 1869 1039 1870 1038 1871 652 1869 1038 1871 653 1872 653 1872 1038 1871 1037 1873 653 1872 1037 1873 1036 1874 1036 1874 1035 1875 653 1872 653 1872 1035 1875 1034 1876 653 1872 1034 1876 1033 1877 1033 1877 1032 1878 653 1872 653 1872 1032 1878 1031 1879 653 1872 1031 1879 1030 1880 1030 1880 1029 1881 653 1872 653 1872 1029 1881 1028 1882 653 1872 1028 1882 1027 1883 1027 1883 1026 1884 653 1872 653 1872 1026 1884 1025 1885 653 1872 1025 1885 1024 1886 1024 1886 1023 1887 653 1872 653 1872 1023 1887 1022 1888 653 1872 1022 1888 1021 1889 1021 1889 1020 1890 653 1872 653 1872 1020 1890 1019 1891 653 1872 1019 1891 1018 1892 1017 1893 625 1894 1018 1892 1018 1892 625 1894 662 1895 1018 1892 662 1895 661 1896 625 1894 1017 1893 626 1897 626 1897 1017 1893 1016 1898 626 1897 1016 1898 1015 1899 626 1897 1015 1899 627 1900 627 1900 1015 1899 1014 1901 627 1900 1014 1901 1013 1902 1012 1903 586 1904 1013 1902 1013 1902 586 1904 585 1905 1013 1902 585 1905 584 1906 1012 1903 1011 1907 586 1904 586 1904 1011 1907 549 1908 549 1908 1011 1907 1010 1909 549 1908 1010 1909 550 1910 550 1910 1010 1909 1009 1911 550 1910 1009 1911 1008 1912 550 1910 1008 1912 551 1913 551 1913 1008 1912 1007 1914 551 1913 1007 1914 552 1915 552 1915 1007 1914 553 1916 553 1916 1007 1914 554 1917 554 1917 1007 1914 555 1918 555 1918 1007 1914 556 1919 556 1919 1007 1914 1006 1920 556 1919 1006 1920 1005 1921 1005 1921 1004 1922 556 1919 556 1919 1004 1922 1003 1923 556 1919 1003 1923 1002 1924 1002 1924 1001 1925 556 1919 556 1919 1001 1925 1000 1926 556 1919 1000 1926 999 1927 999 1927 998 1928 556 1919 556 1919 998 1928 997 1929 556 1919 997 1929 399 1930 399 1930 997 1929 400 1931 400 1931 997 1929 996 1932 400 1931 996 1932 995 1933 400 1931 995 1933 401 1934 401 1934 995 1933 994 1935 401 1934 994 1935 993 1936 401 1934 993 1936 402 1937 402 1937 993 1936 992 1938 402 1937 992 1938 991 1939 402 1937 991 1939 403 1940 403 1940 991 1939 990 1941 403 1940 990 1941 989 1942 403 1940 989 1942 404 1943 404 1943 989 1942 988 1944 404 1943 988 1944 405 1945 405 1945 988 1944 987 1946 405 1945 987 1946 986 1947 405 1945 986 1947 406 1948 406 1948 986 1947 985 1949 406 1948 985 1949 984 1950 406 1948 984 1950 407 1951 407 1951 984 1950 983 1952 407 1951 983 1952 408 1953 408 1953 983 1952 982 1954 408 1953 982 1954 981 1955 408 1953 981 1955 409 1956 409 1956 981 1955 980 1957 409 1956 980 1957 979 1958 409 1956 979 1958 410 1959 410 1959 979 1958 978 1960 410 1959 978 1960 977 1961 410 1959 977 1961 411 1962 411 1962 977 1961 976 1963 411 1962 976 1963 412 1964 412 1964 976 1963 975 1965 412 1964 975 1965 974 1966 412 1964 974 1966 413 1967 413 1967 974 1966 973 1968 413 1967 973 1968 972 1969 413 1967 972 1969 414 1970 414 1970 972 1969 971 1971 414 1970 971 1971 485 1972 485 1972 971 1971 970 1973 485 1972 970 1973 969 1974 485 1972 969 1974 486 1975 486 1975 969 1974 968 1976 486 1975 968 1976 487 1977 487 1977 968 1976 967 1978 487 1977 967 1978 966 1979 487 1977 966 1979 488 1980 488 1980 966 1979 965 1981 488 1980 965 1981 964 1982 488 1980 964 1982 489 1983 489 1983 964 1982 963 1984 489 1983 963 1984 962 1985 489 1983 962 1985 490 1986 490 1986 962 1985 961 1987 490 1986 961 1987 960 1988 490 1986 960 1988 491 1989 491 1989 960 1988 959 1830 491 1989 959 1830 492 1832 767 1990 569 1991 731 1992 731 1992 569 1991 568 1993 731 1992 568 1993 567 1994 767 1990 766 1995 569 1991 569 1991 766 1995 570 1996 570 1996 766 1995 765 1997 570 1996 765 1997 571 1998 571 1998 765 1997 764 1999 571 1998 764 1999 572 2000 572 2000 764 1999 763 2001 572 2000 763 2001 573 2002 573 2002 763 2001 762 2003 573 2002 762 2003 574 2004 574 2004 762 2003 761 2005 574 2004 761 2005 575 2006 575 2006 761 2005 760 2007 575 2006 760 2007 576 2008 576 2008 760 2007 759 2009 576 2008 759 2009 577 2010 577 2010 759 2009 502 2011 577 2010 502 2011 1013 1902 1013 1902 502 2011 501 2012 1013 1902 501 2012 634 2013 634 2013 501 2012 635 2014 635 2014 501 2012 636 2015 636 2015 501 2012 637 2016 637 2016 501 2012 638 2017 638 2017 501 2012 639 2018 639 2018 501 2012 640 2019 640 2019 501 2012 641 2020 641 2020 501 2012 642 2021 642 2021 501 2012 643 2022 643 2022 501 2012 644 2023 644 2023 501 2012 645 2024 645 2024 501 2012 500 2025 645 2024 500 2025 646 1853 646 1853 500 2025 499 1850 759 2009 758 2026 502 2011 502 2011 758 2026 503 2027 503 2027 758 2026 757 2028 503 2027 757 2028 504 2029 504 2029 757 2028 756 2030 504 2029 756 2030 505 2031 505 2031 756 2030 755 2032 505 2031 755 2032 506 2033 506 2033 755 2032 754 2034 506 2033 754 2034 507 2035 507 2035 754 2034 753 2036 507 2035 753 2036 508 2037 508 2037 753 2036 752 2038 508 2037 752 2038 509 2039 509 2039 752 2038 751 2040 509 2039 751 2040 510 2041 510 2041 751 2040 750 2042 510 2041 750 2042 473 2043 473 2043 750 2042 749 2044 473 2043 749 2044 474 2045 474 2045 749 2044 748 2046 474 2045 748 2046 475 2047 475 2047 748 2046 747 2048 475 2047 747 2048 476 2049 476 2049 747 2048 746 2050 476 2049 746 2050 477 2051 477 2051 746 2050 745 2052 477 2051 745 2052 478 2053 478 2053 745 2052 421 2054 478 2053 421 2054 420 2055 745 2052 744 2056 421 2054 421 2054 744 2056 422 2057 422 2057 744 2056 743 2058 422 2057 743 2058 423 2059 423 2059 743 2058 742 2060 423 2059 742 2060 424 2061 424 2061 742 2060 741 2062 424 2061 741 2062 425 2063 425 2063 741 2062 740 2064 425 2063 740 2064 426 2065 426 2065 740 2064 739 2066 426 2065 739 2066 738 2067 738 2067 737 2068 426 2065 426 2065 737 2068 562 2069 426 2065 562 2069 561 2070 562 2069 737 2068 563 2071 563 2071 737 2068 736 2072 563 2071 736 2072 564 2073 564 2073 736 2072 735 2074 564 2073 735 2074 565 2075 565 2075 735 2074 734 2076 565 2075 734 2076 566 2077 566 2077 734 2076 733 2078 566 2077 733 2078 567 1994 567 1994 733 2078 732 2079 567 1994 732 2079 731 1992 661 1896 660 2080 1018 1892 1018 1892 660 2080 659 2081 1018 1892 659 2081 658 2082 658 2082 657 2083 1018 1892 1018 1892 657 2083 656 2084 1018 1892 656 2084 655 2085 655 2085 654 2086 1018 1892 1018 1892 654 2086 653 1872 634 2013 633 2087 1013 1902 1013 1902 633 2087 632 2088 1013 1902 632 2088 631 2089 631 2089 630 2090 1013 1902 1013 1902 630 2090 629 2091 1013 1902 629 2091 628 2092 628 2092 627 1900 1013 1902 584 1906 583 2093 1013 1902 1013 1902 583 2093 582 2094 1013 1902 582 2094 581 2095 581 2095 580 2096 1013 1902 1013 1902 580 2096 579 2097 1013 1902 579 2097 578 2098 578 2098 577 2010 1013 1902 561 2070 560 2099 426 2065 426 2065 560 2099 559 2100 426 2065 559 2100 558 2101 557 2102 430 2103 558 2101 558 2101 430 2103 429 2104 558 2101 429 2104 428 2105 556 1919 433 2106 557 2102 557 2102 433 2106 432 2107 557 2102 432 2107 431 2108 485 1972 484 2109 414 1970 414 1970 484 2109 415 2110 415 2110 484 2109 483 2111 415 2110 483 2111 416 2112 416 2112 483 2111 482 2113 416 2112 482 2113 417 2114 417 2114 482 2113 481 2115 417 2114 481 2115 418 2116 418 2116 481 2115 480 2117 418 2116 480 2117 419 2118 419 2118 480 2117 479 2119 419 2118 479 2119 420 2055 420 2055 479 2119 478 2053 398 2120 397 2121 556 1919 556 1919 397 2121 434 2122 556 1919 434 2122 433 2106 431 2108 430 2103 557 2102 428 2105 427 2123 558 2101 558 2101 427 2123 426 2065 399 1930 398 2120 556 1919</p>
        </triangles>
        <triangles material="Aluminio_-_Satinado" count="596">
          <input semantic="VERTEX" source="#disk_link-mesh-vertices" offset="0"/>
          <input semantic="NORMAL" source="#disk_link-mesh-normals" offset="1"/>
          <p>64 63 136 64 63 65 63 65 136 64 100 66 63 65 100 66 99 67 99 67 100 66 101 68 99 67 101 68 98 69 98 69 101 68 102 70 98 69 102 70 97 71 97 71 102 70 103 72 97 71 103 72 96 73 96 73 103 72 104 74 96 73 104 74 95 75 95 75 104 74 105 76 95 75 105 76 94 77 94 77 105 76 106 78 94 77 106 78 93 79 93 79 106 78 107 80 93 79 107 80 92 81 92 81 107 80 108 82 92 81 108 82 91 83 91 83 108 82 109 84 91 83 109 84 90 85 90 85 109 84 110 86 90 85 110 86 89 87 89 87 110 86 111 88 89 87 111 88 88 89 88 89 111 88 112 90 88 89 112 90 87 91 87 91 112 90 113 92 87 91 113 92 86 93 86 93 113 92 114 94 86 93 114 94 85 95 85 95 114 94 115 96 85 95 115 96 84 97 84 97 115 96 116 98 84 97 116 98 83 99 83 99 116 98 117 100 83 99 117 100 82 101 82 101 117 100 118 102 82 101 118 102 81 103 81 103 118 102 119 104 81 103 119 104 80 105 80 105 119 104 120 106 80 105 120 106 79 107 79 107 120 106 121 108 79 107 121 108 78 109 78 109 121 108 122 110 78 109 122 110 77 111 77 111 122 110 123 112 77 111 123 112 76 113 76 113 123 112 124 114 76 113 124 114 75 115 75 115 124 114 125 116 75 115 125 116 74 117 74 117 125 116 126 118 74 117 126 118 73 119 73 119 126 118 127 120 73 119 127 120 72 121 72 121 127 120 128 122 72 121 128 122 71 123 71 123 128 122 129 124 71 123 129 124 70 125 70 125 129 124 130 126 70 125 130 126 69 127 69 127 130 126 131 128 69 127 131 128 68 129 68 129 131 128 132 130 68 129 132 130 67 131 67 131 132 130 133 132 67 131 133 132 66 133 66 133 133 132 134 134 66 133 134 134 65 135 65 135 134 134 135 136 65 135 135 136 64 63 64 63 135 136 136 64 138 174 210 175 137 176 137 176 210 175 174 177 137 176 174 177 173 178 173 178 174 177 175 179 173 178 175 179 172 180 172 180 175 179 176 181 172 180 176 181 171 182 171 182 176 181 177 183 171 182 177 183 170 184 170 184 177 183 178 185 170 184 178 185 169 186 169 186 178 185 179 187 169 186 179 187 168 188 168 188 179 187 180 189 168 188 180 189 167 190 167 190 180 189 181 191 167 190 181 191 166 192 166 192 181 191 182 193 166 192 182 193 165 194 165 194 182 193 183 195 165 194 183 195 164 196 164 196 183 195 184 197 164 196 184 197 163 198 163 198 184 197 185 199 163 198 185 199 162 200 162 200 185 199 186 201 162 200 186 201 161 202 161 202 186 201 187 203 161 202 187 203 160 204 160 204 187 203 188 205 160 204 188 205 159 206 159 206 188 205 189 207 159 206 189 207 158 208 158 208 189 207 190 209 158 208 190 209 157 210 157 210 190 209 191 211 157 210 191 211 156 212 156 212 191 211 192 213 156 212 192 213 155 214 155 214 192 213 193 215 155 214 193 215 154 216 154 216 193 215 194 217 154 216 194 217 153 218 153 218 194 217 195 219 153 218 195 219 152 220 152 220 195 219 196 221 152 220 196 221 151 222 151 222 196 221 197 223 151 222 197 223 150 224 150 224 197 223 198 225 150 224 198 225 149 226 149 226 198 225 199 227 149 226 199 227 148 228 148 228 199 227 200 229 148 228 200 229 147 230 147 230 200 229 201 231 147 230 201 231 146 232 146 232 201 231 202 233 146 232 202 233 145 234 145 234 202 233 203 235 145 234 203 235 144 236 144 236 203 235 204 237 144 236 204 237 143 238 143 238 204 237 205 239 143 238 205 239 142 240 142 240 205 239 206 241 142 240 206 241 141 242 141 242 206 241 207 243 141 242 207 243 140 244 140 244 207 243 208 245 140 244 208 245 139 246 139 246 208 245 209 247 139 246 209 247 138 174 138 174 209 247 210 175 212 285 284 286 211 287 211 287 284 286 248 288 211 287 248 288 247 289 247 289 248 288 249 290 247 289 249 290 246 291 246 291 249 290 250 292 246 291 250 292 245 293 245 293 250 292 251 294 245 293 251 294 244 295 244 295 251 294 252 296 244 295 252 296 243 297 243 297 252 296 253 298 243 297 253 298 242 299 242 299 253 298 254 300 242 299 254 300 241 301 241 301 254 300 255 302 241 301 255 302 240 303 240 303 255 302 256 304 240 303 256 304 239 305 239 305 256 304 257 306 239 305 257 306 238 307 238 307 257 306 258 308 238 307 258 308 237 309 237 309 258 308 259 310 237 309 259 310 236 311 236 311 259 310 260 312 236 311 260 312 235 313 235 313 260 312 261 314 235 313 261 314 234 315 234 315 261 314 262 316 234 315 262 316 233 317 233 317 262 316 263 318 233 317 263 318 232 319 232 319 263 318 264 320 232 319 264 320 231 321 231 321 264 320 265 322 231 321 265 322 230 323 230 323 265 322 266 324 230 323 266 324 229 325 229 325 266 324 267 326 229 325 267 326 228 327 228 327 267 326 268 328 228 327 268 328 227 329 227 329 268 328 269 330 227 329 269 330 226 331 226 331 269 330 270 332 226 331 270 332 225 333 225 333 270 332 271 334 225 333 271 334 224 335 224 335 271 334 272 336 224 335 272 336 223 337 223 337 272 336 273 338 223 337 273 338 222 339 222 339 273 338 274 340 222 339 274 340 221 341 221 341 274 340 275 342 221 341 275 342 220 343 220 343 275 342 276 344 220 343 276 344 219 345 219 345 276 344 277 346 219 345 277 346 218 347 218 347 277 346 278 348 218 347 278 348 217 349 217 349 278 348 279 350 217 349 279 350 216 351 216 351 279 350 280 352 216 351 280 352 215 353 215 353 280 352 281 354 215 353 281 354 214 355 214 355 281 354 282 356 214 355 282 356 213 357 213 357 282 356 283 358 213 357 283 358 212 285 212 285 283 358 284 286 286 396 358 397 285 398 285 398 358 397 322 399 285 398 322 399 321 400 321 400 322 399 323 401 321 400 323 401 320 402 320 402 323 401 324 403 320 402 324 403 319 404 319 404 324 403 325 405 319 404 325 405 318 406 318 406 325 405 326 407 318 406 326 407 317 408 317 408 326 407 327 409 317 408 327 409 316 410 316 410 327 409 328 411 316 410 328 411 315 412 315 412 328 411 329 413 315 412 329 413 314 414 314 414 329 413 330 415 314 414 330 415 313 416 313 416 330 415 331 417 313 416 331 417 312 418 312 418 331 417 332 419 312 418 332 419 311 420 311 420 332 419 333 421 311 420 333 421 310 422 310 422 333 421 334 423 310 422 334 423 309 424 309 424 334 423 335 425 309 424 335 425 308 426 308 426 335 425 336 427 308 426 336 427 307 428 307 428 336 427 337 429 307 428 337 429 306 430 306 430 337 429 338 431 306 430 338 431 305 432 305 432 338 431 339 433 305 432 339 433 304 434 304 434 339 433 340 435 304 434 340 435 303 436 303 436 340 435 341 437 303 436 341 437 302 438 302 438 341 437 342 439 302 438 342 439 301 440 301 440 342 439 343 441 301 440 343 441 300 442 300 442 343 441 344 443 300 442 344 443 299 444 299 444 344 443 345 445 299 444 345 445 298 446 298 446 345 445 346 447 298 446 346 447 297 448 297 448 346 447 347 449 297 448 347 449 296 450 296 450 347 449 348 451 296 450 348 451 295 452 295 452 348 451 349 453 295 452 349 453 294 454 294 454 349 453 350 455 294 454 350 455 293 456 293 456 350 455 351 457 293 456 351 457 292 458 292 458 351 457 352 459 292 458 352 459 291 460 291 460 352 459 353 461 291 460 353 461 290 462 290 462 353 461 354 463 290 462 354 463 289 464 289 464 354 463 355 465 289 464 355 465 288 466 288 466 355 465 356 467 288 466 356 467 287 468 287 468 356 467 357 469 287 468 357 469 286 396 286 396 357 469 358 397 136 583 360 584 100 585 100 585 360 584 359 586 100 585 359 586 396 587 360 584 136 583 361 588 361 588 136 583 135 589 361 588 135 589 362 590 362 590 135 589 134 591 362 590 134 591 363 592 363 592 134 591 133 593 363 592 133 593 364 594 364 594 133 593 132 595 364 594 132 595 365 596 365 596 132 595 131 597 365 596 131 597 366 598 366 598 131 597 130 599 366 598 130 599 367 600 367 600 130 599 129 601 367 600 129 601 368 602 368 602 129 601 128 603 368 602 128 603 369 604 369 604 128 603 127 605 369 604 127 605 370 606 370 606 127 605 126 607 370 606 126 607 371 608 371 608 126 607 125 609 371 608 125 609 372 610 372 610 125 609 124 611 372 610 124 611 373 612 373 612 124 611 123 613 373 612 123 613 374 614 374 614 123 613 122 615 374 614 122 615 375 616 375 616 122 615 121 617 375 616 121 617 376 618 376 618 121 617 120 619 376 618 120 619 377 620 377 620 120 619 119 621 377 620 119 621 378 622 378 622 119 621 118 623 378 622 118 623 379 624 379 624 118 623 117 625 379 624 117 625 380 626 380 626 117 625 116 627 380 626 116 627 381 628 381 628 116 627 115 629 381 628 115 629 382 630 382 630 115 629 114 631 382 630 114 631 383 632 383 632 114 631 113 633 383 632 113 633 384 634 384 634 113 633 112 635 384 634 112 635 385 636 385 636 112 635 111 637 385 636 111 637 386 638 386 638 111 637 110 639 386 638 110 639 387 640 387 640 110 639 109 641 387 640 109 641 388 642 388 642 109 641 108 643 388 642 108 643 389 644 389 644 108 643 107 645 389 644 107 645 390 646 390 646 107 645 106 647 390 646 106 647 391 648 391 648 106 647 105 649 391 648 105 649 392 650 392 650 105 649 104 651 392 650 104 651 393 652 393 652 104 651 103 653 393 652 103 653 394 654 394 654 103 653 102 655 394 654 102 655 395 656 395 656 102 655 101 657 395 656 101 657 396 587 396 587 101 657 100 585 210 734 436 735 174 736 174 736 436 735 435 737 174 736 435 737 472 738 436 735 210 734 437 739 437 739 210 734 209 740 437 739 209 740 438 741 438 741 209 740 208 742 438 741 208 742 439 743 439 743 208 742 207 744 439 743 207 744 440 745 440 745 207 744 206 746 440 745 206 746 441 747 441 747 206 746 205 748 441 747 205 748 442 749 442 749 205 748 204 750 442 749 204 750 443 751 443 751 204 750 203 752 443 751 203 752 444 753 444 753 203 752 202 754 444 753 202 754 445 755 445 755 202 754 201 756 445 755 201 756 446 757 446 757 201 756 200 758 446 757 200 758 447 759 447 759 200 758 199 760 447 759 199 760 448 761 448 761 199 760 198 762 448 761 198 762 449 763 449 763 198 762 197 764 449 763 197 764 450 765 450 765 197 764 196 766 450 765 196 766 451 767 451 767 196 766 195 768 451 767 195 768 452 769 452 769 195 768 194 770 452 769 194 770 453 771 453 771 194 770 193 772 453 771 193 772 454 773 454 773 193 772 192 774 454 773 192 774 455 775 455 775 192 774 191 776 455 775 191 776 456 777 456 777 191 776 190 778 456 777 190 778 457 779 457 779 190 778 189 780 457 779 189 780 458 781 458 781 189 780 188 782 458 781 188 782 459 783 459 783 188 782 187 784 459 783 187 784 460 785 460 785 187 784 186 786 460 785 186 786 461 787 461 787 186 786 185 788 461 787 185 788 462 789 462 789 185 788 184 790 462 789 184 790 463 791 463 791 184 790 183 792 463 791 183 792 464 793 464 793 183 792 182 794 464 793 182 794 465 795 465 795 182 794 181 796 465 795 181 796 466 797 466 797 181 796 180 798 466 797 180 798 467 799 467 799 180 798 179 800 467 799 179 800 468 801 468 801 179 800 178 802 468 801 178 802 469 803 469 803 178 802 177 804 469 803 177 804 470 805 470 805 177 804 176 806 470 805 176 806 471 807 471 807 176 806 175 808 471 807 175 808 472 738 472 738 175 808 174 736 284 885 512 886 248 887 248 887 512 886 511 888 248 887 511 888 548 889 512 886 284 885 513 890 513 890 284 885 283 891 513 890 283 891 514 892 514 892 283 891 282 893 514 892 282 893 515 894 515 894 282 893 281 895 515 894 281 895 516 896 516 896 281 895 280 897 516 896 280 897 517 898 517 898 280 897 279 899 517 898 279 899 518 900 518 900 279 899 278 901 518 900 278 901 519 902 519 902 278 901 277 903 519 902 277 903 520 904 520 904 277 903 276 905 520 904 276 905 521 906 521 906 276 905 275 907 521 906 275 907 522 908 522 908 275 907 274 909 522 908 274 909 523 910 523 910 274 909 273 911 523 910 273 911 524 912 524 912 273 911 272 913 524 912 272 913 525 914 525 914 272 913 271 915 525 914 271 915 526 916 526 916 271 915 270 917 526 916 270 917 527 918 527 918 270 917 269 919 527 918 269 919 528 920 528 920 269 919 268 921 528 920 268 921 529 922 529 922 268 921 267 923 529 922 267 923 530 924 530 924 267 923 266 925 530 924 266 925 531 926 531 926 266 925 265 927 531 926 265 927 532 928 532 928 265 927 264 929 532 928 264 929 533 930 533 930 264 929 263 931 533 930 263 931 534 932 534 932 263 931 262 933 534 932 262 933 535 934 535 934 262 933 261 935 535 934 261 935 536 936 536 936 261 935 260 937 536 936 260 937 537 938 537 938 260 937 259 939 537 938 259 939 538 940 538 940 259 939 258 941 538 940 258 941 539 942 539 942 258 941 257 943 539 942 257 943 540 944 540 944 257 943 256 945 540 944 256 945 541 946 541 946 256 945 255 947 541 946 255 947 542 948 542 948 255 947 254 949 542 948 254 949 543 950 543 950 254 949 253 951 543 950 253 951 544 952 544 952 253 951 252 953 544 952 252 953 545 954 545 954 252 953 251 955 545 954 251 955 546 956 546 956 251 955 250 957 546 956 250 957 547 958 547 958 250 957 249 959 547 958 249 959 548 889 548 889 249 959 248 887 358 1036 588 1037 322 1038 322 1038 588 1037 587 1039 322 1038 587 1039 624 1040 588 1037 358 1036 589 1041 589 1041 358 1036 357 1042 589 1041 357 1042 590 1043 590 1043 357 1042 356 1044 590 1043 356 1044 591 1045 591 1045 356 1044 355 1046 591 1045 355 1046 592 1047 592 1047 355 1046 354 1048 592 1047 354 1048 593 1049 593 1049 354 1048 353 1050 593 1049 353 1050 594 1051 594 1051 353 1050 352 1052 594 1051 352 1052 595 1053 595 1053 352 1052 351 1054 595 1053 351 1054 596 1055 596 1055 351 1054 350 1056 596 1055 350 1056 597 1057 597 1057 350 1056 349 1058 597 1057 349 1058 598 1059 598 1059 349 1058 348 1060 598 1059 348 1060 599 1061 599 1061 348 1060 347 1062 599 1061 347 1062 600 1063 600 1063 347 1062 346 1064 600 1063 346 1064 601 1065 601 1065 346 1064 345 1066 601 1065 345 1066 602 1067 602 1067 345 1066 344 1068 602 1067 344 1068 603 1069 603 1069 344 1068 343 1070 603 1069 343 1070 604 1071 604 1071 343 1070 342 1072 604 1071 342 1072 605 1073 605 1073 342 1072 341 1074 605 1073 341 1074 606 1075 606 1075 341 1074 340 1076 606 1075 340 1076 607 1077 607 1077 340 1076 339 1078 607 1077 339 1078 608 1079 608 1079 339 1078 338 1080 608 1079 338 1080 609 1081 609 1081 338 1080 337 1082 609 1081 337 1082 610 1083 610 1083 337 1082 336 1084 610 1083 336 1084 611 1085 611 1085 336 1084 335 1086 611 1085 335 1086 612 1087 612 1087 335 1086 334 1088 612 1087 334 1088 613 1089 613 1089 334 1088 333 1090 613 1089 333 1090 614 1091 614 1091 333 1090 332 1092 614 1091 332 1092 615 1093 615 1093 332 1092 331 1094 615 1093 331 1094 616 1095 616 1095 331 1094 330 1096 616 1095 330 1096 617 1097 617 1097 330 1096 329 1098 617 1097 329 1098 618 1099 618 1099 329 1098 328 1100 618 1099 328 1100 619 1101 619 1101 328 1100 327 1102 619 1101 327 1102 620 1103 620 1103 327 1102 326 1104 620 1103 326 1104 621 1105 621 1105 326 1104 325 1106 621 1105 325 1106 622 1107 622 1107 325 1106 324 1108 622 1107 324 1108 623 1109 623 1109 324 1108 323 1110 623 1109 323 1110 624 1040 624 1040 323 1110 322 1038</p>
        </triangles>
        <triangles material="Cromo_-_Negro" count="140">
          <input semantic="VERTEX" source="#disk_link-mesh-vertices" offset="0"/>
          <input semantic="NORMAL" source="#disk_link-mesh-normals" offset="1"/>
          <p>64 137 63 138 85 139 85 139 63 138 99 140 85 139 99 140 98 141 98 141 97 142 85 139 85 139 97 142 96 143 85 139 96 143 86 144 86 144 96 143 95 145 86 144 95 145 87 146 87 146 95 145 94 147 87 146 94 147 88 148 88 148 94 147 93 149 88 148 93 149 89 150 89 150 93 149 92 151 89 150 92 151 90 152 90 152 92 151 91 153 84 154 78 155 85 139 85 139 78 155 77 156 85 139 77 156 76 157 78 155 84 154 79 158 79 158 84 154 83 159 79 158 83 159 80 160 80 160 83 159 82 161 80 160 82 161 81 162 76 157 75 163 85 139 85 139 75 163 74 164 85 139 74 164 73 165 73 165 72 166 85 139 85 139 72 166 71 167 85 139 71 167 70 168 70 168 69 169 85 139 85 139 69 169 68 170 85 139 68 170 67 171 67 171 66 172 85 139 85 139 66 172 65 173 85 139 65 173 64 137 138 248 137 249 159 250 159 250 137 249 173 251 159 250 173 251 172 252 172 252 171 253 159 250 159 250 171 253 170 254 159 250 170 254 160 255 160 255 170 254 169 256 160 255 169 256 161 257 161 257 169 256 168 258 161 257 168 258 162 259 162 259 168 258 167 260 162 259 167 260 163 261 163 261 167 260 166 262 163 261 166 262 164 263 164 263 166 262 165 264 158 265 152 266 159 250 159 250 152 266 151 267 159 250 151 267 150 268 152 266 158 265 153 269 153 269 158 265 157 270 153 269 157 270 154 271 154 271 157 270 156 272 154 271 156 272 155 273 150 268 149 274 159 250 159 250 149 274 148 275 159 250 148 275 147 276 147 276 146 277 159 250 159 250 146 277 145 278 159 250 145 278 144 279 144 279 143 280 159 250 159 250 143 280 142 281 159 250 142 281 141 282 141 282 140 283 159 250 159 250 140 283 139 284 159 250 139 284 138 248 212 359 211 360 233 361 233 361 211 360 247 362 233 361 247 362 246 363 246 363 245 364 233 361 233 361 245 364 244 365 233 361 244 365 234 366 234 366 244 365 243 367 234 366 243 367 235 368 235 368 243 367 242 369 235 368 242 369 236 370 236 370 242 369 241 371 236 370 241 371 237 372 237 372 241 371 240 373 237 372 240 373 238 374 238 374 240 373 239 375 232 376 226 377 233 361 233 361 226 377 225 378 233 361 225 378 224 379 226 377 232 376 227 380 227 380 232 376 231 381 227 380 231 381 228 382 228 382 231 381 230 383 228 382 230 383 229 384 224 379 223 385 233 361 233 361 223 385 222 386 233 361 222 386 221 387 221 387 220 388 233 361 233 361 220 388 219 389 233 361 219 389 218 390 218 390 217 391 233 361 233 361 217 391 216 392 233 361 216 392 215 393 215 393 214 394 233 361 233 361 214 394 213 395 233 361 213 395 212 359 286 470 285 471 307 472 307 472 285 471 321 473 307 472 321 473 320 474 320 474 319 475 307 472 307 472 319 475 318 476 307 472 318 476 308 477 308 477 318 476 317 478 308 477 317 478 309 479 309 479 317 478 316 480 309 479 316 480 310 481 310 481 316 480 315 482 310 481 315 482 311 483 311 483 315 482 314 484 311 483 314 484 312 485 312 485 314 484 313 486 306 487 300 488 307 472 307 472 300 488 299 489 307 472 299 489 298 490 300 488 306 487 301 491 301 491 306 487 305 492 301 491 305 492 302 493 302 493 305 492 304 494 302 493 304 494 303 495 298 490 297 496 307 472 307 472 297 496 296 497 307 472 296 497 295 498 295 498 294 499 307 472 307 472 294 499 293 500 307 472 293 500 292 501 292 501 291 502 307 472 307 472 291 502 290 503 307 472 290 503 289 504 289 504 288 505 307 472 307 472 288 505 287 506 307 472 287 506 286 470</p>
        </triangles>
      </mesh>
    </geometry>
  </library_geometries>
  <library_visual_scenes>
    <visual_scene id="Scene" name="Scene">
      <node id="disk_link-node" name="disk_link" type="NODE">
        <instance_geometry url="#disk_link-mesh">
          <bind_material>
            <technique_common>
              <instance_material symbol="Recubrimiento_de_polvo__blanco_" target="#Recubrimiento_de_polvo__blanco_"/>
              <instance_material symbol="Recubrimiento_de_polvo__rojo_" target="#Recubrimiento_de_polvo__rojo_"/>
              <instance_material symbol="Aluminio_-_Satinado" target="#Aluminio_-_Satinado"/>
              <instance_material symbol="Cromo_-_Negro" target="#Cromo_-_Negro"/>
            </technique_common>
          </bind_material>
        </instance_geometry>
      </node>
    </visual_scene>
  </library_visual_scenes>
  <scene>
    <instance_visual_scene url="#Scene"/>
  </scene>
</COLLADA>
