<?xml version="1.0" encoding="utf-8"?>
<COLLADA xmlns="http://www.collada.org/2005/11/COLLADASchema" version="1.4.1">
  <asset>
    <contributor>
      <authoring_tool>Fusion URDF/XACRO Exporter</authoring_tool>
    </contributor>
    <created>2026-09-16T22:18:32Z</created>
    <modified>2026-09-16T22:18:32Z</modified>
    <unit name="meter" meter="1.0"/>
    <up_axis>Z_UP</up_axis>
  </asset>
  <library_effects>
    <effect id="Aluminio_-_Satinado-effect">
      <profile_COMMON>
        <technique sid="common">
          <lambert>
            <emission><color>0 0 0 1</color></emission>
            <ambient><color>0.0000 0.0000 0.0000 1</color></ambient>
            <diffuse><color>0.9608 0.9608 0.9647 1</color></diffuse>
            <reflective><color>0 0 0 1</color></reflective>
            <transparent opaque="A_ONE"><color>1 1 1 1</color></transparent>
            <transparency><float>1</float></transparency>
          </lambert>
        </technique>
      </profile_COMMON>
    </effect>
    <effect id="Aluminio_-_Pulido-effect">
      <profile_COMMON>
        <technique sid="common">
          <lambert>
            <emission><color>0 0 0 1</color></emission>
            <ambient><color>0.0000 0.0000 0.0000 1</color></ambient>
            <diffuse><color>0.9608 0.9608 0.9647 1</color></diffuse>
            <reflective><color>0 0 0 1</color></reflective>
            <transparent opaque="A_ONE"><color>1 1 1 1</color></transparent>
            <transparency><float>1</float></transparency>
          </lambert>
        </technique>
      </profile_COMMON>
    </effect>
    <effect id="Cromo_-_Negro-effect">
      <profile_COMMON>
        <technique sid="common">
          <lambert>
            <emission><color>0 0 0 1</color></emission>
            <ambient><color>0.0000 0.0000 0.0000 1</color></ambient>
            <diffuse><color>0.5647 0.5569 0.5451 1</color></diffuse>
            <reflective><color>0 0 0 1</color></reflective>
            <transparent opaque="A_ONE"><color>1 1 1 1</color></transparent>
            <transparency><float>1</float></transparency>
          </lambert>
        </technique>
      </profile_COMMON>
    </effect>
  </library_effects>
  <library_materials>
    <material id="Aluminio_-_Satinado" name="Aluminio_-_Satinado">
      <instance_effect url="#Aluminio_-_Satinado-effect"/>
    </material>
    <material id="Aluminio_-_Pulido" name="Aluminio_-_Pulido">
      <instance_effect url="#Aluminio_-_Pulido-effect"/>
    </material>
    <material id="Cromo_-_Negro" name="Cromo_-_Negro">
      <instance_effect url="#Cromo_-_Negro-effect"/>
    </material>
  </library_materials>
  <library_geometries>
    <geometry id="motor_hub_link-mesh" name="motor_hub_link">
      <mesh>
        <source id="motor_hub_link-mesh-positions">
          <float_array id="motor_hub_link-mesh-positions-array" count="4062">0.003450 0.000000 0.008500 0.003430 0.000373 0.008500 0.003369 0.000742 0.008500 0.003269 0.001102 0.008500 0.003131 0.001449 0.008500 0.002956 0.001779 0.008500 0.002747 0.002088 0.008500 0.002505 0.002373 0.008500 0.002233 0.002629 0.008500 0.001936 0.002856 0.008500 0.001616 0.003048 0.008500 0.001277 0.003205 0.008500 0.000923 0.003324 0.008500 0.000558 0.003405 0.008500 0.000187 0.003445 0.008500 -0.000187 0.003445 0.008500 -0.000558 0.003405 0.008500 -0.000923 0.003324 0.008500 -0.001277 0.003205 0.008500 -0.001616 0.003048 0.008500 -0.001936 0.002856 0.008500 -0.002233 0.002629 0.008500 -0.002505 0.002373 0.008500 -0.002747 0.002088 0.008500 -0.002956 0.001779 0.008500 -0.003131 0.001449 0.008500 -0.003269 0.001102 0.008500 -0.003369 0.000742 0.008500 -0.003430 0.000373 0.008500 -0.003450 0.000000 0.008500 -0.003430 -0.000373 0.008500 -0.003369 -0.000742 0.008500 -0.003269 -0.001102 0.008500 -0.003131 -0.001449 0.008500 -0.002956 -0.001779 0.008500 -0.002747 -0.002088 0.008500 -0.002505 -0.002373 0.008500 -0.002233 -0.002629 0.008500 -0.001936 -0.002856 0.008500 -0.001616 -0.003048 0.008500 -0.001277 -0.003205 0.008500 -0.000923 -0.003324 0.008500 -0.000558 -0.003405 0.008500 -0.000187 -0.003445 0.008500 0.000187 -0.003445 0.008500 0.000558 -0.003405 0.008500 0.000923 -0.003324 0.008500 0.001277 -0.003205 0.008500 0.001616 -0.003048 0.008500 0.001936 -0.002856 0.008500 0.002233 -0.002629 0.008500 0.002505 -0.002373 0.008500 0.002747 -0.002088 0.008500 0.002956 -0.001779 0.008500 0.003131 -0.001449 0.008500 0.003269 -0.001102 0.008500 0.003369 -0.000742 0.008500 0.003430 -0.000373 0.008500 0.003150 -0.000000 0.008800 0.003129 -0.000359 0.008800 0.003068 -0.000713 0.008800 0.002967 -0.001059 0.008800 0.002827 -0.001390 0.008800 0.002650 -0.001703 0.008800 0.002439 -0.001994 0.008800 0.002195 -0.002259 0.008800 0.001924 -0.002494 0.008800 0.001627 -0.002697 0.008800 0.001309 -0.002865 0.008800 0.000973 -0.002996 0.008800 0.000626 -0.003087 0.008800 0.000270 -0.003138 0.008800 -0.000090 -0.003149 0.008800 -0.000448 -0.003118 0.008800 -0.000801 -0.003047 0.008800 -0.001143 -0.002935 0.008800 -0.001470 -0.002786 0.008800 -0.001778 -0.002600 0.008800 -0.002063 -0.002381 0.008800 -0.002321 -0.002130 0.008800 -0.002548 -0.001852 0.008800 -0.002743 -0.001549 0.008800 -0.002902 -0.001226 0.008800 -0.003022 -0.000887 0.008800 -0.003104 -0.000537 0.008800 -0.003145 -0.000180 0.008800 -0.003145 0.000180 0.008800 -0.003104 0.000537 0.008800 -0.003022 0.000887 0.008800 -0.002902 0.001226 0.008800 -0.002743 0.001549 0.008800 -0.002548 0.001852 0.008800 -0.002321 0.002130 0.008800 -0.002063 0.002381 0.008800 -0.001778 0.002600 0.008800 -0.001470 0.002786 0.008800 -0.001143 0.002935 0.008800 -0.000801 0.003047 0.008800 -0.000448 0.003118 0.008800 -0.000090 0.003149 0.008800 0.000270 0.003138 0.008800 0.000626 0.003087 0.008800 0.000973 0.002996 0.008800 0.001309 0.002865 0.008800 0.001627 0.002697 0.008800 0.001924 0.002494 0.008800 0.002195 0.002259 0.008800 0.002439 0.001994 0.008800 0.002650 0.001703 0.008800 0.002827 0.001390 0.008800 0.002967 0.001059 0.008800 0.003068 0.000713 0.008800 0.003129 0.000359 0.008800 -0.003372 0.000000 0.008510 -0.003300 0.000000 0.008540 -0.003238 0.000000 0.008588 -0.003190 0.000000 0.008650 -0.003160 -0.000000 0.008722 0.003354 0.000353 0.008510 0.003282 0.000345 0.008540 0.003220 0.000338 0.008588 0.003173 0.000333 0.008650 0.003143 0.000330 0.008722 0.003160 -0.000000 0.008722 0.003190 -0.000000 0.008650 0.003238 0.000000 0.008588 0.003300 0.000000 0.008540 0.003372 0.000000 0.008510 0.003299 0.000701 0.008510 0.003228 0.000686 0.008540 0.003167 0.000673 0.008588 0.003120 0.000663 0.008650 0.003091 0.000657 0.008722 0.003207 0.001042 0.008510 0.003138 0.001020 0.008540 0.003079 0.001001 0.008588 0.003034 0.000986 0.008650 0.003006 0.000977 0.008722 0.003081 0.001372 0.008510 0.003015 0.001342 0.008540 0.002958 0.001317 0.008588 0.002914 0.001298 0.008650 0.002887 0.001285 0.008722 0.002921 0.001686 0.008510 0.002858 0.001650 0.008540 0.002804 0.001619 0.008588 0.002763 0.001595 0.008650 0.002737 0.001580 0.008722 0.002728 0.001982 0.008510 0.002670 0.001940 0.008540 0.002619 0.001903 0.008588 0.002581 0.001875 0.008650 0.002557 0.001858 0.008722 0.002506 0.002257 0.008510 0.002452 0.002208 0.008540 0.002406 0.002167 0.008588 0.002371 0.002135 0.008650 0.002348 0.002115 0.008722 0.002257 0.002506 0.008510 0.002208 0.002452 0.008540 0.002167 0.002406 0.008588 0.002135 0.002371 0.008650 0.002115 0.002348 0.008722 0.001982 0.002728 0.008510 0.001940 0.002670 0.008540 0.001903 0.002619 0.008588 0.001875 0.002581 0.008650 0.001858 0.002557 0.008722 0.001686 0.002921 0.008510 0.001650 0.002858 0.008540 0.001619 0.002804 0.008588 0.001595 0.002763 0.008650 0.001580 0.002737 0.008722 0.001372 0.003081 0.008510 0.001342 0.003015 0.008540 0.001317 0.002958 0.008588 0.001298 0.002914 0.008650 0.001285 0.002887 0.008722 0.001042 0.003207 0.008510 0.001020 0.003138 0.008540 0.001001 0.003079 0.008588 0.000986 0.003034 0.008650 0.000977 0.003006 0.008722 0.000701 0.003299 0.008510 0.000686 0.003228 0.008540 0.000673 0.003167 0.008588 0.000663 0.003120 0.008650 0.000657 0.003091 0.008722 0.000353 0.003354 0.008510 0.000345 0.003282 0.008540 0.000338 0.003220 0.008588 0.000333 0.003173 0.008650 0.000330 0.003143 0.008722 0.000000 0.003372 0.008510 0.000000 0.003300 0.008540 0.000000 0.003238 0.008588 0.000000 0.003190 0.008650 0.000000 0.003160 0.008722 -0.000353 0.003354 0.008510 -0.000345 0.003282 0.008540 -0.000338 0.003220 0.008588 -0.000333 0.003173 0.008650 -0.000330 0.003143 0.008722 -0.000701 0.003299 0.008510 -0.000686 0.003228 0.008540 -0.000673 0.003167 0.008588 -0.000663 0.003120 0.008650 -0.000657 0.003091 0.008722 -0.001042 0.003207 0.008510 -0.001020 0.003138 0.008540 -0.001001 0.003079 0.008588 -0.000986 0.003034 0.008650 -0.000977 0.003006 0.008722 -0.001372 0.003081 0.008510 -0.001342 0.003015 0.008540 -0.001317 0.002958 0.008588 -0.001298 0.002914 0.008650 -0.001285 0.002887 0.008722 -0.001686 0.002921 0.008510 -0.001650 0.002858 0.008540 -0.001619 0.002804 0.008588 -0.001595 0.002763 0.008650 -0.001580 0.002737 0.008722 -0.001982 0.002728 0.008510 -0.001940 0.002670 0.008540 -0.001903 0.002619 0.008588 -0.001875 0.002581 0.008650 -0.001858 0.002557 0.008722 -0.002257 0.002506 0.008510 -0.002208 0.002452 0.008540 -0.002167 0.002406 0.008588 -0.002135 0.002371 0.008650 -0.002115 0.002348 0.008722 -0.002506 0.002257 0.008510 -0.002452 0.002208 0.008540 -0.002406 0.002167 0.008588 -0.002371 0.002135 0.008650 -0.002348 0.002115 0.008722 -0.002728 0.001982 0.008510 -0.002670 0.001940 0.008540 -0.002619 0.001903 0.008588 -0.002581 0.001875 0.008650 -0.002557 0.001858 0.008722 -0.002921 0.001686 0.008510 -0.002858 0.001650 0.008540 -0.002804 0.001619 0.008588 -0.002763 0.001595 0.008650 -0.002737 0.001580 0.008722 -0.003081 0.001372 0.008510 -0.003015 0.001342 0.008540 -0.002958 0.001317 0.008588 -0.002914 0.001298 0.008650 -0.002887 0.001285 0.008722 -0.003207 0.001042 0.008510 -0.003138 0.001020 0.008540 -0.003079 0.001001 0.008588 -0.003034 0.000986 0.008650 -0.003006 0.000977 0.008722 -0.003299 0.000701 0.008510 -0.003228 0.000686 0.008540 -0.003167 0.000673 0.008588 -0.003120 0.000663 0.008650 -0.003091 0.000657 0.008722 -0.003354 0.000353 0.008510 -0.003282 0.000345 0.008540 -0.003220 0.000338 0.008588 -0.003173 0.000333 0.008650 -0.003143 0.000330 0.008722 -0.003354 -0.000353 0.008510 -0.003282 -0.000345 0.008540 -0.003220 -0.000338 0.008588 -0.003173 -0.000333 0.008650 -0.003143 -0.000330 0.008722 -0.003299 -0.000701 0.008510 -0.003228 -0.000686 0.008540 -0.003167 -0.000673 0.008588 -0.003120 -0.000663 0.008650 -0.003091 -0.000657 0.008722 -0.003207 -0.001042 0.008510 -0.003138 -0.001020 0.008540 -0.003079 -0.001001 0.008588 -0.003034 -0.000986 0.008650 -0.003006 -0.000977 0.008722 -0.003081 -0.001372 0.008510 -0.003015 -0.001342 0.008540 -0.002958 -0.001317 0.008588 -0.002914 -0.001298 0.008650 -0.002887 -0.001285 0.008722 -0.002921 -0.001686 0.008510 -0.002858 -0.001650 0.008540 -0.002804 -0.001619 0.008588 -0.002763 -0.001595 0.008650 -0.002737 -0.001580 0.008722 -0.002728 -0.001982 0.008510 -0.002670 -0.001940 0.008540 -0.002619 -0.001903 0.008588 -0.002581 -0.001875 0.008650 -0.002557 -0.001858 0.008722 -0.002506 -0.002257 0.008510 -0.002452 -0.002208 0.008540 -0.002406 -0.002167 0.008588 -0.002371 -0.002135 0.008650 -0.002348 -0.002115 0.008722 -0.002257 -0.002506 0.008510 -0.002208 -0.002452 0.008540 -0.002167 -0.002406 0.008588 -0.002135 -0.002371 0.008650 -0.002115 -0.002348 0.008722 -0.001982 -0.002728 0.008510 -0.001940 -0.002670 0.008540 -0.001903 -0.002619 0.008588 -0.001875 -0.002581 0.008650 -0.001858 -0.002557 0.008722 -0.001686 -0.002921 0.008510 -0.001650 -0.002858 0.008540 -0.001619 -0.002804 0.008588 -0.001595 -0.002763 0.008650 -0.001580 -0.002737 0.008722 -0.001372 -0.003081 0.008510 -0.001342 -0.003015 0.008540 -0.001317 -0.002958 0.008588 -0.001298 -0.002914 0.008650 -0.001285 -0.002887 0.008722 -0.001042 -0.003207 0.008510 -0.001020 -0.003138 0.008540 -0.001001 -0.003079 0.008588 -0.000986 -0.003034 0.008650 -0.000977 -0.003006 0.008722 -0.000701 -0.003299 0.008510 -0.000686 -0.003228 0.008540 -0.000673 -0.003167 0.008588 -0.000663 -0.003120 0.008650 -0.000657 -0.003091 0.008722 -0.000353 -0.003354 0.008510 -0.000345 -0.003282 0.008540 -0.000338 -0.003220 0.008588 -0.000333 -0.003173 0.008650 -0.000330 -0.003143 0.008722 0.000000 -0.003372 0.008510 0.000000 -0.003300 0.008540 0.000000 -0.003238 0.008588 0.000000 -0.003190 0.008650 0.000000 -0.003160 0.008722 0.000353 -0.003354 0.008510 0.000345 -0.003282 0.008540 0.000338 -0.003220 0.008588 0.000333 -0.003173 0.008650 0.000330 -0.003143 0.008722 0.000701 -0.003299 0.008510 0.000686 -0.003228 0.008540 0.000673 -0.003167 0.008588 0.000663 -0.003120 0.008650 0.000657 -0.003091 0.008722 0.001042 -0.003207 0.008510 0.001020 -0.003138 0.008540 0.001001 -0.003079 0.008588 0.000986 -0.003034 0.008650 0.000977 -0.003006 0.008722 0.001372 -0.003081 0.008510 0.001342 -0.003015 0.008540 0.001317 -0.002958 0.008588 0.001298 -0.002914 0.008650 0.001285 -0.002887 0.008722 0.001686 -0.002921 0.008510 0.001650 -0.002858 0.008540 0.001619 -0.002804 0.008588 0.001595 -0.002763 0.008650 0.001580 -0.002737 0.008722 0.001982 -0.002728 0.008510 0.001940 -0.002670 0.008540 0.001903 -0.002619 0.008588 0.001875 -0.002581 0.008650 0.001858 -0.002557 0.008722 0.002257 -0.002506 0.008510 0.002208 -0.002452 0.008540 0.002167 -0.002406 0.008588 0.002135 -0.002371 0.008650 0.002115 -0.002348 0.008722 0.002506 -0.002257 0.008510 0.002452 -0.002208 0.008540 0.002406 -0.002167 0.008588 0.002371 -0.002135 0.008650 0.002348 -0.002115 0.008722 0.002728 -0.001982 0.008510 0.002670 -0.001940 0.008540 0.002619 -0.001903 0.008588 0.002581 -0.001875 0.008650 0.002557 -0.001858 0.008722 0.002921 -0.001686 0.008510 0.002858 -0.001650 0.008540 0.002804 -0.001619 0.008588 0.002763 -0.001595 0.008650 0.002737 -0.001580 0.008722 0.003081 -0.001372 0.008510 0.003015 -0.001342 0.008540 0.002958 -0.001317 0.008588 0.002914 -0.001298 0.008650 0.002887 -0.001285 0.008722 0.003207 -0.001042 0.008510 0.003138 -0.001020 0.008540 0.003079 -0.001001 0.008588 0.003034 -0.000986 0.008650 0.003006 -0.000977 0.008722 0.003299 -0.000701 0.008510 0.003228 -0.000686 0.008540 0.003167 -0.000673 0.008588 0.003120 -0.000663 0.008650 0.003091 -0.000657 0.008722 0.003354 -0.000353 0.008510 0.003282 -0.000345 0.008540 0.003220 -0.000338 0.008588 0.003173 -0.000333 0.008650 0.003143 -0.000330 0.008722 -0.002691 -0.008326 0.008500 -0.002826 -0.008006 0.008500 -0.002924 -0.007672 0.008500 -0.002982 -0.007329 0.008500 -0.003000 -0.006982 0.008500 -0.002978 -0.006635 0.008500 -0.002916 -0.006294 0.008500 -0.002814 -0.005961 0.008500 -0.002675 -0.005643 0.008500 -0.002500 -0.005342 0.008500 -0.002292 -0.005064 0.008500 -0.002053 -0.004812 0.008500 -0.001786 -0.004589 0.008500 -0.001495 -0.004399 0.008500 -0.001184 -0.004244 0.008500 -0.000857 -0.004125 0.008500 -0.000519 -0.004045 0.008500 -0.000174 -0.004005 0.008500 0.000174 -0.004005 0.008500 0.000519 -0.004045 0.008500 0.000857 -0.004125 0.008500 0.001184 -0.004244 0.008500 0.001495 -0.004399 0.008500 0.001786 -0.004589 0.008500 0.002053 -0.004812 0.008500 0.002292 -0.005064 0.008500 0.002500 -0.005342 0.008500 0.002675 -0.005643 0.008500 0.002814 -0.005961 0.008500 0.002916 -0.006294 0.008500 0.002978 -0.006635 0.008500 0.003000 -0.006982 0.008500 0.002982 -0.007329 0.008500 0.002924 -0.007672 0.008500 0.002826 -0.008006 0.008500 0.002691 -0.008326 0.008500 0.003247 -0.008125 0.008500 0.003788 -0.007888 0.008500 0.004312 -0.007614 0.008500 0.004816 -0.007306 0.008500 0.005298 -0.006964 0.008500 0.005756 -0.006591 0.008500 0.006187 -0.006187 0.008500 0.006591 -0.005756 0.008500 0.006964 -0.005298 0.008500 0.007306 -0.004816 0.008500 0.007614 -0.004312 0.008500 0.007888 -0.003788 0.008500 0.008125 -0.003247 0.008500 0.008326 -0.002691 0.008500 0.008006 -0.002826 0.008500 0.007672 -0.002924 0.008500 0.007329 -0.002982 0.008500 0.006982 -0.003000 0.008500 0.006635 -0.002978 0.008500 0.006294 -0.002916 0.008500 0.005961 -0.002814 0.008500 0.005643 -0.002675 0.008500 0.005342 -0.002500 0.008500 0.005064 -0.002292 0.008500 0.004812 -0.002053 0.008500 0.004589 -0.001786 0.008500 0.004399 -0.001495 0.008500 0.004244 -0.001184 0.008500 0.004125 -0.000857 0.008500 0.004045 -0.000519 0.008500 0.004005 -0.000174 0.008500 0.004005 0.000174 0.008500 0.004045 0.000519 0.008500 0.004125 0.000857 0.008500 0.004244 0.001184 0.008500 0.004399 0.001495 0.008500 0.004589 0.001786 0.008500 0.004812 0.002053 0.008500 0.005064 0.002292 0.008500 0.005342 0.002500 0.008500 0.005643 0.002675 0.008500 0.005961 0.002814 0.008500 0.006294 0.002916 0.008500 0.006635 0.002978 0.008500 0.006982 0.003000 0.008500 0.007329 0.002982 0.008500 0.007672 0.002924 0.008500 0.008006 0.002826 0.008500 0.008326 0.002691 0.008500 0.008125 0.003247 0.008500 0.007888 0.003788 0.008500 0.007614 0.004312 0.008500 0.007306 0.004816 0.008500 0.006964 0.005298 0.008500 0.006591 0.005756 0.008500 0.006187 0.006187 0.008500 0.005756 0.006591 0.008500 0.005298 0.006964 0.008500 0.004816 0.007306 0.008500 0.004312 0.007614 0.008500 0.003788 0.007888 0.008500 0.003247 0.008125 0.008500 0.002691 0.008326 0.008500 0.002826 0.008006 0.008500 0.002924 0.007672 0.008500 0.002982 0.007329 0.008500 0.003000 0.006982 0.008500 0.002978 0.006635 0.008500 0.002916 0.006294 0.008500 0.002814 0.005961 0.008500 0.002675 0.005643 0.008500 0.002500 0.005342 0.008500 0.002292 0.005064 0.008500 0.002053 0.004812 0.008500 0.001786 0.004589 0.008500 0.001495 0.004399 0.008500 0.001184 0.004244 0.008500 0.000857 0.004125 0.008500 0.000519 0.004045 0.008500 0.000174 0.004005 0.008500 -0.000174 0.004005 0.008500 -0.000519 0.004045 0.008500 -0.000857 0.004125 0.008500 -0.001184 0.004244 0.008500 -0.001495 0.004399 0.008500 -0.001786 0.004589 0.008500 -0.002053 0.004812 0.008500 -0.002292 0.005064 0.008500 -0.002500 0.005342 0.008500 -0.002675 0.005643 0.008500 -0.002814 0.005961 0.008500 -0.002916 0.006294 0.008500 -0.002978 0.006635 0.008500 -0.003000 0.006982 0.008500 -0.002982 0.007329 0.008500 -0.002924 0.007672 0.008500 -0.002826 0.008006 0.008500 -0.002691 0.008326 0.008500 -0.003247 0.008125 0.008500 -0.003788 0.007888 0.008500 -0.004312 0.007614 0.008500 -0.004816 0.007306 0.008500 -0.005298 0.006964 0.008500 -0.005756 0.006591 0.008500 -0.006187 0.006187 0.008500 -0.006591 0.005756 0.008500 -0.006964 0.005298 0.008500 -0.007306 0.004816 0.008500 -0.007614 0.004312 0.008500 -0.007888 0.003788 0.008500 -0.008125 0.003247 0.008500 -0.008326 0.002691 0.008500 -0.008006 0.002826 0.008500 -0.007672 0.002924 0.008500 -0.007329 0.002982 0.008500 -0.006982 0.003000 0.008500 -0.006635 0.002978 0.008500 -0.006294 0.002916 0.008500 -0.005961 0.002814 0.008500 -0.005643 0.002675 0.008500 -0.005342 0.002500 0.008500 -0.005064 0.002292 0.008500 -0.004812 0.002053 0.008500 -0.004589 0.001786 0.008500 -0.004399 0.001495 0.008500 -0.004244 0.001184 0.008500 -0.004125 0.000857 0.008500 -0.004045 0.000519 0.008500 -0.004005 0.000174 0.008500 -0.004005 -0.000174 0.008500 -0.004045 -0.000519 0.008500 -0.004125 -0.000857 0.008500 -0.004244 -0.001184 0.008500 -0.004399 -0.001495 0.008500 -0.004589 -0.001786 0.008500 -0.004812 -0.002053 0.008500 -0.005064 -0.002292 0.008500 -0.005342 -0.002500 0.008500 -0.005643 -0.002675 0.008500 -0.005961 -0.002814 0.008500 -0.006294 -0.002916 0.008500 -0.006635 -0.002978 0.008500 -0.006982 -0.003000 0.008500 -0.007329 -0.002982 0.008500 -0.007672 -0.002924 0.008500 -0.008006 -0.002826 0.008500 -0.008326 -0.002691 0.008500 -0.008125 -0.003247 0.008500 -0.007888 -0.003788 0.008500 -0.007614 -0.004312 0.008500 -0.007306 -0.004816 0.008500 -0.006964 -0.005298 0.008500 -0.006591 -0.005756 0.008500 -0.006187 -0.006187 0.008500 -0.005756 -0.006591 0.008500 -0.005298 -0.006964 0.008500 -0.004816 -0.007306 0.008500 -0.004312 -0.007614 0.008500 -0.003788 -0.007888 0.008500 -0.003247 -0.008125 0.008500 0.003150 0.000000 0.011000 0.003129 -0.000359 0.011000 0.003068 -0.000713 0.011000 0.002967 -0.001059 0.011000 0.002827 -0.001390 0.011000 0.002650 -0.001703 0.011000 0.002439 -0.001994 0.011000 0.002195 -0.002259 0.011000 0.001924 -0.002494 0.011000 0.001627 -0.002697 0.011000 0.001309 -0.002865 0.011000 0.000973 -0.002996 0.011000 0.000626 -0.003087 0.011000 0.000270 -0.003138 0.011000 -0.000090 -0.003149 0.011000 -0.000448 -0.003118 0.011000 -0.000801 -0.003047 0.011000 -0.001143 -0.002935 0.011000 -0.001470 -0.002786 0.011000 -0.001778 -0.002600 0.011000 -0.002063 -0.002381 0.011000 -0.002321 -0.002130 0.011000 -0.002548 -0.001852 0.011000 -0.002743 -0.001549 0.011000 -0.002902 -0.001226 0.011000 -0.003022 -0.000887 0.011000 -0.003104 -0.000537 0.011000 -0.003145 -0.000180 0.011000 -0.003145 0.000180 0.011000 -0.003104 0.000537 0.011000 -0.003022 0.000887 0.011000 -0.002902 0.001226 0.011000 -0.002743 0.001549 0.011000 -0.002548 0.001852 0.011000 -0.002321 0.002130 0.011000 -0.002063 0.002381 0.011000 -0.001778 0.002600 0.011000 -0.001470 0.002786 0.011000 -0.001143 0.002935 0.011000 -0.000801 0.003047 0.011000 -0.000448 0.003118 0.011000 -0.000090 0.003149 0.011000 0.000270 0.003138 0.011000 0.000626 0.003087 0.011000 0.000973 0.002996 0.011000 0.001309 0.002865 0.011000 0.001627 0.002697 0.011000 0.001924 0.002494 0.011000 0.002195 0.002259 0.011000 0.002439 0.001994 0.011000 0.002650 0.001703 0.011000 0.002827 0.001390 0.011000 0.002967 0.001059 0.011000 0.003068 0.000713 0.011000 0.003129 0.000359 0.011000 -0.002691 -0.008326 0.009000 -0.002518 -0.008631 0.009000 -0.002310 -0.008914 0.009000 -0.002070 -0.009171 0.009000 -0.001802 -0.009398 0.009000 -0.001509 -0.009593 0.009000 -0.001196 -0.009751 0.009000 -0.000866 -0.009872 0.009000 -0.000525 -0.009954 0.009000 -0.000176 -0.009995 0.009000 0.000176 -0.009995 0.009000 0.000525 -0.009954 0.009000 0.000866 -0.009872 0.009000 0.001196 -0.009751 0.009000 0.001509 -0.009593 0.009000 0.001802 -0.009398 0.009000 0.002070 -0.009171 0.009000 0.002310 -0.008914 0.009000 0.002518 -0.008631 0.009000 0.002691 -0.008326 0.009000 0.002826 -0.008006 0.009000 0.002924 -0.007672 0.009000 0.002982 -0.007329 0.009000 0.003000 -0.006982 0.009000 0.002978 -0.006635 0.009000 0.002916 -0.006294 0.009000 0.002814 -0.005961 0.009000 0.002675 -0.005643 0.009000 0.002500 -0.005342 0.009000 0.002292 -0.005064 0.009000 0.002053 -0.004812 0.009000 0.001786 -0.004589 0.009000 0.001495 -0.004399 0.009000 0.001184 -0.004244 0.009000 0.000857 -0.004125 0.009000 0.000519 -0.004045 0.009000 0.000174 -0.004005 0.009000 -0.000174 -0.004005 0.009000 -0.000519 -0.004045 0.009000 -0.000857 -0.004125 0.009000 -0.001184 -0.004244 0.009000 -0.001495 -0.004399 0.009000 -0.001786 -0.004589 0.009000 -0.002053 -0.004812 0.009000 -0.002292 -0.005064 0.009000 -0.002500 -0.005342 0.009000 -0.002675 -0.005643 0.009000 -0.002814 -0.005961 0.009000 -0.002916 -0.006294 0.009000 -0.002978 -0.006635 0.009000 -0.003000 -0.006982 0.009000 -0.002982 -0.007329 0.009000 -0.002924 -0.007672 0.009000 -0.002826 -0.008006 0.009000 0.002691 0.008326 0.009000 0.002518 0.008631 0.009000 0.002310 0.008914 0.009000 0.002070 0.009171 0.009000 0.001802 0.009398 0.009000 0.001509 0.009593 0.009000 0.001196 0.009751 0.009000 0.000866 0.009872 0.009000 0.000525 0.009954 0.009000 0.000176 0.009995 0.009000 -0.000176 0.009995 0.009000 -0.000525 0.009954 0.009000 -0.000866 0.009872 0.009000 -0.001196 0.009751 0.009000 -0.001509 0.009593 0.009000 -0.001802 0.009398 0.009000 -0.002070 0.009171 0.009000 -0.002310 0.008914 0.009000 -0.002518 0.008631 0.009000 -0.002691 0.008326 0.009000 -0.002826 0.008006 0.009000 -0.002924 0.007672 0.009000 -0.002982 0.007329 0.009000 -0.003000 0.006982 0.009000 -0.002978 0.006635 0.009000 -0.002916 0.006294 0.009000 -0.002814 0.005961 0.009000 -0.002675 0.005643 0.009000 -0.002500 0.005342 0.009000 -0.002292 0.005064 0.009000 -0.002053 0.004812 0.009000 -0.001786 0.004589 0.009000 -0.001495 0.004399 0.009000 -0.001184 0.004244 0.009000 -0.000857 0.004125 0.009000 -0.000519 0.004045 0.009000 -0.000174 0.004005 0.009000 0.000174 0.004005 0.009000 0.000519 0.004045 0.009000 0.000857 0.004125 0.009000 0.001184 0.004244 0.009000 0.001495 0.004399 0.009000 0.001786 0.004589 0.009000 0.002053 0.004812 0.009000 0.002292 0.005064 0.009000 0.002500 0.005342 0.009000 0.002675 0.005643 0.009000 0.002814 0.005961 0.009000 0.002916 0.006294 0.009000 0.002978 0.006635 0.009000 0.003000 0.006982 0.009000 0.002982 0.007329 0.009000 0.002924 0.007672 0.009000 0.002826 0.008006 0.009000 -0.003247 -0.008125 0.009000 -0.003788 -0.007888 0.009000 -0.004312 -0.007614 0.009000 -0.004816 -0.007306 0.009000 -0.005298 -0.006964 0.009000 -0.005756 -0.006591 0.009000 -0.006187 -0.006187 0.009000 -0.006591 -0.005756 0.009000 -0.006964 -0.005298 0.009000 -0.007306 -0.004816 0.009000 -0.007614 -0.004312 0.009000 -0.007888 -0.003788 0.009000 -0.008125 -0.003247 0.009000 -0.008326 -0.002691 0.009000 -0.008631 -0.002518 0.009000 -0.008914 -0.002310 0.009000 -0.009171 -0.002070 0.009000 -0.009398 -0.001802 0.009000 -0.009593 -0.001509 0.009000 -0.009751 -0.001196 0.009000 -0.009872 -0.000866 0.009000 -0.009954 -0.000525 0.009000 -0.009995 -0.000176 0.009000 -0.009995 0.000176 0.009000 -0.009954 0.000525 0.009000 -0.009872 0.000866 0.009000 -0.009751 0.001196 0.009000 -0.009593 0.001509 0.009000 -0.009398 0.001802 0.009000 -0.009171 0.002070 0.009000 -0.008914 0.002310 0.009000 -0.008631 0.002518 0.009000 -0.008326 0.002691 0.009000 -0.008125 0.003247 0.009000 -0.007888 0.003788 0.009000 -0.007614 0.004312 0.009000 -0.007306 0.004816 0.009000 -0.006964 0.005298 0.009000 -0.006591 0.005756 0.009000 -0.006187 0.006187 0.009000 -0.005756 0.006591 0.009000 -0.005298 0.006964 0.009000 -0.004816 0.007306 0.009000 -0.004312 0.007614 0.009000 -0.003788 0.007888 0.009000 -0.003247 0.008125 0.009000 0.003247 0.008125 0.009000 0.003788 0.007888 0.009000 0.004312 0.007614 0.009000 0.004816 0.007306 0.009000 0.005298 0.006964 0.009000 0.005756 0.006591 0.009000 0.006187 0.006187 0.009000 0.006591 0.005756 0.009000 0.006964 0.005298 0.009000 0.007306 0.004816 0.009000 0.007614 0.004312 0.009000 0.007888 0.003788 0.009000 0.008125 0.003247 0.009000 0.008326 0.002691 0.009000 0.008631 0.002518 0.009000 0.008914 0.002310 0.009000 0.009171 0.002070 0.009000 0.009398 0.001802 0.009000 0.009593 0.001509 0.009000 0.009751 0.001196 0.009000 0.009872 0.000866 0.009000 0.009954 0.000525 0.009000 0.009995 0.000176 0.009000 0.009995 -0.000176 0.009000 0.009954 -0.000525 0.009000 0.009872 -0.000866 0.009000 0.009751 -0.001196 0.009000 0.009593 -0.001509 0.009000 0.009398 -0.001802 0.009000 0.009171 -0.002070 0.009000 0.008914 -0.002310 0.009000 0.008631 -0.002518 0.009000 0.008326 -0.002691 0.009000 0.008125 -0.003247 0.009000 0.007888 -0.003788 0.009000 0.007614 -0.004312 0.009000 0.007306 -0.004816 0.009000 0.006964 -0.005298 0.009000 0.006591 -0.005756 0.009000 0.006187 -0.006187 0.009000 0.005756 -0.006591 0.009000 0.005298 -0.006964 0.009000 0.004816 -0.007306 0.009000 0.004312 -0.007614 0.009000 0.003788 -0.007888 0.009000 0.003247 -0.008125 0.009000 0.011000 0.000000 0.009000 0.010979 0.000677 0.009000 0.010917 0.001352 0.009000 0.010813 0.002021 0.009000 0.010668 0.002683 0.009000 0.010482 0.003335 0.009000 0.010257 0.003974 0.009000 0.009993 0.004598 0.009000 0.009691 0.005204 0.009000 0.009352 0.005791 0.009000 0.008978 0.006356 0.009000 0.008570 0.006896 0.009000 0.008129 0.007411 0.009000 0.007657 0.007897 0.009000 0.007157 0.008353 0.009000 0.006629 0.008778 0.009000 0.006076 0.009170 0.009000 0.005500 0.009526 0.009000 0.004903 0.009847 0.009000 0.004288 0.010130 0.009000 0.003656 0.010375 0.009000 0.003010 0.010580 0.009000 0.002353 0.010745 0.009000 0.001687 0.010870 0.009000 0.001015 0.010953 0.009000 0.000339 0.010995 0.009000 -0.000339 0.010995 0.009000 -0.001015 0.010953 0.009000 -0.001687 0.010870 0.009000 -0.002353 0.010745 0.009000 -0.003010 0.010580 0.009000 -0.003656 0.010375 0.009000 -0.004288 0.010130 0.009000 -0.004903 0.009847 0.009000 -0.005500 0.009526 0.009000 -0.006076 0.009170 0.009000 -0.006629 0.008778 0.009000 -0.007157 0.008353 0.009000 -0.007657 0.007897 0.009000 -0.008129 0.007411 0.009000 -0.008570 0.006896 0.009000 -0.008978 0.006356 0.009000 -0.009352 0.005791 0.009000 -0.009691 0.005204 0.009000 -0.009993 0.004598 0.009000 -0.010257 0.003974 0.009000 -0.010482 0.003335 0.009000 -0.010668 0.002683 0.009000 -0.010813 0.002021 0.009000 -0.010917 0.001352 0.009000 -0.010979 0.000677 0.009000 -0.011000 0.000000 0.009000 -0.010979 -0.000677 0.009000 -0.010917 -0.001352 0.009000 -0.010813 -0.002021 0.009000 -0.010668 -0.002683 0.009000 -0.010482 -0.003335 0.009000 -0.010257 -0.003974 0.009000 -0.009993 -0.004598 0.009000 -0.009691 -0.005204 0.009000 -0.009352 -0.005791 0.009000 -0.008978 -0.006356 0.009000 -0.008570 -0.006896 0.009000 -0.008129 -0.007411 0.009000 -0.007657 -0.007897 0.009000 -0.007157 -0.008353 0.009000 -0.006629 -0.008778 0.009000 -0.006076 -0.009170 0.009000 -0.005500 -0.009526 0.009000 -0.004903 -0.009847 0.009000 -0.004288 -0.010130 0.009000 -0.003656 -0.010375 0.009000 -0.003010 -0.010580 0.009000 -0.002353 -0.010745 0.009000 -0.001687 -0.010870 0.009000 -0.001015 -0.010953 0.009000 -0.000339 -0.010995 0.009000 0.000339 -0.010995 0.009000 0.001015 -0.010953 0.009000 0.001687 -0.010870 0.009000 0.002353 -0.010745 0.009000 0.003010 -0.010580 0.009000 0.003656 -0.010375 0.009000 0.004288 -0.010130 0.009000 0.004903 -0.009847 0.009000 0.005500 -0.009526 0.009000 0.006076 -0.009170 0.009000 0.006629 -0.008778 0.009000 0.007157 -0.008353 0.009000 0.007657 -0.007897 0.009000 0.008129 -0.007411 0.009000 0.008570 -0.006896 0.009000 0.008978 -0.006356 0.009000 0.009352 -0.005791 0.009000 0.009691 -0.005204 0.009000 0.009993 -0.004598 0.009000 0.010257 -0.003974 0.009000 0.010482 -0.003335 0.009000 0.010668 -0.002683 0.009000 0.010813 -0.002021 0.009000 0.010917 -0.001352 0.009000 0.010979 -0.000677 0.009000 -0.008006 -0.002826 0.009000 -0.007672 -0.002924 0.009000 -0.007329 -0.002982 0.009000 -0.006982 -0.003000 0.009000 -0.006635 -0.002978 0.009000 -0.006294 -0.002916 0.009000 -0.005961 -0.002814 0.009000 -0.005643 -0.002675 0.009000 -0.005342 -0.002500 0.009000 -0.005064 -0.002292 0.009000 -0.004812 -0.002053 0.009000 -0.004589 -0.001786 0.009000 -0.004399 -0.001495 0.009000 -0.004244 -0.001184 0.009000 -0.004125 -0.000857 0.009000 -0.004045 -0.000519 0.009000 -0.004005 -0.000174 0.009000 -0.004005 0.000174 0.009000 -0.004045 0.000519 0.009000 -0.004125 0.000857 0.009000 -0.004244 0.001184 0.009000 -0.004399 0.001495 0.009000 -0.004589 0.001786 0.009000 -0.004812 0.002053 0.009000 -0.005064 0.002292 0.009000 -0.005342 0.002500 0.009000 -0.005643 0.002675 0.009000 -0.005961 0.002814 0.009000 -0.006294 0.002916 0.009000 -0.006635 0.002978 0.009000 -0.006982 0.003000 0.009000 -0.007329 0.002982 0.009000 -0.007672 0.002924 0.009000 -0.008006 0.002826 0.009000 0.011000 -0.000000 0.001000 0.010979 -0.000677 0.001000 0.010917 -0.001352 0.001000 0.010813 -0.002021 0.001000 0.010668 -0.002683 0.001000 0.010482 -0.003335 0.001000 0.010257 -0.003974 0.001000 0.009993 -0.004598 0.001000 0.009691 -0.005204 0.001000 0.009352 -0.005791 0.001000 0.008978 -0.006356 0.001000 0.008570 -0.006896 0.001000 0.008129 -0.007411 0.001000 0.007657 -0.007897 0.001000 0.007157 -0.008353 0.001000 0.006629 -0.008778 0.001000 0.006076 -0.009170 0.001000 0.005500 -0.009526 0.001000 0.004903 -0.009847 0.001000 0.004288 -0.010130 0.001000 0.003656 -0.010375 0.001000 0.003010 -0.010580 0.001000 0.002353 -0.010745 0.001000 0.001687 -0.010870 0.001000 0.001015 -0.010953 0.001000 0.000339 -0.010995 0.001000 -0.000339 -0.010995 0.001000 -0.001015 -0.010953 0.001000 -0.001687 -0.010870 0.001000 -0.002353 -0.010745 0.001000 -0.003010 -0.010580 0.001000 -0.003656 -0.010375 0.001000 -0.004288 -0.010130 0.001000 -0.004903 -0.009847 0.001000 -0.005500 -0.009526 0.001000 -0.006076 -0.009170 0.001000 -0.006629 -0.008778 0.001000 -0.007157 -0.008353 0.001000 -0.007657 -0.007897 0.001000 -0.008129 -0.007411 0.001000 -0.008570 -0.006896 0.001000 -0.008978 -0.006356 0.001000 -0.009352 -0.005791 0.001000 -0.009691 -0.005204 0.001000 -0.009993 -0.004598 0.001000 -0.010257 -0.003974 0.001000 -0.010482 -0.003335 0.001000 -0.010668 -0.002683 0.001000 -0.010813 -0.002021 0.001000 -0.010917 -0.001352 0.001000 -0.010979 -0.000677 0.001000 -0.011000 0.000000 0.001000 -0.010979 0.000677 0.001000 -0.010917 0.001352 0.001000 -0.010813 0.002021 0.001000 -0.010668 0.002683 0.001000 -0.010482 0.003335 0.001000 -0.010257 0.003974 0.001000 -0.009993 0.004598 0.001000 -0.009691 0.005204 0.001000 -0.009352 0.005791 0.001000 -0.008978 0.006356 0.001000 -0.008570 0.006896 0.001000 -0.008129 0.007411 0.001000 -0.007657 0.007897 0.001000 -0.007157 0.008353 0.001000 -0.006629 0.008778 0.001000 -0.006076 0.009170 0.001000 -0.005500 0.009526 0.001000 -0.004903 0.009847 0.001000 -0.004288 0.010130 0.001000 -0.003656 0.010375 0.001000 -0.003010 0.010580 0.001000 -0.002353 0.010745 0.001000 -0.001687 0.010870 0.001000 -0.001015 0.010953 0.001000 -0.000339 0.010995 0.001000 0.000339 0.010995 0.001000 0.001015 0.010953 0.001000 0.001687 0.010870 0.001000 0.002353 0.010745 0.001000 0.003010 0.010580 0.001000 0.003656 0.010375 0.001000 0.004288 0.010130 0.001000 0.004903 0.009847 0.001000 0.005500 0.009526 0.001000 0.006076 0.009170 0.001000 0.006629 0.008778 0.001000 0.007157 0.008353 0.001000 0.007657 0.007897 0.001000 0.008129 0.007411 0.001000 0.008570 0.006896 0.001000 0.008978 0.006356 0.001000 0.009352 0.005791 0.001000 0.009691 0.005204 0.001000 0.009993 0.004598 0.001000 0.010257 0.003974 0.001000 0.010482 0.003335 0.001000 0.010668 0.002683 0.001000 0.010813 0.002021 0.001000 0.010917 0.001352 0.001000 0.010979 0.000677 0.001000 0.010000 0.000000 0.000000 0.009979 0.000641 0.000000 0.009918 0.001279 0.000000 0.009816 0.001912 0.000000 0.009673 0.002537 0.000000 0.009491 0.003151 0.000000 0.009269 0.003753 0.000000 0.009010 0.004339 0.000000 0.008713 0.004907 0.000000 0.008381 0.005455 0.000000 0.008014 0.005981 0.000000 0.007614 0.006482 0.000000 0.007183 0.006957 0.000000 0.006723 0.007403 0.000000 0.006235 0.007818 0.000000 0.005721 0.008202 0.000000 0.005184 0.008551 0.000000 0.004625 0.008866 0.000000 0.004048 0.009144 0.000000 0.003454 0.009385 0.000000 0.002845 0.009587 0.000000 0.002225 0.009749 0.000000 0.001596 0.009872 0.000000 0.000960 0.009954 0.000000 0.000321 0.009995 0.000000 -0.000321 0.009995 0.000000 -0.000960 0.009954 0.000000 -0.001596 0.009872 0.000000 -0.002225 0.009749 0.000000 -0.002845 0.009587 0.000000 -0.003454 0.009385 0.000000 -0.004048 0.009144 0.000000 -0.004625 0.008866 0.000000 -0.005184 0.008551 0.000000 -0.005721 0.008202 0.000000 -0.006235 0.007818 0.000000 -0.006723 0.007403 0.000000 -0.007183 0.006957 0.000000 -0.007614 0.006482 0.000000 -0.008014 0.005981 0.000000 -0.008381 0.005455 0.000000 -0.008713 0.004907 0.000000 -0.009010 0.004339 0.000000 -0.009269 0.003753 0.000000 -0.009491 0.003151 0.000000 -0.009673 0.002537 0.000000 -0.009816 0.001912 0.000000 -0.009918 0.001279 0.000000 -0.009979 0.000641 0.000000 -0.010000 0.000000 0.000000 -0.009979 -0.000641 0.000000 -0.009918 -0.001279 0.000000 -0.009816 -0.001912 0.000000 -0.009673 -0.002537 0.000000 -0.009491 -0.003151 0.000000 -0.009269 -0.003753 0.000000 -0.009010 -0.004339 0.000000 -0.008713 -0.004907 0.000000 -0.008381 -0.005455 0.000000 -0.008014 -0.005981 0.000000 -0.007614 -0.006482 0.000000 -0.007183 -0.006957 0.000000 -0.006723 -0.007403 0.000000 -0.006235 -0.007818 0.000000 -0.005721 -0.008202 0.000000 -0.005184 -0.008551 0.000000 -0.004625 -0.008866 0.000000 -0.004048 -0.009144 0.000000 -0.003454 -0.009385 0.000000 -0.002845 -0.009587 0.000000 -0.002225 -0.009749 0.000000 -0.001596 -0.009872 0.000000 -0.000960 -0.009954 0.000000 -0.000321 -0.009995 0.000000 0.000321 -0.009995 0.000000 0.000960 -0.009954 0.000000 0.001596 -0.009872 0.000000 0.002225 -0.009749 0.000000 0.002845 -0.009587 0.000000 0.003454 -0.009385 0.000000 0.004048 -0.009144 0.000000 0.004625 -0.008866 0.000000 0.005184 -0.008551 0.000000 0.005721 -0.008202 0.000000 0.006235 -0.007818 0.000000 0.006723 -0.007403 0.000000 0.007183 -0.006957 0.000000 0.007614 -0.006482 0.000000 0.008014 -0.005981 0.000000 0.008381 -0.005455 0.000000 0.008713 -0.004907 0.000000 0.009010 -0.004339 0.000000 0.009269 -0.003753 0.000000 0.009491 -0.003151 0.000000 0.009673 -0.002537 0.000000 0.009816 -0.001912 0.000000 0.009918 -0.001279 0.000000 0.009979 -0.000641 0.000000 -0.001736 -0.000016 0.000000 -0.001716 -0.000274 0.000000 -0.001655 -0.000526 0.000000 -0.001556 -0.000765 0.000000 -0.001421 -0.000986 0.000000 -0.001253 -0.001183 0.000000 -0.001056 -0.001351 0.000000 -0.000835 -0.001486 0.000000 -0.000596 -0.001585 0.000000 -0.000344 -0.001646 0.000000 -0.000086 -0.001666 0.000000 0.000172 -0.001646 0.000000 0.000424 -0.001585 0.000000 0.000663 -0.001486 0.000000 0.000884 -0.001351 0.000000 0.001081 -0.001183 0.000000 0.001249 -0.000986 0.000000 0.001384 -0.000765 0.000000 0.001483 -0.000526 0.000000 0.001544 -0.000274 0.000000 0.001564 -0.000016 0.000000 0.001544 0.000242 0.000000 0.001483 0.000494 0.000000 0.001384 0.000733 0.000000 0.001249 0.000954 0.000000 0.001081 0.001151 0.000000 0.000884 0.001319 0.000000 0.000663 0.001454 0.000000 0.000424 0.001553 0.000000 0.000172 0.001614 0.000000 -0.000086 0.001634 0.000000 -0.000344 0.001614 0.000000 -0.000596 0.001553 0.000000 -0.000835 0.001454 0.000000 -0.001056 0.001319 0.000000 -0.001253 0.001151 0.000000 -0.001421 0.000954 0.000000 -0.001556 0.000733 0.000000 -0.001655 0.000494 0.000000 -0.001716 0.000242 0.000000 0.008006 -0.002826 0.009000 0.007672 -0.002924 0.009000 0.007329 -0.002982 0.009000 0.006982 -0.003000 0.009000 0.006635 -0.002978 0.009000 0.006294 -0.002916 0.009000 0.005961 -0.002814 0.009000 0.005643 -0.002675 0.009000 0.005342 -0.002500 0.009000 0.005064 -0.002292 0.009000 0.004812 -0.002053 0.009000 0.004589 -0.001786 0.009000 0.004399 -0.001495 0.009000 0.004244 -0.001184 0.009000 0.004125 -0.000857 0.009000 0.004045 -0.000519 0.009000 0.004005 -0.000174 0.009000 0.004005 0.000174 0.009000 0.004045 0.000519 0.009000 0.004125 0.000857 0.009000 0.004244 0.001184 0.009000 0.004399 0.001495 0.009000 0.004589 0.001786 0.009000 0.004812 0.002053 0.009000 0.005064 0.002292 0.009000 0.005342 0.002500 0.009000 0.005643 0.002675 0.009000 0.005961 0.002814 0.009000 0.006294 0.002916 0.009000 0.006635 0.002978 0.009000 0.006982 0.003000 0.009000 0.007329 0.002982 0.009000 0.007672 0.002924 0.009000 0.008006 0.002826 0.009000 0.001564 -0.000016 0.011000 0.001544 0.000242 0.011000 0.001483 0.000494 0.011000 0.001384 0.000733 0.011000 0.001249 0.000954 0.011000 0.001081 0.001151 0.011000 0.000884 0.001319 0.011000 0.000663 0.001454 0.011000 0.000424 0.001553 0.011000 0.000172 0.001614 0.011000 -0.000086 0.001634 0.011000 -0.000344 0.001614 0.011000 -0.000596 0.001553 0.011000 -0.000835 0.001454 0.011000 -0.001056 0.001319 0.011000 -0.001253 0.001151 0.011000 -0.001421 0.000954 0.011000 -0.001556 0.000733 0.011000 -0.001655 0.000494 0.011000 -0.001716 0.000242 0.011000 -0.001736 -0.000016 0.011000 -0.001716 -0.000274 0.011000 -0.001655 -0.000526 0.011000 -0.001556 -0.000765 0.011000 -0.001421 -0.000986 0.011000 -0.001253 -0.001183 0.011000 -0.001056 -0.001351 0.011000 -0.000835 -0.001486 0.011000 -0.000596 -0.001585 0.011000 -0.000344 -0.001646 0.011000 -0.000086 -0.001666 0.011000 0.000172 -0.001646 0.011000 0.000424 -0.001585 0.011000 0.000663 -0.001486 0.011000 0.000884 -0.001351 0.011000 0.001081 -0.001183 0.011000 0.001249 -0.000986 0.011000 0.001384 -0.000765 0.011000 0.001483 -0.000526 0.011000 0.001544 -0.000274 0.011000 -0.001736 -0.000016 0.005500 -0.001716 0.000242 0.005500 -0.001655 0.000494 0.005500 -0.001556 0.000733 0.005500 -0.001421 0.000954 0.005500 -0.001253 0.001151 0.005500 -0.001056 0.001319 0.005500 -0.000835 0.001454 0.005500 -0.000596 0.001553 0.005500 -0.000344 0.001614 0.005500 -0.000086 0.001634 0.005500 0.000172 0.001614 0.005500 0.000424 0.001553 0.005500 0.000663 0.001454 0.005500 0.000884 0.001319 0.005500 0.001081 0.001151 0.005500 0.001249 0.000954 0.005500 0.001384 0.000733 0.005500 0.001483 0.000494 0.005500 0.001544 0.000242 0.005500 0.001564 -0.000016 0.005500 0.001544 -0.000274 0.005500 0.001483 -0.000526 0.005500 0.001384 -0.000765 0.005500 0.001249 -0.000986 0.005500 0.001081 -0.001183 0.005500 0.000884 -0.001351 0.005500 0.000663 -0.001486 0.005500 0.000424 -0.001585 0.005500 0.000172 -0.001646 0.005500 -0.000086 -0.001666 0.005500 -0.000344 -0.001646 0.005500 -0.000596 -0.001585 0.005500 -0.000835 -0.001486 0.005500 -0.001056 -0.001351 0.005500 -0.001253 -0.001183 0.005500 -0.001421 -0.000986 0.005500 -0.001556 -0.000765 0.005500 -0.001655 -0.000526 0.005500 -0.001716 -0.000274 0.005500</float_array>
          <technique_common>
            <accessor source="#motor_hub_link-mesh-positions-array" count="1354" stride="3">
              <param name="X" type="float"/>
              <param name="Y" type="float"/>
              <param name="Z" type="float"/>
            </accessor>
          </technique_common>
        </source>
        <source id="motor_hub_link-mesh-normals">
          <float_array id="motor_hub_link-mesh-normals-array" count="6597">-0.000000 -0.000000 1.000000 0.257401 0.027054 0.965926 -0.000000 -0.000000 1.000000 0.258819 0.000000 0.965926 0.257401 -0.027054 0.965926 0.500000 0.000000 0.866025 0.497261 -0.052264 0.866025 0.707107 0.000000 0.707107 0.703233 -0.073913 0.707107 0.866025 -0.000000 0.500000 0.861281 -0.090524 0.500000 0.965926 -0.000000 0.258819 0.960634 -0.100967 0.258819 1.000000 -0.000000 0.000000 0.993482 -0.113991 0.000000 0.253163 0.053812 0.965926 -0.000000 -0.000000 1.000000 0.246152 0.079979 0.965926 -0.000000 -0.000000 1.000000 0.236443 0.105271 0.965926 -0.000000 -0.000000 1.000000 0.224144 0.129410 0.965926 0.000000 0.000000 1.000000 0.209389 0.152130 0.965926 -0.000000 -0.000000 1.000000 0.192340 0.173184 0.965926 -0.000000 -0.000000 1.000000 0.173184 0.192340 0.965926 -0.000000 -0.000000 1.000000 0.152130 0.209389 0.965926 -0.000000 -0.000000 1.000000 0.129410 0.224144 0.965926 -0.000000 -0.000000 1.000000 0.105271 0.236443 0.965926 -0.000000 -0.000000 1.000000 0.079979 0.246152 0.965926 -0.000000 -0.000000 1.000000 0.053812 0.253163 0.965926 -0.000000 -0.000000 1.000000 0.027054 0.257401 0.965926 -0.000000 -0.000000 1.000000 0.000000 0.258819 0.965926 0.000000 -0.000000 1.000000 -0.027054 0.257401 0.965926 0.000000 -0.000000 1.000000 -0.053812 0.253163 0.965926 0.000000 -0.000000 1.000000 -0.079979 0.246152 0.965926 0.000000 -0.000000 1.000000 -0.105271 0.236443 0.965926 0.000000 -0.000000 1.000000 -0.129410 0.224144 0.965926 0.000000 -0.000000 1.000000 -0.152130 0.209389 0.965926 0.000000 -0.000000 1.000000 -0.173184 0.192340 0.965926 0.000000 -0.000000 1.000000 -0.192340 0.173184 0.965926 0.000000 -0.000000 1.000000 -0.209389 0.152130 0.965926 0.000000 -0.000000 1.000000 -0.224144 0.129410 0.965926 0.000000 -0.000000 1.000000 -0.236443 0.105271 0.965926 0.000000 -0.000000 1.000000 -0.246152 0.079979 0.965926 -0.000000 0.000000 1.000000 -0.253163 0.053812 0.965926 0.000000 -0.000000 1.000000 -0.257401 0.027054 0.965926 0.000000 -0.000000 1.000000 -0.258819 0.000000 0.965926 -0.257401 -0.027054 0.965926 -0.497261 -0.052264 0.866025 -0.489074 -0.103956 0.866025 -0.691655 -0.147016 0.707107 -0.672499 -0.218508 0.707107 -0.823639 -0.267617 0.500000 -0.791154 -0.352244 0.500000 -0.882417 -0.392877 0.258819 -0.836516 -0.482963 0.258819 -0.870746 -0.491733 0.000000 -0.809017 -0.587785 0.000000 -0.781450 -0.567757 0.258819 -0.717823 -0.646331 0.258819 -0.700629 -0.509037 0.500000 -0.643582 -0.579484 0.500000 -0.572061 -0.415627 0.707107 -0.525483 -0.473147 0.707107 -0.404508 -0.293893 0.866025 -0.371572 -0.334565 0.866025 -0.209389 -0.152130 0.965926 -0.192340 -0.173184 0.965926 0.000000 0.000000 1.000000 0.000000 0.000000 1.000000 0.000000 0.000000 1.000000 -0.253163 -0.053812 0.965926 -0.475528 -0.154508 0.866025 -0.645974 -0.287606 0.707107 -0.750000 -0.433013 0.500000 -0.000000 -0.000000 1.000000 -0.246152 -0.079979 0.965926 -0.456773 -0.203368 0.866025 -0.612372 -0.353553 0.707107 0.000000 0.000000 1.000000 -0.236443 -0.105271 0.965926 -0.433013 -0.250000 0.866025 0.000000 0.000000 1.000000 -0.224144 -0.129410 0.965926 0.000000 0.000000 1.000000 -0.173184 -0.192340 0.965926 0.000000 0.000000 1.000000 -0.152130 -0.209389 0.965926 0.000000 0.000000 1.000000 -0.129410 -0.224144 0.965926 0.000000 0.000000 1.000000 -0.105271 -0.236443 0.965926 0.000000 0.000000 1.000000 -0.079979 -0.246152 0.965926 0.000000 0.000000 1.000000 -0.053812 -0.253163 0.965926 0.000000 0.000000 1.000000 -0.027054 -0.257401 0.965926 0.000000 0.000000 1.000000 0.000000 -0.258819 0.965926 -0.000000 0.000000 1.000000 0.027054 -0.257401 0.965926 -0.000000 0.000000 1.000000 0.053812 -0.253163 0.965926 -0.000000 0.000000 1.000000 0.079979 -0.246152 0.965926 -0.000000 0.000000 1.000000 0.105271 -0.236443 0.965926 -0.000000 0.000000 1.000000 0.129410 -0.224144 0.965926 -0.000000 0.000000 1.000000 0.152130 -0.209389 0.965926 -0.000000 0.000000 1.000000 0.173184 -0.192340 0.965926 -0.000000 0.000000 1.000000 0.192340 -0.173184 0.965926 -0.000000 0.000000 1.000000 0.209389 -0.152130 0.965926 0.000000 -0.000000 1.000000 0.224144 -0.129410 0.965926 -0.000000 0.000000 1.000000 0.236443 -0.105271 0.965926 -0.000000 0.000000 1.000000 0.246152 -0.079979 0.965926 -0.000000 0.000000 1.000000 0.253163 -0.053812 0.965926 -0.000000 0.000000 1.000000 0.944818 -0.200827 0.258819 0.974012 -0.226497 0.000000 0.918650 -0.298487 0.258819 0.941844 -0.336049 0.000000 0.882417 -0.392877 0.258819 0.897398 -0.441221 0.000000 0.836516 -0.482963 0.258819 0.841254 -0.540641 0.000000 0.781450 -0.567757 0.258819 0.774142 -0.633012 0.000000 0.717823 -0.646331 0.258819 0.696938 -0.717132 0.000000 0.646331 -0.717823 0.258819 0.610648 -0.791902 0.000000 0.567757 -0.781450 0.258819 0.516397 -0.856349 0.000000 0.482963 -0.836516 0.258819 0.415415 -0.909632 0.000000 0.392877 -0.882417 0.258819 0.309017 -0.951057 0.000000 0.298487 -0.918650 0.258819 0.200827 -0.944818 0.258819 0.180057 -0.847101 0.500000 0.090524 -0.861281 0.500000 0.073913 -0.703233 0.707107 0.000000 -0.707107 0.707107 0.000000 -0.500000 0.866025 -0.052264 -0.497261 0.866025 0.198590 -0.980083 0.000000 0.100967 -0.960634 0.258819 0.000000 -0.866025 0.500000 -0.073913 -0.703233 0.707107 -0.103956 -0.489074 0.866025 0.085575 -0.996332 0.000000 0.000000 -0.965926 0.258819 -0.090524 -0.861281 0.500000 -0.147016 -0.691655 0.707107 -0.154508 -0.475528 0.866025 -0.028556 -0.999592 0.000000 -0.100967 -0.960634 0.258819 -0.180057 -0.847101 0.500000 -0.218508 -0.672499 0.707107 -0.203368 -0.456773 0.866025 -0.142315 -0.989821 0.000000 -0.200827 -0.944818 0.258819 -0.267617 -0.823639 0.500000 -0.287606 -0.645974 0.707107 -0.250000 -0.433013 0.866025 -0.254218 -0.967147 0.000000 -0.298487 -0.918650 0.258819 -0.352244 -0.791154 0.500000 -0.353553 -0.612372 0.707107 -0.293893 -0.404508 0.866025 -0.362808 -0.931864 0.000000 -0.392877 -0.882417 0.258819 -0.433013 -0.750000 0.500000 -0.415627 -0.572061 0.707107 -0.334565 -0.371572 0.866025 -0.466667 -0.884433 0.000000 -0.482963 -0.836516 0.258819 -0.509037 -0.700629 0.500000 -0.473147 -0.525483 0.707107 -0.564443 -0.825472 0.000000 -0.567757 -0.781450 0.258819 -0.579484 -0.643582 0.500000 -0.654861 -0.755750 0.000000 -0.646331 -0.717823 0.258819 -0.736741 -0.676175 0.000000 -0.921124 -0.389270 0.000000 -0.918650 -0.298487 0.258819 -0.847101 -0.180057 0.500000 -0.703233 -0.073913 0.707107 -0.500000 -0.000000 0.866025 -0.959493 -0.281733 0.000000 -0.944818 -0.200827 0.258819 -0.861281 -0.090524 0.500000 -0.707107 -0.000000 0.707107 -0.497261 0.052264 0.866025 -0.985354 -0.170522 0.000000 -0.960634 -0.100967 0.258819 -0.866025 -0.000000 0.500000 -0.703233 0.073913 0.707107 -0.489074 0.103956 0.866025 -0.998369 -0.057089 0.000000 -0.965926 -0.000000 0.258819 -0.861281 0.090524 0.500000 -0.691655 0.147016 0.707107 -0.475528 0.154508 0.866025 -0.998369 0.057089 0.000000 -0.960634 0.100967 0.258819 -0.847101 0.180057 0.500000 -0.672499 0.218508 0.707107 -0.456773 0.203368 0.866025 -0.985354 0.170522 0.000000 -0.944818 0.200827 0.258819 -0.823639 0.267617 0.500000 -0.645974 0.287606 0.707107 -0.433013 0.250000 0.866025 -0.959493 0.281733 0.000000 -0.918650 0.298487 0.258819 -0.791154 0.352244 0.500000 -0.612372 0.353553 0.707107 -0.404508 0.293893 0.866025 -0.921124 0.389270 0.000000 -0.882417 0.392877 0.258819 -0.750000 0.433013 0.500000 -0.572061 0.415627 0.707107 -0.371572 0.334565 0.866025 -0.870746 0.491733 0.000000 -0.836516 0.482963 0.258819 -0.700629 0.509037 0.500000 -0.525483 0.473147 0.707107 -0.334565 0.371572 0.866025 -0.809017 0.587785 0.000000 -0.781450 0.567757 0.258819 -0.643582 0.579484 0.500000 -0.473147 0.525483 0.707107 -0.293893 0.404508 0.866025 -0.717823 0.646331 0.258819 -0.736741 0.676175 0.000000 -0.646331 0.717823 0.258819 -0.654861 0.755750 0.000000 -0.567757 0.781450 0.258819 -0.564443 0.825472 0.000000 -0.482963 0.836516 0.258819 -0.466667 0.884433 0.000000 -0.392877 0.882417 0.258819 -0.362808 0.931864 0.000000 -0.298487 0.918650 0.258819 -0.254218 0.967147 0.000000 -0.200827 0.944818 0.258819 -0.142315 0.989821 0.000000 -0.100967 0.960634 0.258819 -0.028556 0.999592 0.000000 0.000000 0.965926 0.258819 0.085575 0.996332 0.000000 0.100967 0.960634 0.258819 0.198590 0.980083 0.000000 0.200827 0.944818 0.258819 0.309017 0.951057 0.000000 0.298487 0.918650 0.258819 0.392877 0.882417 0.258819 0.352244 0.791154 0.500000 0.433013 0.750000 0.500000 0.353553 0.612372 0.707107 0.415627 0.572061 0.707107 0.293893 0.404508 0.866025 0.334565 0.371572 0.866025 0.415415 0.909632 0.000000 0.482963 0.836516 0.258819 0.509037 0.700629 0.500000 0.473147 0.525483 0.707107 0.371572 0.334565 0.866025 0.516397 0.856349 0.000000 0.567757 0.781450 0.258819 0.579484 0.643582 0.500000 0.525483 0.473147 0.707107 0.404508 0.293893 0.866025 0.610648 0.791902 0.000000 0.646331 0.717823 0.258819 0.643582 0.579484 0.500000 0.572061 0.415627 0.707107 0.433013 0.250000 0.866025 0.696938 0.717132 0.000000 0.717823 0.646331 0.258819 0.700629 0.509037 0.500000 0.612372 0.353553 0.707107 0.456773 0.203368 0.866025 0.774142 0.633012 0.000000 0.781450 0.567757 0.258819 0.750000 0.433013 0.500000 0.645974 0.287606 0.707107 0.475528 0.154508 0.866025 0.841254 0.540641 0.000000 0.836516 0.482963 0.258819 0.791154 0.352244 0.500000 0.672499 0.218508 0.707107 0.489074 0.103956 0.866025 0.897398 0.441221 0.000000 0.882417 0.392877 0.258819 0.823639 0.267617 0.500000 0.691655 0.147016 0.707107 0.497261 0.052264 0.866025 0.941844 0.336049 0.000000 0.918650 0.298487 0.258819 0.847101 0.180057 0.500000 0.703233 0.073913 0.707107 0.974012 0.226497 0.000000 0.944818 0.200827 0.258819 0.861281 0.090524 0.500000 0.993482 0.113991 0.000000 0.960634 0.100967 0.258819 0.250000 0.433013 0.866025 0.287606 0.645974 0.707107 0.267617 0.823639 0.500000 0.203368 0.456773 0.866025 0.218508 0.672499 0.707107 0.180057 0.847101 0.500000 0.154508 0.475528 0.866025 0.147016 0.691655 0.707107 0.090524 0.861281 0.500000 0.103956 0.489074 0.866025 0.073913 0.703233 0.707107 0.000000 0.866025 0.500000 0.052264 0.497261 0.866025 0.000000 0.707107 0.707107 -0.090524 0.861281 0.500000 0.000000 0.500000 0.866025 -0.073913 0.703233 0.707107 -0.180057 0.847101 0.500000 -0.052264 0.497261 0.866025 -0.147016 0.691655 0.707107 -0.267617 0.823639 0.500000 -0.103956 0.489074 0.866025 -0.218508 0.672499 0.707107 -0.352244 0.791154 0.500000 -0.154508 0.475528 0.866025 -0.287606 0.645974 0.707107 -0.433013 0.750000 0.500000 -0.203368 0.456773 0.866025 -0.353553 0.612372 0.707107 -0.509037 0.700629 0.500000 -0.250000 0.433013 0.866025 -0.415627 0.572061 0.707107 -0.579484 0.643582 0.500000 0.052264 -0.497261 0.866025 0.147016 -0.691655 0.707107 0.267617 -0.823639 0.500000 0.103956 -0.489074 0.866025 0.218508 -0.672499 0.707107 0.352244 -0.791154 0.500000 0.154508 -0.475528 0.866025 0.287606 -0.645974 0.707107 0.433013 -0.750000 0.500000 0.203368 -0.456773 0.866025 0.353553 -0.612372 0.707107 0.509037 -0.700629 0.500000 0.250000 -0.433013 0.866025 0.415627 -0.572061 0.707107 0.579484 -0.643582 0.500000 0.293893 -0.404508 0.866025 0.473147 -0.525483 0.707107 0.643582 -0.579484 0.500000 0.334565 -0.371572 0.866025 0.525483 -0.473147 0.707107 0.700629 -0.509037 0.500000 0.371572 -0.334565 0.866025 0.572061 -0.415627 0.707107 0.750000 -0.433013 0.500000 0.404508 -0.293893 0.866025 0.612372 -0.353553 0.707107 0.791154 -0.352244 0.500000 0.433013 -0.250000 0.866025 0.645974 -0.287606 0.707107 0.823639 -0.267617 0.500000 0.456773 -0.203368 0.866025 0.672499 -0.218508 0.707107 0.847101 -0.180057 0.500000 0.475528 -0.154508 0.866025 0.691655 -0.147016 0.707107 0.489074 -0.103956 0.866025 0.000000 0.000000 1.000000 0.000000 0.000000 1.000000 0.000000 0.000000 1.000000 0.000000 0.000000 1.000000 0.000000 0.000000 1.000000 0.000000 0.000000 1.000000 0.000000 0.000000 1.000000 0.000000 0.000000 1.000000 0.000000 0.000000 1.000000 0.000000 0.000000 1.000000 0.000000 0.000000 1.000000 0.000000 0.000000 1.000000 0.000000 0.000000 1.000000 0.000000 0.000000 1.000000 0.000000 0.000000 1.000000 0.000000 0.000000 1.000000 0.000000 0.000000 1.000000 0.000000 0.000000 1.000000 0.000000 0.000000 1.000000 0.000000 0.000000 1.000000 0.000000 0.000000 1.000000 0.000000 0.000000 1.000000 0.000000 0.000000 1.000000 0.000000 0.000000 1.000000 0.000000 0.000000 1.000000 0.000000 0.000000 1.000000 0.000000 0.000000 1.000000 0.000000 0.000000 1.000000 0.000000 0.000000 1.000000 0.000000 0.000000 1.000000 0.000000 0.000000 1.000000 0.000000 0.000000 1.000000 0.000000 0.000000 1.000000 0.000000 0.000000 1.000000 0.000000 0.000000 1.000000 0.000000 0.000000 1.000000 0.000000 0.000000 1.000000 0.000000 0.000000 1.000000 0.000000 0.000000 1.000000 0.000000 0.000000 1.000000 0.000000 0.000000 1.000000 0.000000 0.000000 1.000000 0.000000 0.000000 1.000000 0.000000 0.000000 1.000000 0.000000 0.000000 1.000000 0.000000 0.000000 1.000000 0.000000 0.000000 1.000000 0.000000 0.000000 1.000000 0.000000 0.000000 1.000000 0.000000 0.000000 1.000000 0.000000 0.000000 1.000000 0.000000 0.000000 1.000000 0.000000 0.000000 1.000000 0.000000 0.000000 1.000000 0.000000 0.000000 1.000000 0.000000 0.000000 1.000000 0.000000 0.000000 1.000000 0.000000 0.000000 1.000000 0.000000 0.000000 1.000000 0.000000 0.000000 1.000000 0.000000 0.000000 1.000000 0.000000 0.000000 1.000000 0.000000 0.000000 1.000000 0.000000 0.000000 1.000000 0.000000 0.000000 1.000000 0.000000 0.000000 1.000000 0.000000 0.000000 1.000000 0.000000 0.000000 1.000000 0.000000 0.000000 1.000000 0.000000 0.000000 1.000000 0.000000 0.000000 1.000000 0.000000 0.000000 1.000000 0.000000 0.000000 1.000000 0.000000 0.000000 1.000000 0.000000 0.000000 1.000000 0.000000 0.000000 1.000000 0.000000 0.000000 1.000000 0.000000 0.000000 1.000000 0.000000 0.000000 1.000000 0.000000 0.000000 1.000000 0.000000 0.000000 1.000000 0.000000 0.000000 1.000000 0.000000 0.000000 1.000000 0.000000 0.000000 1.000000 0.000000 0.000000 1.000000 0.000000 0.000000 1.000000 0.000000 0.000000 1.000000 0.000000 0.000000 1.000000 0.000000 0.000000 1.000000 0.000000 0.000000 1.000000 0.000000 0.000000 1.000000 0.000000 0.000000 1.000000 0.000000 0.000000 1.000000 0.000000 0.000000 1.000000 0.000000 0.000000 1.000000 0.000000 0.000000 1.000000 0.000000 0.000000 1.000000 0.000000 0.000000 1.000000 0.000000 0.000000 1.000000 0.000000 0.000000 1.000000 0.000000 0.000000 1.000000 0.000000 0.000000 1.000000 0.000000 0.000000 1.000000 0.000000 0.000000 1.000000 0.000000 0.000000 1.000000 0.000000 0.000000 1.000000 0.000000 0.000000 1.000000 0.000000 0.000000 1.000000 0.000000 0.000000 1.000000 0.000000 0.000000 1.000000 0.000000 0.000000 1.000000 0.000000 0.000000 1.000000 0.000000 0.000000 1.000000 0.000000 0.000000 1.000000 0.000000 0.000000 1.000000 0.000000 0.000000 1.000000 0.000000 0.000000 1.000000 0.000000 0.000000 1.000000 0.000000 0.000000 1.000000 0.000000 0.000000 1.000000 0.000000 0.000000 1.000000 0.000000 0.000000 1.000000 0.000000 0.000000 1.000000 0.000000 0.000000 1.000000 0.000000 0.000000 1.000000 0.000000 0.000000 1.000000 0.000000 0.000000 1.000000 0.000000 0.000000 1.000000 0.000000 0.000000 1.000000 0.000000 0.000000 1.000000 0.000000 0.000000 1.000000 0.000000 0.000000 1.000000 0.000000 0.000000 1.000000 0.000000 0.000000 1.000000 0.000000 0.000000 1.000000 0.000000 0.000000 1.000000 0.000000 0.000000 1.000000 0.000000 0.000000 1.000000 0.000000 0.000000 1.000000 0.000000 0.000000 1.000000 0.000000 0.000000 1.000000 0.000000 0.000000 1.000000 0.000000 0.000000 1.000000 0.000000 0.000000 1.000000 0.000000 0.000000 1.000000 0.000000 0.000000 1.000000 0.000000 0.000000 1.000000 0.000000 0.000000 1.000000 0.000000 0.000000 1.000000 0.000000 0.000000 1.000000 0.000000 0.000000 1.000000 0.000000 0.000000 1.000000 0.000000 0.000000 1.000000 0.000000 0.000000 1.000000 0.000000 0.000000 1.000000 0.000000 0.000000 1.000000 0.000000 0.000000 1.000000 0.000000 0.000000 1.000000 0.000000 0.000000 1.000000 0.000000 0.000000 1.000000 0.000000 0.000000 1.000000 0.000000 0.000000 1.000000 0.000000 0.000000 1.000000 0.000000 0.000000 1.000000 0.000000 0.000000 1.000000 0.000000 0.000000 1.000000 0.000000 0.000000 1.000000 0.000000 0.000000 1.000000 0.000000 0.000000 1.000000 0.000000 0.000000 1.000000 0.000000 0.000000 1.000000 0.000000 0.000000 1.000000 0.000000 0.000000 1.000000 0.000000 0.000000 1.000000 0.000000 0.000000 1.000000 0.000000 0.000000 1.000000 0.000000 0.000000 1.000000 0.000000 0.000000 1.000000 0.000000 0.000000 1.000000 0.000000 0.000000 1.000000 0.000000 0.000000 1.000000 0.000000 0.000000 1.000000 0.000000 0.000000 1.000000 0.000000 0.000000 1.000000 0.000000 0.000000 1.000000 0.000000 0.000000 1.000000 0.000000 0.000000 1.000000 0.000000 0.000000 1.000000 0.000000 0.000000 1.000000 0.000000 0.000000 1.000000 0.000000 0.000000 1.000000 0.000000 0.000000 1.000000 0.000000 0.000000 1.000000 0.000000 0.000000 1.000000 0.000000 0.000000 1.000000 0.000000 0.000000 1.000000 0.993482 -0.113991 -0.000000 1.000000 -0.000000 -0.000000 0.993482 0.113991 -0.000000 0.974012 0.226497 -0.000000 0.941844 0.336049 -0.000000 0.897398 0.441221 -0.000000 0.841254 0.540641 -0.000000 0.774142 0.633012 -0.000000 0.696938 0.717132 -0.000000 0.610648 0.791902 -0.000000 0.516397 0.856349 -0.000000 0.415415 0.909632 -0.000000 0.309017 0.951057 -0.000000 0.198590 0.980083 -0.000000 0.085575 0.996332 -0.000000 -0.028556 0.999592 -0.000000 -0.142315 0.989821 -0.000000 -0.254218 0.967147 -0.000000 -0.362808 0.931864 -0.000000 -0.466667 0.884433 -0.000000 -0.564443 0.825472 -0.000000 -0.654861 0.755750 -0.000000 -0.736741 0.676175 -0.000000 -0.809017 0.587785 -0.000000 -0.870746 0.491733 -0.000000 -0.921124 0.389270 -0.000000 -0.959493 0.281733 -0.000000 -0.985354 0.170522 -0.000000 -0.998369 0.057089 -0.000000 -0.998369 -0.057089 0.000000 -0.985354 -0.170522 0.000000 -0.959493 -0.281733 0.000000 -0.921124 -0.389270 0.000000 -0.870746 -0.491733 0.000000 -0.809017 -0.587785 0.000000 -0.736741 -0.676175 0.000000 -0.654861 -0.755750 0.000000 -0.564443 -0.825472 0.000000 -0.466667 -0.884433 0.000000 -0.362808 -0.931864 0.000000 -0.254218 -0.967147 0.000000 -0.142315 -0.989821 0.000000 -0.028556 -0.999592 0.000000 0.085575 -0.996332 -0.000000 0.198590 -0.980083 -0.000000 0.309017 -0.951057 -0.000000 0.415415 -0.909632 -0.000000 0.516397 -0.856349 -0.000000 0.610648 -0.791902 -0.000000 0.696938 -0.717132 -0.000000 0.774142 -0.633012 -0.000000 0.841254 -0.540641 -0.000000 0.897398 -0.441221 -0.000000 0.941844 -0.336049 -0.000000 0.974012 -0.226497 -0.000000 0.000000 0.000000 1.000000 0.000000 0.000000 1.000000 0.000000 0.000000 1.000000 0.000000 0.000000 1.000000 0.000000 0.000000 1.000000 0.000000 0.000000 1.000000 0.000000 0.000000 1.000000 0.000000 0.000000 1.000000 0.000000 0.000000 1.000000 0.000000 0.000000 1.000000 0.000000 0.000000 1.000000 0.000000 0.000000 1.000000 0.000000 0.000000 1.000000 0.000000 0.000000 1.000000 0.000000 0.000000 1.000000 0.000000 0.000000 1.000000 0.000000 0.000000 1.000000 0.000000 0.000000 1.000000 0.000000 0.000000 1.000000 0.000000 0.000000 1.000000 0.000000 0.000000 1.000000 0.000000 0.000000 1.000000 0.000000 0.000000 1.000000 0.000000 0.000000 1.000000 0.000000 0.000000 1.000000 0.000000 0.000000 1.000000 0.000000 0.000000 1.000000 0.000000 0.000000 1.000000 0.000000 0.000000 1.000000 0.000000 0.000000 1.000000 0.000000 0.000000 1.000000 0.000000 0.000000 1.000000 0.000000 0.000000 1.000000 0.000000 0.000000 1.000000 0.000000 0.000000 1.000000 0.000000 0.000000 1.000000 0.000000 0.000000 1.000000 0.000000 0.000000 1.000000 0.000000 0.000000 1.000000 0.000000 0.000000 1.000000 0.000000 0.000000 1.000000 0.000000 0.000000 1.000000 0.000000 0.000000 1.000000 0.000000 0.000000 1.000000 0.000000 0.000000 1.000000 0.000000 0.000000 1.000000 0.000000 0.000000 1.000000 0.000000 0.000000 1.000000 0.000000 0.000000 1.000000 0.000000 0.000000 1.000000 0.000000 0.000000 1.000000 0.000000 0.000000 1.000000 0.000000 0.000000 1.000000 0.000000 0.000000 1.000000 0.000000 0.000000 1.000000 0.000000 0.000000 1.000000 0.000000 0.000000 1.000000 0.000000 0.000000 1.000000 0.000000 0.000000 1.000000 0.000000 0.000000 1.000000 0.000000 0.000000 1.000000 0.000000 0.000000 1.000000 0.000000 0.000000 1.000000 0.000000 0.000000 1.000000 0.000000 0.000000 1.000000 0.000000 0.000000 1.000000 0.000000 0.000000 1.000000 0.000000 0.000000 1.000000 0.000000 0.000000 1.000000 0.000000 0.000000 1.000000 0.000000 0.000000 1.000000 0.000000 0.000000 1.000000 0.000000 0.000000 1.000000 0.000000 0.000000 1.000000 0.000000 0.000000 1.000000 0.000000 0.000000 1.000000 0.000000 0.000000 1.000000 0.000000 0.000000 1.000000 0.000000 0.000000 1.000000 0.000000 0.000000 1.000000 0.000000 0.000000 1.000000 0.000000 0.000000 1.000000 0.000000 0.000000 1.000000 0.000000 0.000000 1.000000 0.000000 0.000000 1.000000 0.000000 0.000000 1.000000 0.000000 0.000000 1.000000 0.000000 0.000000 1.000000 0.000000 0.000000 1.000000 0.000000 0.000000 1.000000 0.000000 0.000000 1.000000 0.000000 0.000000 1.000000 0.000000 0.000000 1.000000 0.000000 0.000000 1.000000 0.000000 0.000000 1.000000 0.000000 0.000000 1.000000 0.000000 0.000000 1.000000 0.000000 0.000000 1.000000 0.000000 0.000000 1.000000 0.000000 0.000000 1.000000 0.000000 0.000000 1.000000 0.000000 0.000000 1.000000 0.000000 0.000000 1.000000 0.000000 0.000000 1.000000 0.000000 0.000000 1.000000 0.000000 0.000000 1.000000 0.000000 0.000000 1.000000 0.000000 0.000000 1.000000 0.000000 0.000000 1.000000 0.000000 0.000000 1.000000 0.000000 0.000000 1.000000 0.000000 0.000000 1.000000 0.000000 0.000000 1.000000 0.000000 0.000000 1.000000 0.000000 0.000000 1.000000 0.000000 0.000000 1.000000 0.000000 0.000000 1.000000 0.000000 0.000000 1.000000 0.000000 0.000000 1.000000 0.000000 0.000000 1.000000 0.000000 0.000000 1.000000 0.000000 0.000000 1.000000 0.000000 0.000000 1.000000 0.000000 0.000000 1.000000 0.000000 0.000000 1.000000 0.000000 0.000000 1.000000 0.000000 0.000000 1.000000 0.000000 0.000000 1.000000 0.000000 0.000000 1.000000 0.000000 0.000000 1.000000 0.000000 0.000000 1.000000 0.000000 0.000000 1.000000 0.000000 0.000000 1.000000 0.000000 0.000000 1.000000 0.000000 0.000000 1.000000 0.000000 0.000000 1.000000 0.000000 0.000000 1.000000 0.000000 0.000000 1.000000 0.000000 0.000000 1.000000 0.000000 0.000000 1.000000 0.000000 0.000000 1.000000 0.000000 0.000000 1.000000 0.000000 0.000000 1.000000 0.000000 0.000000 1.000000 0.000000 0.000000 1.000000 0.000000 0.000000 1.000000 0.000000 0.000000 1.000000 0.000000 0.000000 1.000000 0.000000 0.000000 1.000000 0.000000 0.000000 1.000000 0.000000 0.000000 1.000000 0.000000 0.000000 1.000000 0.000000 0.000000 1.000000 0.000000 0.000000 1.000000 0.000000 0.000000 1.000000 0.000000 0.000000 1.000000 0.000000 0.000000 1.000000 0.000000 0.000000 1.000000 0.000000 0.000000 1.000000 0.000000 0.000000 1.000000 0.000000 0.000000 1.000000 0.000000 0.000000 1.000000 0.000000 0.000000 1.000000 0.000000 0.000000 1.000000 0.000000 0.000000 1.000000 0.000000 0.000000 1.000000 0.000000 0.000000 1.000000 0.000000 0.000000 1.000000 0.000000 0.000000 1.000000 0.000000 0.000000 1.000000 0.000000 0.000000 1.000000 0.000000 0.000000 1.000000 0.000000 0.000000 1.000000 0.000000 0.000000 1.000000 0.000000 0.000000 1.000000 0.000000 0.000000 1.000000 0.000000 0.000000 1.000000 0.000000 0.000000 1.000000 0.000000 0.000000 1.000000 0.000000 0.000000 1.000000 0.000000 0.000000 1.000000 0.000000 0.000000 1.000000 0.000000 0.000000 1.000000 0.000000 0.000000 1.000000 0.000000 0.000000 1.000000 0.000000 0.000000 1.000000 0.000000 0.000000 1.000000 0.000000 0.000000 1.000000 0.000000 0.000000 1.000000 0.000000 0.000000 1.000000 0.000000 0.000000 1.000000 0.000000 0.000000 1.000000 0.000000 0.000000 1.000000 0.000000 0.000000 1.000000 0.000000 0.000000 1.000000 0.000000 0.000000 1.000000 0.000000 0.000000 1.000000 0.000000 0.000000 1.000000 0.000000 0.000000 1.000000 0.000000 0.000000 1.000000 0.000000 0.000000 1.000000 0.000000 0.000000 1.000000 0.000000 0.000000 1.000000 0.000000 0.000000 1.000000 0.000000 0.000000 1.000000 0.000000 0.000000 1.000000 0.000000 0.000000 1.000000 0.000000 0.000000 1.000000 0.000000 0.000000 1.000000 0.000000 0.000000 1.000000 0.000000 0.000000 1.000000 0.000000 0.000000 1.000000 0.000000 0.000000 1.000000 0.000000 0.000000 1.000000 0.000000 0.000000 1.000000 0.000000 0.000000 1.000000 0.000000 0.000000 1.000000 0.000000 0.000000 1.000000 0.000000 0.000000 1.000000 0.000000 0.000000 1.000000 0.000000 0.000000 1.000000 0.000000 0.000000 1.000000 0.000000 0.000000 1.000000 0.000000 0.000000 1.000000 0.000000 0.000000 1.000000 0.000000 0.000000 1.000000 0.000000 0.000000 1.000000 0.000000 0.000000 1.000000 0.000000 0.000000 1.000000 0.000000 0.000000 1.000000 0.000000 0.000000 1.000000 0.000000 0.000000 1.000000 0.000000 0.000000 1.000000 0.000000 0.000000 1.000000 0.000000 0.000000 1.000000 0.000000 0.000000 1.000000 0.000000 0.000000 1.000000 0.000000 0.000000 1.000000 0.000000 0.000000 1.000000 0.000000 0.000000 1.000000 0.000000 0.000000 1.000000 0.000000 0.000000 1.000000 0.000000 0.000000 1.000000 0.000000 0.000000 1.000000 0.000000 0.000000 1.000000 0.000000 0.000000 1.000000 0.000000 0.000000 1.000000 0.000000 0.000000 1.000000 0.000000 0.000000 1.000000 0.000000 0.000000 1.000000 0.000000 0.000000 1.000000 0.000000 0.000000 1.000000 0.000000 0.000000 1.000000 0.000000 0.000000 1.000000 0.000000 0.000000 1.000000 0.000000 0.000000 1.000000 0.000000 0.000000 1.000000 0.000000 0.000000 1.000000 0.000000 0.000000 1.000000 0.000000 0.000000 1.000000 0.000000 0.000000 1.000000 0.000000 0.000000 1.000000 0.000000 0.000000 1.000000 0.000000 0.000000 1.000000 0.000000 0.000000 1.000000 0.000000 0.000000 1.000000 0.000000 0.000000 1.000000 0.000000 0.000000 1.000000 0.000000 0.000000 1.000000 0.000000 0.000000 1.000000 0.000000 0.000000 1.000000 0.000000 0.000000 1.000000 0.000000 0.000000 1.000000 0.000000 0.000000 1.000000 0.000000 0.000000 1.000000 0.000000 0.000000 1.000000 0.000000 0.000000 1.000000 0.000000 0.000000 1.000000 0.000000 0.000000 1.000000 0.000000 0.000000 1.000000 0.000000 0.000000 1.000000 0.000000 0.000000 1.000000 0.000000 0.000000 1.000000 0.000000 0.000000 1.000000 0.000000 0.000000 1.000000 0.000000 0.000000 1.000000 0.000000 0.000000 1.000000 0.000000 0.000000 1.000000 0.000000 0.000000 1.000000 0.000000 0.000000 1.000000 0.000000 0.000000 1.000000 0.000000 0.000000 1.000000 0.000000 0.000000 1.000000 0.000000 0.000000 1.000000 0.000000 0.000000 1.000000 0.000000 0.000000 1.000000 0.000000 0.000000 1.000000 0.000000 0.000000 1.000000 0.000000 0.000000 1.000000 0.000000 0.000000 1.000000 0.000000 0.000000 1.000000 0.000000 0.000000 1.000000 0.000000 0.000000 1.000000 0.000000 0.000000 1.000000 0.000000 0.000000 1.000000 0.000000 0.000000 1.000000 0.000000 0.000000 1.000000 0.000000 0.000000 1.000000 0.000000 0.000000 1.000000 0.000000 0.000000 1.000000 0.000000 0.000000 1.000000 0.000000 0.000000 1.000000 0.000000 0.000000 1.000000 0.000000 0.000000 1.000000 0.000000 0.000000 1.000000 0.000000 0.000000 1.000000 0.000000 0.000000 1.000000 0.000000 0.000000 1.000000 0.000000 0.000000 1.000000 0.000000 0.000000 1.000000 0.000000 0.000000 1.000000 0.000000 0.000000 1.000000 0.000000 0.000000 1.000000 0.000000 0.000000 1.000000 0.000000 0.000000 1.000000 0.000000 0.000000 1.000000 0.000000 0.000000 1.000000 0.000000 0.000000 1.000000 0.000000 0.000000 1.000000 0.000000 0.000000 1.000000 0.000000 0.000000 1.000000 0.000000 0.000000 1.000000 0.000000 0.000000 1.000000 0.000000 0.000000 1.000000 0.000000 0.000000 1.000000 0.000000 0.000000 1.000000 0.705766 0.043530 -0.707107 0.707107 0.000000 -0.707107 0.707107 0.000000 -0.707107 0.705766 -0.043530 -0.707107 0.705654 -0.045304 -0.707107 0.701747 -0.086895 -0.707107 0.701301 -0.090423 -0.707107 0.695067 -0.129931 -0.707107 0.694067 -0.135170 -0.707107 0.685750 -0.172473 -0.707107 0.683981 -0.179361 -0.707107 0.673832 -0.214361 -0.707107 0.671084 -0.222815 -0.707107 0.659357 -0.255436 -0.707107 0.655429 -0.265354 -0.707107 0.642382 -0.295543 -0.707107 0.637081 -0.306802 -0.707107 0.622970 -0.334528 -0.707107 0.616115 -0.346990 -0.707107 0.601194 -0.372244 -0.707107 0.592618 -0.385751 -0.707107 0.577138 -0.408548 -0.707107 0.566685 -0.422928 -0.707107 0.550893 -0.443302 -0.707107 0.538424 -0.458367 -0.707107 0.522558 -0.476375 -0.707107 0.507950 -0.491922 -0.707107 0.492241 -0.507640 -0.707107 0.475389 -0.523456 -0.707107 0.460057 -0.536980 -0.707107 0.440874 -0.552838 -0.707107 0.426127 -0.564283 -0.707107 0.404548 -0.579949 -0.707107 0.390581 -0.589446 -0.707107 0.366559 -0.604677 -0.707107 0.353553 -0.612372 -0.707107 0.327064 -0.626920 -0.707107 0.315185 -0.632976 -0.707107 0.286225 -0.646587 -0.707107 0.275620 -0.651179 -0.707107 0.244210 -0.663597 -0.707107 0.235010 -0.666911 -0.707107 0.201191 -0.677881 -0.707107 0.193509 -0.680113 -0.707107 0.157346 -0.689378 -0.707107 0.151274 -0.690736 -0.707107 0.112854 -0.698043 -0.707107 0.108464 -0.698739 -0.707107 0.067899 -0.703839 -0.707107 0.065244 -0.704090 -0.707107 0.022664 -0.706743 -0.707107 0.021775 -0.706771 -0.707107 -0.021775 -0.706771 -0.707107 -0.022664 -0.706743 -0.707107 -0.065244 -0.704090 -0.707107 -0.067899 -0.703839 -0.707107 -0.108464 -0.698739 -0.707107 -0.112854 -0.698043 -0.707107 -0.151274 -0.690736 -0.707107 -0.157346 -0.689378 -0.707107 -0.193509 -0.680113 -0.707107 -0.201191 -0.677881 -0.707107 -0.235010 -0.666911 -0.707107 -0.244210 -0.663597 -0.707107 -0.275620 -0.651179 -0.707107 -0.286225 -0.646587 -0.707107 -0.315185 -0.632976 -0.707107 -0.327064 -0.626920 -0.707107 -0.353553 -0.612372 -0.707107 -0.366559 -0.604677 -0.707107 -0.390581 -0.589446 -0.707107 -0.404548 -0.579949 -0.707107 -0.426127 -0.564283 -0.707107 -0.440874 -0.552838 -0.707107 -0.460057 -0.536980 -0.707107 -0.475389 -0.523456 -0.707107 -0.492241 -0.507640 -0.707107 -0.507950 -0.491922 -0.707107 -0.522558 -0.476375 -0.707107 -0.538424 -0.458367 -0.707107 -0.550893 -0.443302 -0.707107 -0.566685 -0.422928 -0.707107 -0.577138 -0.408548 -0.707107 -0.592618 -0.385751 -0.707107 -0.601194 -0.372244 -0.707107 -0.616115 -0.346990 -0.707107 -0.622970 -0.334528 -0.707107 -0.637081 -0.306802 -0.707107 -0.642382 -0.295543 -0.707107 -0.655429 -0.265354 -0.707107 -0.659357 -0.255436 -0.707107 -0.671084 -0.222815 -0.707107 -0.673832 -0.214361 -0.707107 -0.683981 -0.179361 -0.707107 -0.685750 -0.172473 -0.707107 -0.694067 -0.135170 -0.707107 -0.695067 -0.129931 -0.707107 -0.701301 -0.090423 -0.707107 -0.701747 -0.086895 -0.707107 -0.705654 -0.045304 -0.707107 -0.705766 -0.043530 -0.707107 -0.707107 0.000000 -0.707107 -0.707107 0.000000 -0.707107 -0.705766 0.043530 -0.707107 -0.705654 0.045304 -0.707107 -0.701747 0.086895 -0.707107 -0.701301 0.090423 -0.707107 -0.695067 0.129931 -0.707107 -0.694067 0.135170 -0.707107 -0.685750 0.172473 -0.707107 -0.683981 0.179361 -0.707107 -0.673832 0.214361 -0.707107 -0.671084 0.222815 -0.707107 -0.659357 0.255436 -0.707107 -0.655429 0.265354 -0.707107 -0.642382 0.295543 -0.707107 -0.637081 0.306802 -0.707107 -0.622970 0.334528 -0.707107 -0.616115 0.346990 -0.707107 -0.601194 0.372244 -0.707107 -0.592618 0.385751 -0.707107 -0.577138 0.408548 -0.707107 -0.566685 0.422928 -0.707107 -0.550893 0.443302 -0.707107 -0.538424 0.458367 -0.707107 -0.522558 0.476375 -0.707107 -0.507950 0.491922 -0.707107 -0.492241 0.507640 -0.707107 -0.475389 0.523456 -0.707107 -0.460057 0.536980 -0.707107 -0.440874 0.552838 -0.707107 -0.426127 0.564283 -0.707107 -0.404548 0.579949 -0.707107 -0.390581 0.589446 -0.707107 -0.366559 0.604677 -0.707107 -0.353553 0.612372 -0.707107 -0.327064 0.626920 -0.707107 -0.315185 0.632976 -0.707107 -0.286225 0.646587 -0.707107 -0.275620 0.651179 -0.707107 -0.244210 0.663597 -0.707107 -0.235010 0.666911 -0.707107 -0.201191 0.677881 -0.707107 -0.193509 0.680113 -0.707107 -0.157346 0.689378 -0.707107 -0.151274 0.690736 -0.707107 -0.112854 0.698043 -0.707107 -0.108464 0.698739 -0.707107 -0.067899 0.703839 -0.707107 -0.065244 0.704090 -0.707107 -0.022664 0.706743 -0.707107 -0.021775 0.706771 -0.707107 0.021775 0.706771 -0.707107 0.022664 0.706743 -0.707107 0.065244 0.704090 -0.707107 0.067899 0.703839 -0.707107 0.108464 0.698739 -0.707107 0.112854 0.698043 -0.707107 0.151274 0.690736 -0.707107 0.157346 0.689378 -0.707107 0.193509 0.680113 -0.707107 0.201191 0.677881 -0.707107 0.235010 0.666911 -0.707107 0.244210 0.663597 -0.707107 0.275620 0.651179 -0.707107 0.286225 0.646587 -0.707107 0.315185 0.632976 -0.707107 0.327064 0.626920 -0.707107 0.353553 0.612372 -0.707107 0.366559 0.604677 -0.707107 0.390581 0.589446 -0.707107 0.404548 0.579949 -0.707107 0.426127 0.564283 -0.707107 0.440874 0.552838 -0.707107 0.460057 0.536980 -0.707107 0.475389 0.523456 -0.707107 0.492241 0.507640 -0.707107 0.507950 0.491922 -0.707107 0.522558 0.476375 -0.707107 0.538424 0.458367 -0.707107 0.550893 0.443302 -0.707107 0.566685 0.422928 -0.707107 0.577138 0.408548 -0.707107 0.592618 0.385751 -0.707107 0.601194 0.372244 -0.707107 0.616115 0.346990 -0.707107 0.622970 0.334528 -0.707107 0.637081 0.306802 -0.707107 0.642382 0.295543 -0.707107 0.655429 0.265354 -0.707107 0.659357 0.255436 -0.707107 0.671084 0.222815 -0.707107 0.673832 0.214361 -0.707107 0.683981 0.179361 -0.707107 0.685750 0.172473 -0.707107 0.694067 0.135170 -0.707107 0.695067 0.129931 -0.707107 0.701301 0.090423 -0.707107 0.701747 0.086895 -0.707107 0.705654 0.045304 -0.707107 0.998103 -0.061561 -0.000000 0.998103 -0.061561 -0.000000 1.000000 -0.000000 -0.000000 1.000000 -0.000000 -0.000000 0.998103 0.061561 -0.000000 0.998103 0.061561 -0.000000 0.992421 0.122888 -0.000000 0.992421 0.122888 -0.000000 0.982973 0.183750 -0.000000 0.982973 0.183750 -0.000000 0.969797 0.243914 -0.000000 0.969797 0.243914 -0.000000 0.952942 0.303153 -0.000000 0.952942 0.303153 -0.000000 0.932472 0.361242 -0.000000 0.932472 0.361242 -0.000000 0.908465 0.417960 -0.000000 0.908465 0.417960 -0.000000 0.881012 0.473094 -0.000000 0.881012 0.473094 -0.000000 0.850217 0.526432 -0.000000 0.850217 0.526432 -0.000000 0.816197 0.577774 -0.000000 0.816197 0.577774 -0.000000 0.779081 0.626924 -0.000000 0.779081 0.626924 -0.000000 0.739009 0.673696 -0.000000 0.739009 0.673696 -0.000000 0.696134 0.717912 -0.000000 0.696134 0.717912 -0.000000 0.650618 0.759405 -0.000000 0.650618 0.759405 -0.000000 0.602635 0.798017 -0.000000 0.602635 0.798017 -0.000000 0.552365 0.833602 -0.000000 0.552365 0.833602 -0.000000 0.500000 0.866025 -0.000000 0.500000 0.866025 -0.000000 0.445738 0.895163 -0.000000 0.445738 0.895163 -0.000000 0.389786 0.920906 -0.000000 0.389786 0.920906 -0.000000 0.332355 0.943154 -0.000000 0.332355 0.943154 -0.000000 0.273663 0.961826 -0.000000 0.273663 0.961826 -0.000000 0.213933 0.976848 -0.000000 0.213933 0.976848 -0.000000 0.153392 0.988165 -0.000000 0.153392 0.988165 -0.000000 0.092268 0.995734 -0.000000 0.092268 0.995734 -0.000000 0.030795 0.999526 -0.000000 0.030795 0.999526 -0.000000 -0.030795 0.999526 -0.000000 -0.030795 0.999526 -0.000000 -0.092268 0.995734 -0.000000 -0.092268 0.995734 -0.000000 -0.153392 0.988165 -0.000000 -0.153392 0.988165 -0.000000 -0.213933 0.976848 -0.000000 -0.213933 0.976848 -0.000000 -0.273663 0.961826 -0.000000 -0.273663 0.961826 -0.000000 -0.332355 0.943154 -0.000000 -0.332355 0.943154 -0.000000 -0.389786 0.920906 -0.000000 -0.389786 0.920906 -0.000000 -0.445738 0.895163 -0.000000 -0.445738 0.895163 -0.000000 -0.500000 0.866025 -0.000000 -0.500000 0.866025 -0.000000 -0.552365 0.833602 -0.000000 -0.552365 0.833602 -0.000000 -0.602635 0.798017 -0.000000 -0.602635 0.798017 -0.000000 -0.650618 0.759405 -0.000000 -0.650618 0.759405 -0.000000 -0.696134 0.717912 -0.000000 -0.696134 0.717912 -0.000000 -0.739009 0.673696 -0.000000 -0.739009 0.673696 -0.000000 -0.779081 0.626924 -0.000000 -0.779081 0.626924 -0.000000 -0.816197 0.577774 -0.000000 -0.816197 0.577774 -0.000000 -0.850217 0.526432 -0.000000 -0.850217 0.526432 -0.000000 -0.881012 0.473094 -0.000000 -0.881012 0.473094 -0.000000 -0.908465 0.417960 -0.000000 -0.908465 0.417960 -0.000000 -0.932472 0.361242 -0.000000 -0.932472 0.361242 -0.000000 -0.952942 0.303153 -0.000000 -0.952942 0.303153 -0.000000 -0.969797 0.243914 -0.000000 -0.969797 0.243914 -0.000000 -0.982973 0.183750 -0.000000 -0.982973 0.183750 -0.000000 -0.992421 0.122888 -0.000000 -0.992421 0.122888 -0.000000 -0.998103 0.061561 -0.000000 -0.998103 0.061561 -0.000000 -1.000000 0.000000 -0.000000 -1.000000 0.000000 -0.000000 -0.998103 -0.061561 0.000000 -0.998103 -0.061561 0.000000 -0.992421 -0.122888 0.000000 -0.992421 -0.122888 0.000000 -0.982973 -0.183750 0.000000 -0.982973 -0.183750 0.000000 -0.969797 -0.243914 0.000000 -0.969797 -0.243914 0.000000 -0.952942 -0.303153 0.000000 -0.952942 -0.303153 0.000000 -0.932472 -0.361242 0.000000 -0.932472 -0.361242 0.000000 -0.908465 -0.417960 0.000000 -0.908465 -0.417960 0.000000 -0.881012 -0.473094 0.000000 -0.881012 -0.473094 0.000000 -0.850217 -0.526432 0.000000 -0.850217 -0.526432 0.000000 -0.816197 -0.577774 0.000000 -0.816197 -0.577774 0.000000 -0.779081 -0.626924 0.000000 -0.779081 -0.626924 0.000000 -0.739009 -0.673696 0.000000 -0.739009 -0.673696 0.000000 -0.696134 -0.717912 0.000000 -0.696134 -0.717912 0.000000 -0.650618 -0.759405 0.000000 -0.650618 -0.759405 0.000000 -0.602635 -0.798017 0.000000 -0.602635 -0.798017 0.000000 -0.552365 -0.833602 0.000000 -0.552365 -0.833602 0.000000 -0.500000 -0.866025 0.000000 -0.500000 -0.866025 0.000000 -0.445738 -0.895163 0.000000 -0.445738 -0.895163 0.000000 -0.389786 -0.920906 0.000000 -0.389786 -0.920906 0.000000 -0.332355 -0.943154 0.000000 -0.332355 -0.943154 0.000000 -0.273663 -0.961826 0.000000 -0.273663 -0.961826 0.000000 -0.213933 -0.976848 0.000000 -0.213933 -0.976848 0.000000 -0.153392 -0.988165 0.000000 -0.153392 -0.988165 0.000000 -0.092268 -0.995734 0.000000 -0.092268 -0.995734 0.000000 -0.030795 -0.999526 0.000000 -0.030795 -0.999526 0.000000 0.030795 -0.999526 -0.000000 0.030795 -0.999526 -0.000000 0.092268 -0.995734 -0.000000 0.092268 -0.995734 -0.000000 0.153392 -0.988165 -0.000000 0.153392 -0.988165 -0.000000 0.213933 -0.976848 -0.000000 0.213933 -0.976848 -0.000000 0.273663 -0.961826 -0.000000 0.273663 -0.961826 -0.000000 0.332355 -0.943154 -0.000000 0.332355 -0.943154 -0.000000 0.389786 -0.920906 -0.000000 0.389786 -0.920906 -0.000000 0.445738 -0.895163 -0.000000 0.445738 -0.895163 -0.000000 0.500000 -0.866025 -0.000000 0.500000 -0.866025 -0.000000 0.552365 -0.833602 -0.000000 0.552365 -0.833602 -0.000000 0.602635 -0.798017 -0.000000 0.602635 -0.798017 -0.000000 0.650618 -0.759405 -0.000000 0.650618 -0.759405 -0.000000 0.696134 -0.717912 -0.000000 0.696134 -0.717912 -0.000000 0.739009 -0.673696 -0.000000 0.739009 -0.673696 -0.000000 0.779081 -0.626924 -0.000000 0.779081 -0.626924 -0.000000 0.816197 -0.577774 -0.000000 0.816197 -0.577774 -0.000000 0.850217 -0.526432 -0.000000 0.850217 -0.526432 -0.000000 0.881012 -0.473094 -0.000000 0.881012 -0.473094 -0.000000 0.908465 -0.417960 -0.000000 0.908465 -0.417960 -0.000000 0.932472 -0.361242 -0.000000 0.932472 -0.361242 -0.000000 0.952942 -0.303153 -0.000000 0.952942 -0.303153 -0.000000 0.969797 -0.243914 -0.000000 0.969797 -0.243914 -0.000000 0.982973 -0.183750 -0.000000 0.982973 -0.183750 -0.000000 0.992421 -0.122888 -0.000000 0.992421 -0.122888 -0.000000 0.000000 0.000000 -1.000000 0.000000 0.000000 -1.000000 0.000000 0.000000 -1.000000 0.000000 0.000000 -1.000000 0.000000 0.000000 -1.000000 0.000000 0.000000 -1.000000 0.000000 0.000000 -1.000000 0.000000 0.000000 -1.000000 0.000000 0.000000 -1.000000 0.000000 0.000000 -1.000000 0.000000 0.000000 -1.000000 0.000000 0.000000 -1.000000 0.000000 0.000000 -1.000000 0.000000 0.000000 -1.000000 0.000000 0.000000 -1.000000 0.000000 0.000000 -1.000000 0.000000 0.000000 -1.000000 0.000000 0.000000 -1.000000 0.000000 0.000000 -1.000000 0.000000 0.000000 -1.000000 0.000000 0.000000 -1.000000 0.000000 0.000000 -1.000000 0.000000 0.000000 -1.000000 0.000000 0.000000 -1.000000 0.000000 0.000000 -1.000000 0.000000 0.000000 -1.000000 0.000000 0.000000 -1.000000 0.000000 0.000000 -1.000000 0.000000 0.000000 -1.000000 0.000000 0.000000 -1.000000 0.000000 0.000000 -1.000000 0.000000 0.000000 -1.000000 0.000000 0.000000 -1.000000 0.000000 0.000000 -1.000000 0.000000 0.000000 -1.000000 0.000000 0.000000 -1.000000 0.000000 0.000000 -1.000000 0.000000 0.000000 -1.000000 0.000000 0.000000 -1.000000 0.000000 0.000000 -1.000000 0.000000 0.000000 -1.000000 0.000000 0.000000 -1.000000 0.000000 0.000000 -1.000000 0.000000 0.000000 -1.000000 0.000000 0.000000 -1.000000 0.000000 0.000000 -1.000000 0.000000 0.000000 -1.000000 0.000000 0.000000 -1.000000 0.000000 0.000000 -1.000000 0.000000 0.000000 -1.000000 0.000000 0.000000 -1.000000 0.000000 0.000000 -1.000000 0.000000 0.000000 -1.000000 0.000000 0.000000 -1.000000 0.000000 0.000000 -1.000000 0.000000 0.000000 -1.000000 0.000000 0.000000 -1.000000 0.000000 0.000000 -1.000000 0.000000 0.000000 -1.000000 0.000000 0.000000 -1.000000 0.000000 0.000000 -1.000000 0.000000 0.000000 -1.000000 0.000000 0.000000 -1.000000 0.000000 0.000000 -1.000000 0.000000 0.000000 -1.000000 0.000000 0.000000 -1.000000 0.000000 0.000000 -1.000000 0.000000 0.000000 -1.000000 0.000000 0.000000 -1.000000 0.000000 0.000000 -1.000000 0.000000 0.000000 -1.000000 0.000000 0.000000 -1.000000 0.000000 0.000000 -1.000000 0.000000 0.000000 -1.000000 0.000000 0.000000 -1.000000 0.000000 0.000000 -1.000000 0.000000 0.000000 -1.000000 0.000000 0.000000 -1.000000 0.000000 0.000000 -1.000000 0.000000 0.000000 -1.000000 0.000000 0.000000 -1.000000 0.000000 0.000000 -1.000000 0.000000 0.000000 -1.000000 0.000000 0.000000 -1.000000 0.000000 0.000000 -1.000000 0.000000 0.000000 -1.000000 0.000000 0.000000 -1.000000 0.000000 0.000000 -1.000000 0.000000 0.000000 -1.000000 0.000000 0.000000 -1.000000 0.000000 0.000000 -1.000000 0.000000 0.000000 -1.000000 0.000000 0.000000 -1.000000 0.000000 0.000000 -1.000000 0.000000 0.000000 -1.000000 0.000000 0.000000 -1.000000 0.000000 0.000000 -1.000000 0.000000 0.000000 -1.000000 0.000000 0.000000 -1.000000 0.000000 0.000000 -1.000000 0.000000 0.000000 -1.000000 0.000000 0.000000 -1.000000 0.000000 0.000000 -1.000000 0.000000 0.000000 -1.000000 0.000000 0.000000 -1.000000 0.000000 0.000000 -1.000000 0.000000 0.000000 -1.000000 0.000000 0.000000 -1.000000 0.000000 0.000000 -1.000000 0.000000 0.000000 -1.000000 0.000000 0.000000 -1.000000 0.000000 0.000000 -1.000000 0.000000 0.000000 -1.000000 0.000000 0.000000 -1.000000 0.000000 0.000000 -1.000000 0.000000 0.000000 -1.000000 0.000000 0.000000 -1.000000 0.000000 0.000000 -1.000000 0.000000 0.000000 -1.000000 0.000000 0.000000 -1.000000 0.000000 0.000000 -1.000000 0.000000 0.000000 -1.000000 0.000000 0.000000 -1.000000 0.000000 0.000000 -1.000000 0.000000 0.000000 -1.000000 0.000000 0.000000 -1.000000 0.000000 0.000000 -1.000000 0.000000 0.000000 -1.000000 0.000000 0.000000 -1.000000 0.000000 0.000000 -1.000000 0.000000 0.000000 -1.000000 0.000000 0.000000 -1.000000 0.000000 0.000000 -1.000000 0.000000 0.000000 -1.000000 0.000000 0.000000 -1.000000 0.000000 0.000000 -1.000000 0.000000 0.000000 -1.000000 0.000000 0.000000 -1.000000 -0.897033 -0.441964 0.000000 -0.897033 -0.441964 0.000000 -0.942130 -0.335248 0.000000 -0.942130 -0.335248 0.000000 -0.974582 -0.224031 0.000000 -0.974582 -0.224031 0.000000 -0.993953 -0.109808 0.000000 -0.993953 -0.109808 0.000000 -0.999983 0.005889 -0.000000 -0.999983 0.005889 -0.000000 -0.992591 0.121507 -0.000000 -0.992591 0.121507 -0.000000 -0.971876 0.235494 -0.000000 -0.971876 0.235494 -0.000000 -0.938116 0.346321 -0.000000 -0.938116 0.346321 -0.000000 -0.891765 0.452499 -0.000000 -0.891765 0.452499 -0.000000 -0.833445 0.552603 -0.000000 -0.833445 0.552603 -0.000000 -0.763937 0.645290 -0.000000 -0.763937 0.645290 -0.000000 -0.684176 0.729317 -0.000000 -0.684176 0.729317 -0.000000 -0.595232 0.803554 -0.000000 -0.595232 0.803554 -0.000000 -0.498299 0.867005 -0.000000 -0.498299 0.867005 -0.000000 -0.394677 0.918820 -0.000000 -0.394677 0.918820 -0.000000 -0.285758 0.958302 -0.000000 -0.285758 0.958302 -0.000000 -0.173004 0.984921 -0.000000 -0.173004 0.984921 -0.000000 -0.057927 0.998321 -0.000000 -0.057927 0.998321 -0.000000 0.057927 0.998321 -0.000000 0.057927 0.998321 -0.000000 0.173004 0.984921 -0.000000 0.173004 0.984921 -0.000000 0.285758 0.958302 -0.000000 0.285758 0.958302 -0.000000 0.394677 0.918820 -0.000000 0.394677 0.918820 -0.000000 0.498299 0.867005 -0.000000 0.498299 0.867005 -0.000000 0.595232 0.803554 -0.000000 0.595232 0.803554 -0.000000 0.684176 0.729317 -0.000000 0.684176 0.729317 -0.000000 0.763937 0.645290 -0.000000 0.763937 0.645290 -0.000000 0.833445 0.552603 -0.000000 0.833445 0.552603 -0.000000 0.891765 0.452499 -0.000000 0.891765 0.452499 -0.000000 0.938116 0.346321 -0.000000 0.938116 0.346321 -0.000000 0.971876 0.235494 -0.000000 0.971876 0.235494 -0.000000 0.992591 0.121507 -0.000000 0.992591 0.121507 -0.000000 0.999983 0.005889 -0.000000 0.999983 0.005889 -0.000000 0.993953 -0.109808 -0.000000 0.993953 -0.109808 -0.000000 0.974582 -0.224031 -0.000000 0.974582 -0.224031 -0.000000 0.942130 -0.335248 -0.000000 0.942130 -0.335248 -0.000000 0.897033 -0.441964 -0.000000 0.897033 -0.441964 -0.000000 -0.441964 0.897033 -0.000000 -0.441964 0.897033 -0.000000 -0.335248 0.942130 -0.000000 -0.335248 0.942130 -0.000000 -0.224031 0.974582 -0.000000 -0.224031 0.974582 -0.000000 -0.109808 0.993953 -0.000000 -0.109808 0.993953 -0.000000 0.005889 0.999983 -0.000000 0.005889 0.999983 -0.000000 0.121507 0.992591 -0.000000 0.121507 0.992591 -0.000000 0.235494 0.971876 -0.000000 0.235494 0.971876 -0.000000 0.346321 0.938116 -0.000000 0.346321 0.938116 -0.000000 0.452499 0.891765 -0.000000 0.452499 0.891765 -0.000000 0.552603 0.833445 -0.000000 0.552603 0.833445 -0.000000 0.645290 0.763937 -0.000000 0.645290 0.763937 -0.000000 0.729317 0.684176 -0.000000 0.729317 0.684176 -0.000000 0.803554 0.595232 -0.000000 0.803554 0.595232 -0.000000 0.867005 0.498299 -0.000000 0.867005 0.498299 -0.000000 0.918820 0.394677 -0.000000 0.918820 0.394677 -0.000000 0.958302 0.285758 -0.000000 0.958302 0.285758 -0.000000 0.984921 0.173004 -0.000000 0.984921 0.173004 -0.000000 0.998321 0.057927 -0.000000 0.998321 0.057927 -0.000000 0.998321 -0.057927 -0.000000 0.998321 -0.057927 -0.000000 0.984921 -0.173004 -0.000000 0.984921 -0.173004 -0.000000 0.958302 -0.285758 -0.000000 0.958302 -0.285758 -0.000000 0.918820 -0.394677 -0.000000 0.918820 -0.394677 -0.000000 0.867005 -0.498299 -0.000000 0.867005 -0.498299 -0.000000 0.803554 -0.595232 -0.000000 0.803554 -0.595232 -0.000000 0.729317 -0.684176 -0.000000 0.729317 -0.684176 -0.000000 0.645290 -0.763937 -0.000000 0.645290 -0.763937 -0.000000 0.552603 -0.833445 -0.000000 0.552603 -0.833445 -0.000000 0.452499 -0.891765 -0.000000 0.452499 -0.891765 -0.000000 0.346321 -0.938116 -0.000000 0.346321 -0.938116 -0.000000 0.235494 -0.971876 -0.000000 0.235494 -0.971876 -0.000000 0.121507 -0.992591 -0.000000 0.121507 -0.992591 -0.000000 0.005889 -0.999983 -0.000000 0.005889 -0.999983 -0.000000 -0.109808 -0.993953 0.000000 -0.109808 -0.993953 0.000000 -0.224031 -0.974582 0.000000 -0.224031 -0.974582 0.000000 -0.335248 -0.942130 0.000000 -0.335248 -0.942130 0.000000 -0.441964 -0.897033 0.000000 -0.441964 -0.897033 0.000000 0.441964 0.897033 -0.000000 0.441964 0.897033 -0.000000 0.335248 0.942130 -0.000000 0.335248 0.942130 -0.000000 0.224031 0.974582 -0.000000 0.224031 0.974582 -0.000000 0.109808 0.993953 -0.000000 0.109808 0.993953 -0.000000 -0.005889 0.999983 -0.000000 -0.005889 0.999983 -0.000000 -0.121507 0.992591 -0.000000 -0.121507 0.992591 -0.000000 -0.235494 0.971876 -0.000000 -0.235494 0.971876 -0.000000 -0.346321 0.938116 -0.000000 -0.346321 0.938116 -0.000000 -0.452499 0.891765 -0.000000 -0.452499 0.891765 -0.000000 -0.552603 0.833445 -0.000000 -0.552603 0.833445 -0.000000 -0.645290 0.763937 -0.000000 -0.645290 0.763937 -0.000000 -0.729317 0.684176 -0.000000 -0.729317 0.684176 -0.000000 -0.803554 0.595232 -0.000000 -0.803554 0.595232 -0.000000 -0.867005 0.498299 -0.000000 -0.867005 0.498299 -0.000000 -0.918820 0.394677 -0.000000 -0.918820 0.394677 -0.000000 -0.958302 0.285758 -0.000000 -0.958302 0.285758 -0.000000 -0.984921 0.173004 -0.000000 -0.984921 0.173004 -0.000000 -0.998321 0.057927 -0.000000 -0.998321 0.057927 -0.000000 -0.998321 -0.057927 0.000000 -0.998321 -0.057927 0.000000 -0.984921 -0.173004 0.000000 -0.984921 -0.173004 0.000000 -0.958302 -0.285758 0.000000 -0.958302 -0.285758 0.000000 -0.918820 -0.394677 0.000000 -0.918820 -0.394677 0.000000 -0.867005 -0.498299 0.000000 -0.867005 -0.498299 0.000000 -0.803554 -0.595232 0.000000 -0.803554 -0.595232 0.000000 -0.729317 -0.684176 0.000000 -0.729317 -0.684176 0.000000 -0.645290 -0.763937 0.000000 -0.645290 -0.763937 0.000000 -0.552603 -0.833445 0.000000 -0.552603 -0.833445 0.000000 -0.452499 -0.891765 0.000000 -0.452499 -0.891765 0.000000 -0.346321 -0.938116 0.000000 -0.346321 -0.938116 0.000000 -0.235494 -0.971876 0.000000 -0.235494 -0.971876 0.000000 -0.121507 -0.992591 0.000000 -0.121507 -0.992591 0.000000 -0.005889 -0.999983 0.000000 -0.005889 -0.999983 0.000000 0.109808 -0.993953 -0.000000 0.109808 -0.993953 -0.000000 0.224031 -0.974582 -0.000000 0.224031 -0.974582 -0.000000 0.335248 -0.942130 -0.000000 0.335248 -0.942130 -0.000000 0.441964 -0.897033 -0.000000 0.441964 -0.897033 -0.000000 -0.897033 0.441964 -0.000000 -0.897033 0.441964 -0.000000 -0.942130 0.335248 -0.000000 -0.942130 0.335248 -0.000000 -0.974582 0.224031 -0.000000 -0.974582 0.224031 -0.000000 -0.993953 0.109808 -0.000000 -0.993953 0.109808 -0.000000 -0.999983 -0.005889 0.000000 -0.999983 -0.005889 0.000000 -0.992591 -0.121507 0.000000 -0.992591 -0.121507 0.000000 -0.971876 -0.235494 0.000000 -0.971876 -0.235494 0.000000 -0.938116 -0.346321 0.000000 -0.938116 -0.346321 0.000000 -0.891765 -0.452499 0.000000 -0.891765 -0.452499 0.000000 -0.833445 -0.552603 0.000000 -0.833445 -0.552603 0.000000 -0.763937 -0.645290 0.000000 -0.763937 -0.645290 0.000000 -0.684176 -0.729317 0.000000 -0.684176 -0.729317 0.000000 -0.595232 -0.803554 0.000000 -0.595232 -0.803554 0.000000 -0.498299 -0.867005 0.000000 -0.498299 -0.867005 0.000000 -0.394677 -0.918820 0.000000 -0.394677 -0.918820 0.000000 -0.285758 -0.958302 0.000000 -0.285758 -0.958302 0.000000 -0.173004 -0.984921 0.000000 -0.173004 -0.984921 0.000000 -0.057927 -0.998321 0.000000 -0.057927 -0.998321 0.000000 0.057927 -0.998321 -0.000000 0.057927 -0.998321 -0.000000 0.173004 -0.984921 -0.000000 0.173004 -0.984921 -0.000000 0.285758 -0.958302 -0.000000 0.285758 -0.958302 -0.000000 0.394677 -0.918820 -0.000000 0.394677 -0.918820 -0.000000 0.498299 -0.867005 -0.000000 0.498299 -0.867005 -0.000000 0.595232 -0.803554 -0.000000 0.595232 -0.803554 -0.000000 0.684176 -0.729317 -0.000000 0.684176 -0.729317 -0.000000 0.763937 -0.645290 -0.000000 0.763937 -0.645290 -0.000000 0.833445 -0.552603 -0.000000 0.833445 -0.552603 -0.000000 0.891765 -0.452499 -0.000000 0.891765 -0.452499 -0.000000 0.938116 -0.346321 -0.000000 0.938116 -0.346321 -0.000000 0.971876 -0.235494 -0.000000 0.971876 -0.235494 -0.000000 0.992591 -0.121507 -0.000000 0.992591 -0.121507 -0.000000 0.999983 -0.005889 -0.000000 0.999983 -0.005889 -0.000000 0.993953 0.109808 -0.000000 0.993953 0.109808 -0.000000 0.974582 0.224031 -0.000000 0.974582 0.224031 -0.000000 0.942130 0.335248 -0.000000 0.942130 0.335248 -0.000000 0.897033 0.441964 -0.000000 0.897033 0.441964 -0.000000 0.307554 -0.951531 0.000000 0.307554 -0.951531 0.000000 0.371070 -0.928605 0.000000 0.371070 -0.928605 0.000000 0.432894 -0.901445 0.000000 0.432894 -0.901445 0.000000 0.492744 -0.870174 0.000000 0.492744 -0.870174 0.000000 0.550347 -0.834936 0.000000 0.550347 -0.834936 0.000000 0.605440 -0.795891 0.000000 0.605440 -0.795891 0.000000 0.657773 -0.753216 0.000000 0.657773 -0.753216 0.000000 0.707107 -0.707107 0.000000 0.707107 -0.707107 0.000000 0.753216 -0.657773 0.000000 0.753216 -0.657773 0.000000 0.795891 -0.605440 0.000000 0.795891 -0.605440 0.000000 0.834936 -0.550347 0.000000 0.834936 -0.550347 0.000000 0.870174 -0.492744 0.000000 0.870174 -0.492744 0.000000 0.901445 -0.432894 0.000000 0.901445 -0.432894 0.000000 0.928605 -0.371070 0.000000 0.928605 -0.371070 0.000000 0.951531 -0.307554 0.000000 0.951531 -0.307554 0.000000 0.307554 0.951531 0.000000 0.307554 0.951531 0.000000 0.371070 0.928605 0.000000 0.371070 0.928605 0.000000 0.432894 0.901445 0.000000 0.432894 0.901445 0.000000 0.492744 0.870174 0.000000 0.492744 0.870174 0.000000 0.550347 0.834936 0.000000 0.550347 0.834936 0.000000 0.605440 0.795891 0.000000 0.605440 0.795891 0.000000 0.657773 0.753216 0.000000 0.657773 0.753216 0.000000 0.707107 0.707107 0.000000 0.707107 0.707107 0.000000 0.753216 0.657773 0.000000 0.753216 0.657773 0.000000 0.795891 0.605440 0.000000 0.795891 0.605440 0.000000 0.834936 0.550347 0.000000 0.834936 0.550347 0.000000 0.870174 0.492744 0.000000 0.870174 0.492744 0.000000 0.901445 0.432894 0.000000 0.901445 0.432894 0.000000 0.928605 0.371070 0.000000 0.928605 0.371070 0.000000 0.951531 0.307554 0.000000 0.951531 0.307554 0.000000 -0.951531 -0.307554 -0.000000 -0.951531 -0.307554 -0.000000 -0.928605 -0.371070 -0.000000 -0.928605 -0.371070 -0.000000 -0.901445 -0.432894 -0.000000 -0.901445 -0.432894 -0.000000 -0.870174 -0.492744 -0.000000 -0.870174 -0.492744 -0.000000 -0.834936 -0.550347 -0.000000 -0.834936 -0.550347 -0.000000 -0.795891 -0.605440 -0.000000 -0.795891 -0.605440 -0.000000 -0.753216 -0.657773 -0.000000 -0.753216 -0.657773 -0.000000 -0.707107 -0.707107 -0.000000 -0.707107 -0.707107 -0.000000 -0.657773 -0.753216 -0.000000 -0.657773 -0.753216 -0.000000 -0.605440 -0.795891 -0.000000 -0.605440 -0.795891 -0.000000 -0.550347 -0.834936 -0.000000 -0.550347 -0.834936 -0.000000 -0.492744 -0.870174 -0.000000 -0.492744 -0.870174 -0.000000 -0.432894 -0.901445 -0.000000 -0.432894 -0.901445 -0.000000 -0.371070 -0.928605 -0.000000 -0.371070 -0.928605 -0.000000 -0.307554 -0.951531 -0.000000 -0.307554 -0.951531 -0.000000 -0.951531 0.307554 0.000000 -0.951531 0.307554 0.000000 -0.928605 0.371070 0.000000 -0.928605 0.371070 0.000000 -0.901445 0.432894 0.000000 -0.901445 0.432894 0.000000 -0.870174 0.492744 0.000000 -0.870174 0.492744 0.000000 -0.834936 0.550347 0.000000 -0.834936 0.550347 0.000000 -0.795891 0.605440 0.000000 -0.795891 0.605440 0.000000 -0.753216 0.657773 0.000000 -0.753216 0.657773 0.000000 -0.707107 0.707107 0.000000 -0.707107 0.707107 0.000000 -0.657773 0.753216 0.000000 -0.657773 0.753216 0.000000 -0.605440 0.795891 0.000000 -0.605440 0.795891 0.000000 -0.550347 0.834936 0.000000 -0.550347 0.834936 0.000000 -0.492744 0.870174 0.000000 -0.492744 0.870174 0.000000 -0.432894 0.901445 0.000000 -0.432894 0.901445 0.000000 -0.371070 0.928605 0.000000 -0.371070 0.928605 0.000000 -0.307554 0.951531 0.000000 -0.307554 0.951531 0.000000 0.987688 -0.156434 0.000000 0.987688 -0.156434 0.000000 1.000000 -0.000000 0.000000 1.000000 -0.000000 0.000000 0.987688 0.156434 0.000000 0.987688 0.156434 0.000000 0.951057 0.309017 0.000000 0.951057 0.309017 0.000000 0.891007 0.453990 0.000000 0.891007 0.453990 0.000000 0.809017 0.587785 0.000000 0.809017 0.587785 0.000000 0.707107 0.707107 0.000000 0.707107 0.707107 0.000000 0.587785 0.809017 0.000000 0.587785 0.809017 0.000000 0.453990 0.891007 0.000000 0.453990 0.891007 0.000000 0.309017 0.951057 0.000000 0.309017 0.951057 0.000000 0.156434 0.987688 0.000000 0.156434 0.987688 0.000000 -0.000000 1.000000 0.000000 -0.000000 1.000000 0.000000 -0.156434 0.987688 0.000000 -0.156434 0.987688 0.000000 -0.309017 0.951057 0.000000 -0.309017 0.951057 0.000000 -0.453990 0.891007 0.000000 -0.453990 0.891007 0.000000 -0.587785 0.809017 0.000000 -0.587785 0.809017 0.000000 -0.707107 0.707107 0.000000 -0.707107 0.707107 0.000000 -0.809017 0.587785 0.000000 -0.809017 0.587785 0.000000 -0.891007 0.453990 0.000000 -0.891007 0.453990 0.000000 -0.951057 0.309017 0.000000 -0.951057 0.309017 0.000000 -0.987688 0.156434 0.000000 -0.987688 0.156434 0.000000 -1.000000 -0.000000 -0.000000 -1.000000 -0.000000 -0.000000 -0.987688 -0.156434 -0.000000 -0.987688 -0.156434 -0.000000 -0.951057 -0.309017 -0.000000 -0.951057 -0.309017 -0.000000 -0.891007 -0.453990 -0.000000 -0.891007 -0.453990 -0.000000 -0.809017 -0.587785 -0.000000 -0.809017 -0.587785 -0.000000 -0.707107 -0.707107 -0.000000 -0.707107 -0.707107 -0.000000 -0.587785 -0.809017 -0.000000 -0.587785 -0.809017 -0.000000 -0.453990 -0.891007 -0.000000 -0.453990 -0.891007 -0.000000 -0.309017 -0.951057 -0.000000 -0.309017 -0.951057 -0.000000 -0.156434 -0.987688 -0.000000 -0.156434 -0.987688 -0.000000 -0.000000 -1.000000 -0.000000 -0.000000 -1.000000 -0.000000 0.156434 -0.987688 0.000000 0.156434 -0.987688 0.000000 0.309017 -0.951057 0.000000 0.309017 -0.951057 0.000000 0.453990 -0.891007 0.000000 0.453990 -0.891007 0.000000 0.587785 -0.809017 0.000000 0.587785 -0.809017 0.000000 0.707107 -0.707107 0.000000 0.707107 -0.707107 0.000000 0.809017 -0.587785 0.000000 0.809017 -0.587785 0.000000 0.891007 -0.453990 0.000000 0.891007 -0.453990 0.000000 0.951057 -0.309017 0.000000 0.951057 -0.309017 0.000000 -0.987688 -0.156434 -0.000000 -1.000000 -0.000000 -0.000000 -0.987688 0.156434 0.000000 -0.951057 0.309017 0.000000 -0.891007 0.453990 0.000000 -0.809017 0.587785 0.000000 -0.707107 0.707107 0.000000 -0.587785 0.809017 0.000000 -0.453990 0.891007 0.000000 -0.309017 0.951057 0.000000 -0.156434 0.987688 0.000000 -0.000000 1.000000 0.000000 0.156434 0.987688 0.000000 0.309017 0.951057 0.000000 0.453990 0.891007 0.000000 0.587785 0.809017 0.000000 0.707107 0.707107 0.000000 0.809017 0.587785 0.000000 0.891007 0.453990 0.000000 0.951057 0.309017 0.000000 0.987688 0.156434 0.000000 1.000000 0.000000 0.000000 0.987688 -0.156434 0.000000 0.951057 -0.309017 0.000000 0.891007 -0.453990 0.000000 0.809017 -0.587785 0.000000 0.707107 -0.707107 0.000000 0.587785 -0.809017 0.000000 0.453990 -0.891007 0.000000 0.309017 -0.951057 0.000000 0.156434 -0.987688 0.000000 0.000000 -1.000000 0.000000 -0.156434 -0.987688 -0.000000 -0.309017 -0.951057 -0.000000 -0.453990 -0.891007 -0.000000 -0.587785 -0.809017 -0.000000 -0.707107 -0.707107 -0.000000 -0.809017 -0.587785 -0.000000 -0.891007 -0.453990 -0.000000 -0.951057 -0.309017 -0.000000 0.000000 0.000000 1.000000 0.000000 0.000000 1.000000 0.000000 0.000000 1.000000 0.000000 0.000000 1.000000 0.000000 0.000000 1.000000 0.000000 0.000000 1.000000 0.000000 0.000000 1.000000 0.000000 0.000000 1.000000 0.000000 0.000000 1.000000 0.000000 0.000000 1.000000 0.000000 0.000000 1.000000 0.000000 0.000000 1.000000 0.000000 0.000000 1.000000 0.000000 0.000000 1.000000 0.000000 0.000000 1.000000 0.000000 0.000000 1.000000 0.000000 0.000000 1.000000 0.000000 0.000000 1.000000 0.000000 0.000000 1.000000 0.000000 0.000000 1.000000 0.000000 0.000000 1.000000 0.000000 0.000000 1.000000 0.000000 0.000000 1.000000 0.000000 0.000000 1.000000 0.000000 0.000000 1.000000 0.000000 0.000000 1.000000 0.000000 0.000000 1.000000 0.000000 0.000000 1.000000 0.000000 0.000000 1.000000 0.000000 0.000000 1.000000 0.000000 0.000000 1.000000 0.000000 0.000000 1.000000 0.000000 0.000000 1.000000 0.000000 0.000000 1.000000 0.000000 0.000000 1.000000 0.000000 0.000000 1.000000 0.000000 0.000000 1.000000 0.000000 0.000000 1.000000 0.000000 0.000000 1.000000 0.000000 0.000000 1.000000 0.000000 0.000000 1.000000 0.000000 0.000000 1.000000 0.000000 0.000000 1.000000 0.000000 0.000000 1.000000 0.000000 0.000000 1.000000 0.000000 0.000000 1.000000 0.000000 0.000000 1.000000 0.000000 0.000000 1.000000 0.000000 0.000000 1.000000 0.000000 0.000000 1.000000 0.000000 0.000000 1.000000 0.000000 0.000000 1.000000 0.000000 0.000000 1.000000 0.000000 0.000000 1.000000 0.000000 0.000000 1.000000 0.000000 0.000000 1.000000 0.000000 0.000000 1.000000 0.000000 0.000000 1.000000 0.000000 0.000000 1.000000 0.000000 0.000000 1.000000 0.000000 0.000000 1.000000 0.000000 0.000000 1.000000 0.000000 0.000000 1.000000 0.000000 0.000000 1.000000 0.000000 0.000000 1.000000 0.000000 0.000000 1.000000 0.000000 0.000000 1.000000 0.000000 0.000000 1.000000 0.000000 0.000000 1.000000 0.000000 0.000000 1.000000 0.000000 0.000000 1.000000 0.000000 0.000000 1.000000 0.000000 0.000000 1.000000 0.000000 0.000000 1.000000 0.000000 0.000000 1.000000 0.000000 0.000000 1.000000 0.000000 0.000000 1.000000 0.000000 0.000000 1.000000 0.000000 0.000000 1.000000 0.000000 0.000000 1.000000 0.000000 0.000000 1.000000 0.000000 0.000000 1.000000 0.000000 0.000000 1.000000 0.000000 0.000000 1.000000 0.000000 0.000000 1.000000 0.000000 0.000000 1.000000 0.000000 0.000000 1.000000 0.000000 0.000000 1.000000 0.000000 0.000000 1.000000 0.000000 0.000000 1.000000 0.000000 0.000000 1.000000 0.000000 0.000000 1.000000 0.000000 0.000000 1.000000 0.000000 0.000000 1.000000 0.000000 0.000000 1.000000 0.000000 0.000000 1.000000 0.000000 0.000000 1.000000 0.000000 0.000000 1.000000 0.000000 0.000000 1.000000 0.000000 0.000000 1.000000 0.000000 0.000000 1.000000 0.000000 0.000000 1.000000 0.000000 0.000000 1.000000 0.000000 0.000000 1.000000 0.000000 0.000000 1.000000 0.000000 0.000000 1.000000 0.000000 0.000000 1.000000 0.000000 0.000000 1.000000 0.000000 0.000000 1.000000 0.000000 0.000000 1.000000 0.000000 0.000000 1.000000 0.000000 0.000000 1.000000 0.000000 0.000000 1.000000 0.000000 0.000000 1.000000 0.000000 0.000000 1.000000 0.000000 0.000000 1.000000 0.000000 0.000000 1.000000 0.000000 0.000000 1.000000 0.000000 0.000000 1.000000 0.000000 0.000000 1.000000 0.000000 0.000000 1.000000 0.000000 0.000000 1.000000 0.000000 0.000000 1.000000 0.000000 0.000000 1.000000 0.000000 0.000000 1.000000 0.000000 0.000000 1.000000 0.000000 0.000000 1.000000 0.000000 0.000000 1.000000 0.000000 0.000000 1.000000</float_array>
          <technique_common>
            <accessor source="#motor_hub_link-mesh-normals-array" count="2199" stride="3">
              <param name="X" type="float"/>
              <param name="Y" type="float"/>
              <param name="Z" type="float"/>
            </accessor>
          </technique_common>
        </source>
        <vertices id="motor_hub_link-mesh-vertices">
          <input semantic="POSITION" source="#motor_hub_link-mesh-positions"/>
        </vertices>
        <triangles material="Aluminio_-_Satinado" count="963">
          <input semantic="VERTEX" source="#motor_hub_link-mesh-vertices" offset="0"/>
          <input semantic="NORMAL" source="#motor_hub_link-mesh-normals" offset="1"/>
          <p>1 0 118 1 0 2 0 2 118 1 127 3 0 2 127 3 408 4 408 4 127 3 126 5 408 4 126 5 409 6 409 6 126 5 125 7 409 6 125 7 410 8 410 8 125 7 124 9 410 8 124 9 411 10 411 10 124 9 123 11 411 10 123 11 412 12 412 12 123 11 58 13 412 12 58 13 59 14 118 1 1 0 128 15 128 15 1 0 2 16 128 15 2 16 133 17 133 17 2 16 3 18 133 17 3 18 138 19 138 19 3 18 4 20 138 19 4 20 143 21 143 21 4 20 5 22 143 21 5 22 148 23 148 23 5 22 6 24 148 23 6 24 153 25 153 25 6 24 7 26 153 25 7 26 158 27 158 27 7 26 8 28 158 27 8 28 163 29 163 29 8 28 9 30 163 29 9 30 168 31 168 31 9 30 10 32 168 31 10 32 173 33 173 33 10 32 11 34 173 33 11 34 178 35 178 35 11 34 12 36 178 35 12 36 183 37 183 37 12 36 13 38 183 37 13 38 188 39 188 39 13 38 14 40 188 39 14 40 193 41 193 41 14 40 15 42 193 41 15 42 198 43 198 43 15 42 16 44 198 43 16 44 203 45 203 45 16 44 17 46 203 45 17 46 208 47 208 47 17 46 18 48 208 47 18 48 213 49 213 49 18 48 19 50 213 49 19 50 218 51 218 51 19 50 20 52 218 51 20 52 223 53 223 53 20 52 21 54 223 53 21 54 228 55 228 55 21 54 22 56 228 55 22 56 233 57 233 57 22 56 23 58 233 57 23 58 238 59 238 59 23 58 24 60 238 59 24 60 243 61 243 61 24 60 25 62 243 61 25 62 248 63 248 63 25 62 26 64 248 63 26 64 253 65 253 65 26 64 27 66 253 65 27 66 258 67 258 67 27 66 28 68 258 67 28 68 263 69 263 69 28 68 29 70 263 69 29 70 113 71 113 71 29 70 268 72 113 71 268 72 269 73 269 73 268 72 274 74 269 73 274 74 275 75 275 75 274 74 280 76 275 75 280 76 281 77 281 77 280 76 286 78 281 77 286 78 287 79 287 79 286 78 292 80 287 79 292 80 81 81 81 81 292 80 80 82 80 82 292 80 297 83 80 82 297 83 302 84 302 84 297 83 296 85 302 84 296 85 301 86 301 86 296 85 295 87 301 86 295 87 300 88 300 88 295 87 294 89 300 88 294 89 299 90 299 90 294 89 293 91 299 90 293 91 298 92 298 92 293 91 35 93 298 92 35 93 36 94 29 70 30 95 268 72 268 72 30 95 273 96 268 72 273 96 274 74 274 74 273 96 279 97 274 74 279 97 280 76 280 76 279 97 285 98 280 76 285 98 286 78 286 78 285 98 291 99 286 78 291 99 292 80 292 80 291 99 297 83 30 95 31 100 273 96 273 96 31 100 278 101 273 96 278 101 279 97 279 97 278 101 284 102 279 97 284 102 285 98 285 98 284 102 290 103 285 98 290 103 291 99 291 99 290 103 296 85 291 99 296 85 297 83 31 100 32 104 278 101 278 101 32 104 283 105 278 101 283 105 284 102 284 102 283 105 289 106 284 102 289 106 290 103 290 103 289 106 295 87 290 103 295 87 296 85 32 104 33 107 283 105 283 105 33 107 288 108 283 105 288 108 289 106 289 106 288 108 294 89 289 106 294 89 295 87 33 107 34 109 288 108 288 108 34 109 293 91 288 108 293 91 294 89 34 109 35 93 293 91 298 92 36 94 303 110 303 110 36 94 37 111 303 110 37 111 308 112 308 112 37 111 38 113 308 112 38 113 313 114 313 114 38 113 39 115 313 114 39 115 318 116 318 116 39 115 40 117 318 116 40 117 323 118 323 118 40 117 41 119 323 118 41 119 328 120 328 120 41 119 42 121 328 120 42 121 333 122 333 122 42 121 43 123 333 122 43 123 338 124 338 124 43 123 44 125 338 124 44 125 343 126 343 126 44 125 45 127 343 126 45 127 348 128 348 128 45 127 46 129 348 128 46 129 353 130 353 130 46 129 47 131 353 130 47 131 358 132 358 132 47 131 48 133 358 132 48 133 363 134 363 134 48 133 49 135 363 134 49 135 368 136 368 136 49 135 50 137 368 136 50 137 373 138 373 138 50 137 51 139 373 138 51 139 378 140 378 140 51 139 52 141 378 140 52 141 383 142 383 142 52 141 53 143 383 142 53 143 388 144 388 144 53 143 54 145 388 144 54 145 393 146 393 146 54 145 55 147 393 146 55 147 398 148 398 148 55 147 56 149 398 148 56 149 403 150 403 150 56 149 57 151 403 150 57 151 408 4 408 4 57 151 0 2 412 12 59 14 407 152 407 152 59 14 60 153 407 152 60 153 402 154 402 154 60 153 61 155 402 154 61 155 397 156 397 156 61 155 62 157 397 156 62 157 392 158 392 158 62 157 63 159 392 158 63 159 387 160 387 160 63 159 64 161 387 160 64 161 382 162 382 162 64 161 65 163 382 162 65 163 377 164 377 164 65 163 66 165 377 164 66 165 372 166 372 166 66 165 67 167 372 166 67 167 367 168 367 168 67 167 68 169 367 168 68 169 362 170 362 170 68 169 69 171 362 170 69 171 357 172 357 172 69 171 352 173 357 172 352 173 351 174 351 174 352 173 346 175 351 174 346 175 345 176 345 176 346 175 340 177 345 176 340 177 339 178 339 178 340 177 334 179 339 178 334 179 333 122 333 122 334 179 328 120 69 171 70 180 352 173 352 173 70 180 347 181 352 173 347 181 346 175 346 175 347 181 341 182 346 175 341 182 340 177 340 177 341 182 335 183 340 177 335 183 334 179 334 179 335 183 329 184 334 179 329 184 328 120 328 120 329 184 323 118 70 180 71 185 347 181 347 181 71 185 342 186 347 181 342 186 341 182 341 182 342 186 336 187 341 182 336 187 335 183 335 183 336 187 330 188 335 183 330 188 329 184 329 184 330 188 324 189 329 184 324 189 323 118 323 118 324 189 318 116 71 185 72 190 342 186 342 186 72 190 337 191 342 186 337 191 336 187 336 187 337 191 331 192 336 187 331 192 330 188 330 188 331 192 325 193 330 188 325 193 324 189 324 189 325 193 319 194 324 189 319 194 318 116 318 116 319 194 313 114 72 190 73 195 337 191 337 191 73 195 332 196 337 191 332 196 331 192 331 192 332 196 326 197 331 192 326 197 325 193 325 193 326 197 320 198 325 193 320 198 319 194 319 194 320 198 314 199 319 194 314 199 313 114 313 114 314 199 308 112 73 195 74 200 332 196 332 196 74 200 327 201 332 196 327 201 326 197 326 197 327 201 321 202 326 197 321 202 320 198 320 198 321 202 315 203 320 198 315 203 314 199 314 199 315 203 309 204 314 199 309 204 308 112 308 112 309 204 303 110 74 200 75 205 327 201 327 201 75 205 322 206 327 201 322 206 321 202 321 202 322 206 316 207 321 202 316 207 315 203 315 203 316 207 310 208 315 203 310 208 309 204 309 204 310 208 304 209 309 204 304 209 303 110 303 110 304 209 298 92 75 205 76 210 322 206 322 206 76 210 317 211 322 206 317 211 316 207 316 207 317 211 311 212 316 207 311 212 310 208 310 208 311 212 305 213 310 208 305 213 304 209 304 209 305 213 299 90 304 209 299 90 298 92 76 210 77 214 317 211 317 211 77 214 312 215 317 211 312 215 311 212 311 212 312 215 306 216 311 212 306 216 305 213 305 213 306 216 300 88 305 213 300 88 299 90 77 214 78 217 312 215 312 215 78 217 307 218 312 215 307 218 306 216 306 216 307 218 301 86 306 216 301 86 300 88 78 217 79 219 307 218 307 218 79 219 302 84 307 218 302 84 301 86 79 219 80 82 302 84 81 81 82 220 287 79 287 79 82 220 282 221 287 79 282 221 281 77 281 77 282 221 276 222 281 77 276 222 275 75 275 75 276 222 270 223 275 75 270 223 269 73 269 73 270 223 114 224 269 73 114 224 113 71 113 71 114 224 263 69 82 220 83 225 282 221 282 221 83 225 277 226 282 221 277 226 276 222 276 222 277 226 271 227 276 222 271 227 270 223 270 223 271 227 115 228 270 223 115 228 114 224 114 224 115 228 264 229 114 224 264 229 263 69 263 69 264 229 258 67 83 225 84 230 277 226 277 226 84 230 272 231 277 226 272 231 271 227 271 227 272 231 116 232 271 227 116 232 115 228 115 228 116 232 265 233 115 228 265 233 264 229 264 229 265 233 259 234 264 229 259 234 258 67 258 67 259 234 253 65 84 230 85 235 272 231 272 231 85 235 117 236 272 231 117 236 116 232 116 232 117 236 266 237 116 232 266 237 265 233 265 233 266 237 260 238 265 233 260 238 259 234 259 234 260 238 254 239 259 234 254 239 253 65 253 65 254 239 248 63 85 235 86 240 117 236 117 236 86 240 267 241 117 236 267 241 266 237 266 237 267 241 261 242 266 237 261 242 260 238 260 238 261 242 255 243 260 238 255 243 254 239 254 239 255 243 249 244 254 239 249 244 248 63 248 63 249 244 243 61 86 240 87 245 267 241 267 241 87 245 262 246 267 241 262 246 261 242 261 242 262 246 256 247 261 242 256 247 255 243 255 243 256 247 250 248 255 243 250 248 249 244 249 244 250 248 244 249 249 244 244 249 243 61 243 61 244 249 238 59 87 245 88 250 262 246 262 246 88 250 257 251 262 246 257 251 256 247 256 247 257 251 251 252 256 247 251 252 250 248 250 248 251 252 245 253 250 248 245 253 244 249 244 249 245 253 239 254 244 249 239 254 238 59 238 59 239 254 233 57 88 250 89 255 257 251 257 251 89 255 252 256 257 251 252 256 251 252 251 252 252 256 246 257 251 252 246 257 245 253 245 253 246 257 240 258 245 253 240 258 239 254 239 254 240 258 234 259 239 254 234 259 233 57 233 57 234 259 228 55 89 255 90 260 252 256 252 256 90 260 247 261 252 256 247 261 246 257 246 257 247 261 241 262 246 257 241 262 240 258 240 258 241 262 235 263 240 258 235 263 234 259 234 259 235 263 229 264 234 259 229 264 228 55 228 55 229 264 223 53 90 260 91 265 247 261 247 261 91 265 242 266 247 261 242 266 241 262 241 262 242 266 236 267 241 262 236 267 235 263 235 263 236 267 230 268 235 263 230 268 229 264 229 264 230 268 224 269 229 264 224 269 223 53 223 53 224 269 218 51 242 266 91 265 237 270 237 270 91 265 92 271 237 270 92 271 232 272 232 272 92 271 93 273 232 272 93 273 227 274 227 274 93 273 94 275 227 274 94 275 222 276 222 276 94 275 95 277 222 276 95 277 217 278 217 278 95 277 96 279 217 278 96 279 212 280 212 280 96 279 97 281 212 280 97 281 207 282 207 282 97 281 98 283 207 282 98 283 202 284 202 284 98 283 99 285 202 284 99 285 197 286 197 286 99 285 100 287 197 286 100 287 192 288 192 288 100 287 101 289 192 288 101 289 187 290 187 290 101 289 102 291 187 290 102 291 182 292 182 292 102 291 177 293 182 292 177 293 176 294 176 294 177 293 171 295 176 294 171 295 170 296 170 296 171 295 165 297 170 296 165 297 164 298 164 298 165 297 159 299 164 298 159 299 158 27 158 27 159 299 153 25 102 291 103 300 177 293 177 293 103 300 172 301 177 293 172 301 171 295 171 295 172 301 166 302 171 295 166 302 165 297 165 297 166 302 160 303 165 297 160 303 159 299 159 299 160 303 154 304 159 299 154 304 153 25 153 25 154 304 148 23 103 300 104 305 172 301 172 301 104 305 167 306 172 301 167 306 166 302 166 302 167 306 161 307 166 302 161 307 160 303 160 303 161 307 155 308 160 303 155 308 154 304 154 304 155 308 149 309 154 304 149 309 148 23 148 23 149 309 143 21 104 305 105 310 167 306 167 306 105 310 162 311 167 306 162 311 161 307 161 307 162 311 156 312 161 307 156 312 155 308 155 308 156 312 150 313 155 308 150 313 149 309 149 309 150 313 144 314 149 309 144 314 143 21 143 21 144 314 138 19 105 310 106 315 162 311 162 311 106 315 157 316 162 311 157 316 156 312 156 312 157 316 151 317 156 312 151 317 150 313 150 313 151 317 145 318 150 313 145 318 144 314 144 314 145 318 139 319 144 314 139 319 138 19 138 19 139 319 133 17 106 315 107 320 157 316 157 316 107 320 152 321 157 316 152 321 151 317 151 317 152 321 146 322 151 317 146 322 145 318 145 318 146 322 140 323 145 318 140 323 139 319 139 319 140 323 134 324 139 319 134 324 133 17 133 17 134 324 128 15 107 320 108 325 152 321 152 321 108 325 147 326 152 321 147 326 146 322 146 322 147 326 141 327 146 322 141 327 140 323 140 323 141 327 135 328 140 323 135 328 134 324 134 324 135 328 129 329 134 324 129 329 128 15 128 15 129 329 118 1 108 325 109 330 147 326 147 326 109 330 142 331 147 326 142 331 141 327 141 327 142 331 136 332 141 327 136 332 135 328 135 328 136 332 130 333 135 328 130 333 129 329 129 329 130 333 119 334 129 329 119 334 118 1 118 1 119 334 127 3 109 330 110 335 142 331 142 331 110 335 137 336 142 331 137 336 136 332 136 332 137 336 131 337 136 332 131 337 130 333 130 333 131 337 120 338 130 333 120 338 119 334 119 334 120 338 126 5 119 334 126 5 127 3 110 335 111 339 137 336 137 336 111 339 132 340 137 336 132 340 131 337 131 337 132 340 121 341 131 337 121 341 120 338 120 338 121 341 125 7 120 338 125 7 126 5 111 339 112 342 132 340 132 340 112 342 122 343 132 340 122 343 121 341 121 341 122 343 124 9 121 341 124 9 125 7 112 342 58 13 122 343 122 343 58 13 123 11 122 343 123 11 124 9 158 27 163 29 164 298 164 298 163 29 169 344 164 298 169 344 170 296 170 296 169 344 175 345 170 296 175 345 176 294 176 294 175 345 181 346 176 294 181 346 182 292 182 292 181 346 187 290 163 29 168 31 169 344 169 344 168 31 174 347 169 344 174 347 175 345 175 345 174 347 180 348 175 345 180 348 181 346 181 346 180 348 186 349 181 346 186 349 187 290 187 290 186 349 192 288 168 31 173 33 174 347 174 347 173 33 179 350 174 347 179 350 180 348 180 348 179 350 185 351 180 348 185 351 186 349 186 349 185 351 191 352 186 349 191 352 192 288 192 288 191 352 197 286 173 33 178 35 179 350 179 350 178 35 184 353 179 350 184 353 185 351 185 351 184 353 190 354 185 351 190 354 191 352 191 352 190 354 196 355 191 352 196 355 197 286 197 286 196 355 202 284 178 35 183 37 184 353 184 353 183 37 189 356 184 353 189 356 190 354 190 354 189 356 195 357 190 354 195 357 196 355 196 355 195 357 201 358 196 355 201 358 202 284 202 284 201 358 207 282 183 37 188 39 189 356 189 356 188 39 194 359 189 356 194 359 195 357 195 357 194 359 200 360 195 357 200 360 201 358 201 358 200 360 206 361 201 358 206 361 207 282 207 282 206 361 212 280 188 39 193 41 194 359 194 359 193 41 199 362 194 359 199 362 200 360 200 360 199 362 205 363 200 360 205 363 206 361 206 361 205 363 211 364 206 361 211 364 212 280 212 280 211 364 217 278 193 41 198 43 199 362 199 362 198 43 204 365 199 362 204 365 205 363 205 363 204 365 210 366 205 363 210 366 211 364 211 364 210 366 216 367 211 364 216 367 217 278 217 278 216 367 222 276 198 43 203 45 204 365 204 365 203 45 209 368 204 365 209 368 210 366 210 366 209 368 215 369 210 366 215 369 216 367 216 367 215 369 221 370 216 367 221 370 222 276 222 276 221 370 227 274 203 45 208 47 209 368 209 368 208 47 214 371 209 368 214 371 215 369 215 369 214 371 220 372 215 369 220 372 221 370 221 370 220 372 226 373 221 370 226 373 227 274 227 274 226 373 232 272 208 47 213 49 214 371 214 371 213 49 219 374 214 371 219 374 220 372 220 372 219 374 225 375 220 372 225 375 226 373 226 373 225 375 231 376 226 373 231 376 232 272 232 272 231 376 237 270 213 49 218 51 219 374 219 374 218 51 224 269 219 374 224 269 225 375 225 375 224 269 230 268 225 375 230 268 231 376 231 376 230 268 236 267 231 376 236 267 237 270 237 270 236 267 242 266 333 122 338 124 339 178 339 178 338 124 344 377 339 178 344 377 345 176 345 176 344 377 350 378 345 176 350 378 351 174 351 174 350 378 356 379 351 174 356 379 357 172 357 172 356 379 362 170 338 124 343 126 344 377 344 377 343 126 349 380 344 377 349 380 350 378 350 378 349 380 355 381 350 378 355 381 356 379 356 379 355 381 361 382 356 379 361 382 362 170 362 170 361 382 367 168 343 126 348 128 349 380 349 380 348 128 354 383 349 380 354 383 355 381 355 381 354 383 360 384 355 381 360 384 361 382 361 382 360 384 366 385 361 382 366 385 367 168 367 168 366 385 372 166 348 128 353 130 354 383 354 383 353 130 359 386 354 383 359 386 360 384 360 384 359 386 365 387 360 384 365 387 366 385 366 385 365 387 371 388 366 385 371 388 372 166 372 166 371 388 377 164 353 130 358 132 359 386 359 386 358 132 364 389 359 386 364 389 365 387 365 387 364 389 370 390 365 387 370 390 371 388 371 388 370 390 376 391 371 388 376 391 377 164 377 164 376 391 382 162 358 132 363 134 364 389 364 389 363 134 369 392 364 389 369 392 370 390 370 390 369 392 375 393 370 390 375 393 376 391 376 391 375 393 381 394 376 391 381 394 382 162 382 162 381 394 387 160 363 134 368 136 369 392 369 392 368 136 374 395 369 392 374 395 375 393 375 393 374 395 380 396 375 393 380 396 381 394 381 394 380 396 386 397 381 394 386 397 387 160 387 160 386 397 392 158 368 136 373 138 374 395 374 395 373 138 379 398 374 395 379 398 380 396 380 396 379 398 385 399 380 396 385 399 386 397 386 397 385 399 391 400 386 397 391 400 392 158 392 158 391 400 397 156 373 138 378 140 379 398 379 398 378 140 384 401 379 398 384 401 385 399 385 399 384 401 390 402 385 399 390 402 391 400 391 400 390 402 396 403 391 400 396 403 397 156 397 156 396 403 402 154 378 140 383 142 384 401 384 401 383 142 389 404 384 401 389 404 390 402 390 402 389 404 395 405 390 402 395 405 396 403 396 403 395 405 401 406 396 403 401 406 402 154 402 154 401 406 407 152 383 142 388 144 389 404 389 404 388 144 394 407 389 404 394 407 395 405 395 405 394 407 400 408 395 405 400 408 401 406 401 406 400 408 406 409 401 406 406 409 407 152 407 152 406 409 412 12 388 144 393 146 394 407 394 407 393 146 399 410 394 407 399 410 400 408 400 408 399 410 405 411 400 408 405 411 406 409 406 409 405 411 411 10 406 409 411 10 412 12 393 146 398 148 399 410 399 410 398 148 404 412 399 410 404 412 405 411 405 411 404 412 410 8 405 411 410 8 411 10 398 148 403 150 404 412 404 412 403 150 409 6 404 412 409 6 410 8 408 4 409 6 403 150 1201 1404 1152 1405 1200 1406 1200 1406 1152 1405 1151 1407 1200 1406 1151 1407 1150 1408 1202 1409 1155 1410 1201 1404 1201 1404 1155 1410 1154 1411 1201 1404 1154 1411 1153 1412 1202 1409 1203 1413 1155 1410 1155 1410 1203 1413 1204 1414 1155 1410 1204 1414 1205 1415 1205 1415 1206 1416 1155 1410 1155 1410 1206 1416 1207 1417 1155 1410 1207 1417 1208 1418 1209 1419 1167 1420 1208 1418 1208 1418 1167 1420 1166 1421 1208 1418 1166 1421 1165 1422 1210 1423 1174 1424 1209 1419 1209 1419 1174 1424 1173 1425 1209 1419 1173 1425 1172 1426 1211 1427 1176 1428 1210 1423 1210 1423 1176 1428 1175 1429 1210 1423 1175 1429 1174 1424 1212 1430 1179 1431 1211 1427 1211 1427 1179 1431 1178 1432 1211 1427 1178 1432 1177 1433 1213 1434 1181 1435 1212 1430 1212 1430 1181 1435 1180 1436 1212 1430 1180 1436 1179 1431 1214 1437 1184 1438 1213 1434 1213 1434 1184 1438 1183 1439 1213 1434 1183 1439 1182 1440 1215 1441 1186 1442 1214 1437 1214 1437 1186 1442 1185 1443 1214 1437 1185 1443 1184 1438 1216 1444 1189 1445 1215 1441 1215 1441 1189 1445 1188 1446 1215 1441 1188 1446 1187 1447 1217 1448 1191 1449 1216 1444 1216 1444 1191 1449 1190 1450 1216 1444 1190 1450 1189 1445 1218 1451 1194 1452 1217 1448 1217 1448 1194 1452 1193 1453 1217 1448 1193 1453 1192 1454 1219 1455 1196 1456 1218 1451 1218 1451 1196 1456 1195 1457 1218 1451 1195 1457 1194 1452 1220 1458 1199 1459 1219 1455 1219 1455 1199 1459 1198 1460 1219 1455 1198 1460 1197 1461 1221 1462 1103 1463 1220 1458 1220 1458 1103 1463 1102 1464 1220 1458 1102 1464 1199 1459 1222 1465 1106 1466 1221 1462 1221 1462 1106 1466 1105 1467 1221 1462 1105 1467 1104 1468 1223 1469 1108 1470 1222 1465 1222 1465 1108 1470 1107 1471 1222 1465 1107 1471 1106 1466 1224 1472 1111 1473 1223 1469 1223 1469 1111 1473 1110 1474 1223 1469 1110 1474 1109 1475 1225 1476 1113 1477 1224 1472 1224 1472 1113 1477 1112 1478 1224 1472 1112 1478 1111 1473 1226 1479 1116 1480 1225 1476 1225 1476 1116 1480 1115 1481 1225 1476 1115 1481 1114 1482 1227 1483 1118 1484 1226 1479 1226 1479 1118 1484 1117 1485 1226 1479 1117 1485 1116 1480 1228 1486 1121 1487 1227 1483 1227 1483 1121 1487 1120 1488 1227 1483 1120 1488 1119 1489 1229 1490 1123 1491 1228 1486 1228 1486 1123 1491 1122 1492 1228 1486 1122 1492 1121 1487 1230 1493 1125 1494 1229 1490 1229 1490 1125 1494 1124 1495 1229 1490 1124 1495 1123 1491 1231 1496 1128 1497 1230 1493 1230 1493 1128 1497 1127 1498 1230 1493 1127 1498 1126 1499 1232 1500 1130 1501 1231 1496 1231 1496 1130 1501 1129 1502 1231 1496 1129 1502 1128 1497 1233 1503 1133 1504 1232 1500 1232 1500 1133 1504 1132 1505 1232 1500 1132 1505 1131 1506 1234 1507 1135 1508 1233 1503 1233 1503 1135 1508 1134 1509 1233 1503 1134 1509 1133 1504 1235 1510 1138 1511 1234 1507 1234 1507 1138 1511 1137 1512 1234 1507 1137 1512 1136 1513 1236 1514 1140 1515 1235 1510 1235 1510 1140 1515 1139 1516 1235 1510 1139 1516 1138 1511 1237 1517 1143 1518 1236 1514 1236 1514 1143 1518 1142 1519 1236 1514 1142 1519 1141 1520 1238 1521 1145 1522 1237 1517 1237 1517 1145 1522 1144 1523 1237 1517 1144 1523 1143 1518 1239 1524 1147 1525 1238 1521 1238 1521 1147 1525 1146 1526 1238 1521 1146 1526 1145 1522 1200 1406 1150 1408 1239 1524 1239 1524 1150 1408 1149 1527 1239 1524 1149 1527 1148 1528 1197 1461 1196 1456 1219 1455 1192 1454 1191 1449 1217 1448 1187 1447 1186 1442 1215 1441 1182 1440 1181 1435 1213 1434 1177 1433 1176 1428 1211 1427 1172 1426 1171 1529 1209 1419 1209 1419 1171 1529 1170 1530 1209 1419 1170 1530 1169 1531 1169 1531 1168 1532 1209 1419 1209 1419 1168 1532 1167 1420 1165 1422 1164 1533 1208 1418 1208 1418 1164 1533 1163 1534 1208 1418 1163 1534 1162 1535 1162 1535 1161 1536 1208 1418 1208 1418 1161 1536 1160 1537 1208 1418 1160 1537 1159 1538 1159 1538 1158 1539 1208 1418 1208 1418 1158 1539 1157 1540 1208 1418 1157 1540 1156 1541 1156 1541 1155 1410 1208 1418 1153 1412 1152 1405 1201 1404 1148 1528 1147 1525 1239 1524 1141 1520 1140 1515 1236 1514 1136 1513 1135 1508 1234 1507 1131 1506 1130 1501 1232 1500 1126 1499 1125 1494 1230 1493 1119 1489 1118 1484 1227 1483 1114 1482 1113 1477 1225 1476 1109 1475 1108 1470 1223 1469 1104 1468 1103 1463 1221 1462 546 1830 737 1831 547 1832 547 1832 737 1831 817 1833 547 1832 817 1833 548 1834 548 1834 817 1833 816 1835 548 1834 816 1835 549 1836 549 1836 816 1835 815 1837 549 1836 815 1837 550 1838 550 1838 815 1837 814 1839 550 1838 814 1839 551 1840 551 1840 814 1839 813 1841 551 1840 813 1841 552 1842 552 1842 813 1841 812 1843 552 1842 812 1843 553 1844 553 1844 812 1843 811 1845 553 1844 811 1845 554 1846 554 1846 811 1845 810 1847 554 1846 810 1847 555 1848 555 1848 810 1847 809 1849 555 1848 809 1849 556 1850 556 1850 809 1849 808 1851 556 1850 808 1851 557 1852 557 1852 808 1851 807 1853 557 1852 807 1853 558 1854 558 1854 807 1853 806 1855 558 1854 806 1855 559 1856 559 1856 806 1855 805 1857 559 1856 805 1857 560 1858 560 1858 805 1857 804 1859 664 1860 413 1861 772 1862 772 1862 413 1861 608 1863 772 1862 608 1863 773 1864 773 1864 608 1863 607 1865 773 1864 607 1865 774 1866 774 1866 607 1865 606 1867 774 1866 606 1867 775 1868 775 1868 606 1867 605 1869 775 1868 605 1869 776 1870 776 1870 605 1869 604 1871 776 1870 604 1871 777 1872 777 1872 604 1871 603 1873 777 1872 603 1873 778 1874 778 1874 603 1873 602 1875 778 1874 602 1875 779 1876 779 1876 602 1875 601 1877 779 1876 601 1877 780 1878 780 1878 601 1877 600 1879 780 1878 600 1879 781 1880 781 1880 600 1879 599 1881 781 1880 599 1881 782 1882 782 1882 599 1881 598 1883 782 1882 598 1883 783 1884 783 1884 598 1883 597 1885 783 1884 597 1885 784 1886 784 1886 597 1885 596 1887 784 1886 596 1887 785 1888 785 1888 596 1887 595 1889 497 1890 831 1891 498 1892 498 1892 831 1891 830 1893 498 1892 830 1893 499 1894 499 1894 830 1893 829 1895 499 1894 829 1895 500 1896 500 1896 829 1895 828 1897 500 1896 828 1897 501 1898 501 1898 828 1897 827 1899 501 1898 827 1899 502 1900 502 1900 827 1899 826 1901 502 1900 826 1901 503 1902 503 1902 826 1901 825 1903 503 1902 825 1903 504 1904 504 1904 825 1903 824 1905 504 1904 824 1905 505 1906 505 1906 824 1905 823 1907 505 1906 823 1907 506 1908 506 1908 823 1907 822 1909 506 1908 822 1909 507 1910 507 1910 822 1909 821 1911 507 1910 821 1911 508 1912 508 1912 821 1911 820 1913 508 1912 820 1913 509 1914 509 1914 820 1913 819 1915 509 1914 819 1915 510 1916 510 1916 819 1915 818 1917 510 1916 818 1917 511 1918 511 1918 818 1917 718 1919 850 1920 462 1921 851 1922 851 1922 462 1921 461 1923 851 1922 461 1923 852 1924 852 1924 461 1923 460 1925 852 1924 460 1925 853 1926 853 1926 460 1925 459 1927 853 1926 459 1927 854 1928 854 1928 459 1927 458 1929 854 1928 458 1929 855 1930 855 1930 458 1929 457 1931 855 1930 457 1931 856 1932 856 1932 457 1931 456 1933 856 1932 456 1933 857 1934 857 1934 456 1933 455 1935 857 1934 455 1935 858 1936 858 1936 455 1935 454 1937 858 1936 454 1937 859 1938 859 1938 454 1937 453 1939 859 1938 453 1939 860 1940 860 1940 453 1939 452 1941 860 1940 452 1941 861 1942 861 1942 452 1941 451 1943 861 1942 451 1943 862 1944 862 1944 451 1943 450 1945 862 1944 450 1945 863 1946 863 1946 450 1945 449 1947 863 1946 449 1947 683 1948 683 1948 449 1947 448 1949</p>
        </triangles>
        <triangles material="Aluminio_-_Pulido" count="1257">
          <input semantic="VERTEX" source="#motor_hub_link-mesh-vertices" offset="0"/>
          <input semantic="NORMAL" source="#motor_hub_link-mesh-normals" offset="1"/>
          <p>413 413 414 414 608 415 608 415 414 414 415 416 608 415 415 416 607 417 607 417 415 416 416 418 607 417 416 418 417 419 607 417 417 419 606 420 606 420 417 419 418 421 606 420 418 421 605 422 605 422 418 421 419 423 605 422 419 423 604 424 604 424 419 423 420 425 604 424 420 425 603 426 603 426 420 425 421 427 603 426 421 427 602 428 602 428 421 427 587 429 602 428 587 429 601 430 601 430 587 429 588 431 601 430 588 431 600 432 600 432 588 431 589 433 600 432 589 433 599 434 599 434 589 433 590 435 599 434 590 435 598 436 598 436 590 435 591 437 598 436 591 437 597 438 597 438 591 437 592 439 597 438 592 439 593 440 421 427 422 441 587 429 587 429 422 441 586 442 586 442 422 441 423 443 586 442 423 443 585 444 585 444 423 443 36 94 585 444 36 94 584 445 584 445 36 94 35 93 584 445 35 93 583 446 583 446 35 93 34 109 583 446 34 109 582 447 582 447 34 109 33 107 582 447 33 107 581 448 581 448 33 107 32 104 581 448 32 104 580 449 580 449 32 104 31 100 580 449 31 100 579 450 579 450 31 100 30 95 579 450 30 95 578 451 578 451 30 95 29 70 578 451 29 70 577 452 577 452 29 70 28 68 577 452 28 68 576 453 576 453 28 68 27 66 576 453 27 66 575 454 575 454 27 66 26 64 575 454 26 64 574 455 574 455 26 64 25 62 574 455 25 62 573 456 573 456 25 62 24 60 573 456 24 60 572 457 572 457 24 60 23 58 572 457 23 58 571 458 571 458 23 58 22 56 571 458 22 56 570 459 570 459 22 56 536 460 570 459 536 460 569 461 569 461 536 460 537 462 569 461 537 462 568 463 568 463 537 462 538 464 568 463 538 464 553 465 553 465 538 464 552 466 552 466 538 464 539 467 552 466 539 467 551 468 551 468 539 467 540 469 551 468 540 469 550 470 550 470 540 469 541 471 550 470 541 471 549 472 549 472 541 471 542 473 549 472 542 473 548 474 548 474 542 473 543 475 548 474 543 475 544 476 36 94 423 443 37 111 37 111 423 443 424 477 37 111 424 477 38 113 38 113 424 477 425 478 38 113 425 478 39 115 39 115 425 478 426 479 39 115 426 479 40 117 40 117 426 479 427 480 40 117 427 480 41 119 41 119 427 480 428 481 41 119 428 481 42 121 42 121 428 481 429 482 42 121 429 482 43 123 43 123 429 482 430 483 43 123 430 483 431 484 43 123 431 484 44 125 44 125 431 484 432 485 44 125 432 485 45 127 45 127 432 485 433 486 45 127 433 486 46 129 46 129 433 486 434 487 46 129 434 487 47 131 47 131 434 487 435 488 47 131 435 488 48 133 48 133 435 488 436 489 48 133 436 489 49 135 49 135 436 489 437 490 49 135 437 490 50 137 50 137 437 490 438 491 50 137 438 491 51 139 51 139 438 491 472 492 51 139 472 492 473 493 438 491 439 494 472 492 472 492 439 494 471 495 471 495 439 494 440 496 471 495 440 496 470 497 470 497 440 496 455 498 470 497 455 498 456 499 455 498 440 496 454 500 454 500 440 496 441 501 454 500 441 501 453 502 453 502 441 501 442 503 453 502 442 503 452 504 452 504 442 503 443 505 452 504 443 505 451 506 451 506 443 505 444 507 451 506 444 507 450 508 450 508 444 507 445 509 450 508 445 509 446 510 450 508 446 510 449 511 449 511 446 510 447 512 449 511 447 512 448 513 470 497 456 499 469 514 469 514 456 499 457 515 469 514 457 515 468 516 468 516 457 515 458 517 468 516 458 517 467 518 467 518 458 517 459 519 467 518 459 519 466 520 466 520 459 519 460 521 466 520 460 521 465 522 465 522 460 521 464 523 464 523 460 521 461 524 464 523 461 524 463 525 463 525 461 524 462 526 51 139 473 493 52 141 52 141 473 493 474 527 52 141 474 527 53 143 53 143 474 527 475 528 53 143 475 528 54 145 54 145 475 528 476 529 54 145 476 529 55 147 55 147 476 529 477 530 55 147 477 530 56 149 56 149 477 530 478 531 56 149 478 531 57 151 57 151 478 531 479 532 57 151 479 532 0 2 0 2 479 532 480 533 0 2 480 533 1 0 1 0 480 533 481 534 1 0 481 534 2 16 2 16 481 534 482 535 2 16 482 535 3 18 3 18 482 535 483 536 3 18 483 536 4 20 4 20 483 536 484 537 4 20 484 537 5 22 5 22 484 537 485 538 5 22 485 538 6 24 6 24 485 538 486 539 6 24 486 539 7 26 7 26 486 539 487 540 7 26 487 540 521 541 521 541 487 540 488 542 521 541 488 542 520 543 520 543 488 542 489 544 520 543 489 544 519 545 519 545 489 544 504 546 519 545 504 546 505 547 504 546 489 544 503 548 503 548 489 544 490 549 503 548 490 549 502 550 502 550 490 549 491 551 502 550 491 551 501 552 501 552 491 551 492 553 501 552 492 553 500 554 500 554 492 553 493 555 500 554 493 555 499 556 499 556 493 555 494 557 499 556 494 557 495 558 499 556 495 558 498 559 498 559 495 558 496 560 498 559 496 560 497 561 519 545 505 547 518 562 518 562 505 547 506 563 518 562 506 563 517 564 517 564 506 563 507 565 517 564 507 565 516 566 516 566 507 565 508 567 516 566 508 567 515 568 515 568 508 567 509 569 515 568 509 569 514 570 514 570 509 569 513 571 513 571 509 569 510 572 513 571 510 572 512 573 512 573 510 572 511 574 7 26 521 541 8 28 8 28 521 541 522 575 8 28 522 575 9 30 9 30 522 575 523 576 9 30 523 576 10 32 10 32 523 576 524 577 10 32 524 577 11 34 11 34 524 577 525 578 11 34 525 578 12 36 12 36 525 578 526 579 12 36 526 579 13 38 13 38 526 579 527 580 13 38 527 580 14 40 14 40 527 580 528 581 14 40 528 581 529 582 14 40 529 582 15 42 15 42 529 582 530 583 15 42 530 583 16 44 16 44 530 583 531 584 16 44 531 584 17 46 17 46 531 584 532 585 17 46 532 585 18 48 18 48 532 585 533 586 18 48 533 586 19 50 19 50 533 586 534 587 19 50 534 587 20 52 20 52 534 587 535 588 20 52 535 588 21 54 21 54 535 588 536 460 21 54 536 460 22 56 548 474 544 476 547 589 547 589 544 476 545 590 547 589 545 590 546 591 553 465 554 592 568 463 568 463 554 592 567 593 567 593 554 592 555 594 567 593 555 594 566 595 566 595 555 594 556 596 566 595 556 596 565 597 565 597 556 596 557 598 565 597 557 598 564 599 564 599 557 598 558 600 564 599 558 600 563 601 563 601 558 600 562 602 562 602 558 600 559 603 562 602 559 603 561 604 561 604 559 603 560 605 597 438 593 440 596 606 596 606 593 440 594 607 596 606 594 607 595 608 610 609 59 14 609 610 609 610 59 14 58 13 609 610 58 13 663 611 663 611 58 13 112 342 663 611 112 342 662 612 662 612 112 342 111 339 662 612 111 339 661 613 661 613 111 339 110 335 661 613 110 335 660 614 660 614 110 335 109 330 660 614 109 330 659 615 659 615 109 330 108 325 659 615 108 325 658 616 658 616 108 325 107 320 658 616 107 320 657 617 657 617 107 320 106 315 657 617 106 315 656 618 656 618 106 315 105 310 656 618 105 310 655 619 655 619 105 310 104 305 655 619 104 305 654 620 654 620 104 305 103 300 654 620 103 300 653 621 653 621 103 300 102 291 653 621 102 291 652 622 652 622 102 291 101 289 652 622 101 289 651 623 651 623 101 289 100 287 651 623 100 287 650 624 650 624 100 287 99 285 650 624 99 285 649 625 649 625 99 285 98 283 649 625 98 283 648 626 648 626 98 283 97 281 648 626 97 281 647 627 647 627 97 281 96 279 647 627 96 279 646 628 646 628 96 279 95 277 646 628 95 277 645 629 645 629 95 277 94 275 645 629 94 275 644 630 644 630 94 275 93 273 644 630 93 273 643 631 643 631 93 273 92 271 643 631 92 271 642 632 642 632 92 271 91 265 642 632 91 265 641 633 641 633 91 265 90 260 641 633 90 260 640 634 640 634 90 260 89 255 640 634 89 255 639 635 639 635 89 255 88 250 639 635 88 250 638 636 638 636 88 250 87 245 638 636 87 245 637 637 637 637 87 245 86 240 637 637 86 240 636 638 636 638 86 240 85 235 636 638 85 235 635 639 635 639 85 235 84 230 635 639 84 230 634 640 634 640 84 230 83 225 634 640 83 225 633 641 633 641 83 225 82 220 633 641 82 220 632 642 632 642 82 220 81 81 632 642 81 81 631 643 631 643 81 81 80 82 631 643 80 82 630 644 630 644 80 82 79 219 630 644 79 219 629 645 629 645 79 219 78 217 629 645 78 217 628 646 628 646 78 217 77 214 628 646 77 214 627 647 627 647 77 214 76 210 627 647 76 210 626 648 626 648 76 210 75 205 626 648 75 205 625 649 625 649 75 205 74 200 625 649 74 200 624 650 624 650 74 200 73 195 624 650 73 195 623 651 623 651 73 195 72 190 623 651 72 190 622 652 622 652 72 190 71 185 622 652 71 185 621 653 621 653 71 185 70 180 621 653 70 180 620 654 620 654 70 180 69 171 620 654 69 171 619 655 619 655 69 171 68 169 619 655 68 169 618 656 618 656 68 169 67 167 618 656 67 167 617 657 617 657 67 167 66 165 617 657 66 165 616 658 616 658 66 165 65 163 616 658 65 163 615 659 615 659 65 163 64 161 615 659 64 161 614 660 614 660 64 161 63 159 614 660 63 159 613 661 613 661 63 159 62 157 613 661 62 157 612 662 612 662 62 157 61 155 612 662 61 155 611 663 611 663 61 155 60 153 611 663 60 153 610 609 610 609 60 153 59 14 683 667 682 665 863 772 863 772 682 665 946 773 863 772 946 773 947 774 682 665 681 702 946 773 946 773 681 702 945 775 945 775 681 702 680 704 945 775 680 704 944 776 944 776 680 704 679 706 944 776 679 706 678 708 944 776 678 708 943 777 943 777 678 708 677 710 943 777 677 710 942 778 942 778 677 710 676 712 942 778 676 712 675 714 942 778 675 714 941 779 941 779 675 714 674 716 941 779 674 716 673 717 941 779 673 717 940 780 940 780 673 717 672 715 940 780 672 715 939 781 939 781 672 715 671 713 939 781 671 713 670 711 939 781 670 711 938 782 938 782 670 711 669 709 938 782 669 709 937 783 937 783 669 709 668 707 937 783 668 707 667 705 937 783 667 705 936 784 936 784 667 705 666 703 936 784 666 703 935 785 935 785 666 703 665 664 935 785 665 664 772 786 772 786 665 664 664 666 935 785 772 786 934 787 934 787 772 786 773 788 934 787 773 788 933 789 933 789 773 788 774 790 933 789 774 790 932 791 932 791 774 790 775 792 932 791 775 792 931 793 931 793 775 792 930 794 930 794 775 792 776 795 930 794 776 795 929 796 929 796 776 795 777 797 929 796 777 797 928 798 928 798 777 797 778 799 928 798 778 799 927 800 927 800 778 799 779 801 927 800 779 801 926 802 926 802 779 801 780 803 926 802 780 803 925 804 925 804 780 803 781 805 925 804 781 805 924 806 924 806 781 805 782 807 924 806 782 807 923 808 923 808 782 807 783 809 923 808 783 809 922 810 922 810 783 809 784 811 922 810 784 811 921 812 921 812 784 811 786 813 921 812 786 813 920 814 920 814 786 813 787 815 920 814 787 815 788 816 784 811 785 817 786 813 920 814 788 816 919 818 919 818 788 816 789 819 919 818 789 819 918 820 918 820 789 819 790 821 918 820 790 821 791 822 918 820 791 822 917 823 917 823 791 822 792 824 917 823 792 824 916 825 916 825 792 824 793 826 916 825 793 826 794 827 916 825 794 827 915 828 915 828 794 827 795 829 915 828 795 829 914 830 914 830 795 829 796 831 914 830 796 831 797 832 914 830 797 832 913 833 913 833 797 832 798 834 913 833 798 834 912 835 912 835 798 834 799 836 912 835 799 836 800 837 912 835 800 837 911 838 911 838 800 837 801 839 911 838 801 839 910 840 910 840 801 839 802 841 910 840 802 841 803 842 804 843 805 844 803 842 803 842 805 844 909 845 803 842 909 845 910 840 909 845 805 844 908 846 908 846 805 844 806 847 908 846 806 847 907 848 907 848 806 847 807 849 907 848 807 849 906 850 906 850 807 849 808 851 906 850 808 851 905 852 905 852 808 851 809 853 905 852 809 853 904 854 904 854 809 853 810 855 904 854 810 855 903 856 903 856 810 855 811 857 903 856 811 857 902 858 902 858 811 857 812 859 902 858 812 859 901 860 901 860 812 859 813 861 901 860 813 861 900 862 900 862 813 861 814 863 900 862 814 863 899 864 899 864 814 863 898 865 898 865 814 863 815 866 898 865 815 866 897 867 897 867 815 866 816 868 897 867 816 868 896 869 896 869 816 868 817 870 896 869 817 870 895 871 895 871 817 870 736 719 895 871 736 719 735 756 817 870 737 721 736 719 895 871 735 756 894 872 894 872 735 756 734 758 894 872 734 758 893 873 893 873 734 758 733 760 893 873 733 760 732 762 893 873 732 762 892 874 892 874 732 762 731 764 892 874 731 764 891 875 891 875 731 764 730 766 891 875 730 766 729 768 891 875 729 768 890 876 890 876 729 768 728 770 890 876 728 770 727 771 890 876 727 771 889 877 889 877 727 771 726 769 889 877 726 769 888 878 888 878 726 769 725 767 888 878 725 767 724 765 888 878 724 765 887 879 887 879 724 765 723 763 887 879 723 763 886 880 886 880 723 763 722 761 886 880 722 761 721 759 886 880 721 759 885 881 885 881 721 759 720 757 885 881 720 757 884 882 884 882 720 757 719 718 884 882 719 718 818 883 818 883 719 718 718 720 884 882 818 883 883 884 883 884 818 883 819 885 883 884 819 885 882 886 882 886 819 885 820 887 882 886 820 887 881 888 881 888 820 887 821 889 881 888 821 889 880 890 880 890 821 889 879 891 879 891 821 889 822 892 879 891 822 892 878 893 878 893 822 892 823 894 878 893 823 894 877 895 877 895 823 894 824 896 877 895 824 896 876 897 876 897 824 896 825 898 876 897 825 898 875 899 875 899 825 898 826 900 875 899 826 900 874 901 874 901 826 900 827 902 874 901 827 902 873 903 873 903 827 902 828 904 873 903 828 904 872 905 872 905 828 904 829 906 872 905 829 906 871 907 871 907 829 906 830 908 871 907 830 908 870 909 870 909 830 908 832 910 870 909 832 910 869 911 869 911 832 910 833 912 869 911 833 912 834 913 830 908 831 914 832 910 869 911 834 913 868 915 868 915 834 913 835 916 868 915 835 916 867 917 867 917 835 916 836 918 867 917 836 918 837 919 867 917 837 919 866 920 866 920 837 919 838 921 866 920 838 921 865 922 865 922 838 921 839 923 865 922 839 923 840 924 865 922 840 924 864 925 864 925 840 924 841 926 864 925 841 926 965 927 965 927 841 926 842 928 965 927 842 928 843 929 965 927 843 929 964 930 964 930 843 929 844 931 964 930 844 931 963 932 963 932 844 931 845 933 963 932 845 933 846 934 963 932 846 934 962 935 962 935 846 934 847 936 962 935 847 936 961 937 961 937 847 936 848 938 961 937 848 938 849 939 850 940 851 941 849 939 849 939 851 941 960 942 849 939 960 942 961 937 960 942 851 941 959 943 959 943 851 941 852 944 959 943 852 944 958 945 958 945 852 944 853 946 958 945 853 946 957 947 957 947 853 946 854 948 957 947 854 948 956 949 956 949 854 948 855 950 956 949 855 950 955 951 955 951 855 950 856 952 955 951 856 952 954 953 954 953 856 952 857 954 954 953 857 954 953 955 953 955 857 954 858 956 953 955 858 956 952 957 952 957 858 956 859 958 952 957 859 958 951 959 951 959 859 958 860 960 951 959 860 960 950 961 950 961 860 960 949 962 949 962 860 960 861 963 949 962 861 963 948 964 948 964 861 963 862 965 948 964 862 965 947 774 947 774 862 965 863 772 1101 1000 1000 1001 1102 1002 1102 1002 1000 1001 1001 1003 1102 1002 1001 1003 1199 1004 1199 1004 1001 1003 1002 1005 1199 1004 1002 1005 1198 1006 1198 1006 1002 1005 1003 1007 1198 1006 1003 1007 1197 1008 1197 1008 1003 1007 1004 1009 1197 1008 1004 1009 1196 1010 1196 1010 1004 1009 1005 1011 1196 1010 1005 1011 1195 1012 1195 1012 1005 1011 1006 1013 1195 1012 1006 1013 1194 1014 1194 1014 1006 1013 1007 1015 1194 1014 1007 1015 1193 1016 1193 1016 1007 1015 1008 1017 1193 1016 1008 1017 1192 1018 1192 1018 1008 1017 1009 1019 1192 1018 1009 1019 1191 1020 1191 1020 1009 1019 1010 1021 1191 1020 1010 1021 1190 1022 1190 1022 1010 1021 1011 1023 1190 1022 1011 1023 1189 1024 1189 1024 1011 1023 1012 1025 1189 1024 1012 1025 1188 1026 1188 1026 1012 1025 1013 1027 1188 1026 1013 1027 1187 1028 1187 1028 1013 1027 1014 1029 1187 1028 1014 1029 1186 1030 1186 1030 1014 1029 1015 1031 1186 1030 1015 1031 1185 1032 1185 1032 1015 1031 1016 1033 1185 1032 1016 1033 1184 1034 1184 1034 1016 1033 1017 1035 1184 1034 1017 1035 1183 1036 1183 1036 1017 1035 1018 1037 1183 1036 1018 1037 1182 1038 1182 1038 1018 1037 1019 1039 1182 1038 1019 1039 1181 1040 1181 1040 1019 1039 1020 1041 1181 1040 1020 1041 1180 1042 1180 1042 1020 1041 1021 1043 1180 1042 1021 1043 1179 1044 1179 1044 1021 1043 1022 1045 1179 1044 1022 1045 1178 1046 1178 1046 1022 1045 1023 1047 1178 1046 1023 1047 1177 1048 1177 1048 1023 1047 1024 1049 1177 1048 1024 1049 1176 1050 1176 1050 1024 1049 1025 1051 1176 1050 1025 1051 1026 1052 1176 1050 1026 1052 1175 1053 1175 1053 1026 1052 1027 1054 1175 1053 1027 1054 1174 1055 1174 1055 1027 1054 1028 1056 1174 1055 1028 1056 1173 1057 1173 1057 1028 1056 1029 1058 1173 1057 1029 1058 1172 1059 1172 1059 1029 1058 1030 1060 1172 1059 1030 1060 1171 1061 1171 1061 1030 1060 1031 1062 1171 1061 1031 1062 1170 1063 1170 1063 1031 1062 1032 1064 1170 1063 1032 1064 1169 1065 1169 1065 1032 1064 1033 1066 1169 1065 1033 1066 1168 1067 1168 1067 1033 1066 1034 1068 1168 1067 1034 1068 1167 1069 1167 1069 1034 1068 1035 1070 1167 1069 1035 1070 1166 1071 1166 1071 1035 1070 1036 1072 1166 1071 1036 1072 1165 1073 1165 1073 1036 1072 1037 1074 1165 1073 1037 1074 1164 1075 1164 1075 1037 1074 1038 1076 1164 1075 1038 1076 1163 1077 1163 1077 1038 1076 1039 1078 1163 1077 1039 1078 1162 1079 1162 1079 1039 1078 1040 1080 1162 1079 1040 1080 1161 1081 1161 1081 1040 1080 1041 1082 1161 1081 1041 1082 1160 1083 1160 1083 1041 1082 1042 1084 1160 1083 1042 1084 1159 1085 1159 1085 1042 1084 1043 1086 1159 1085 1043 1086 1158 1087 1158 1087 1043 1086 1044 1088 1158 1087 1044 1088 1157 1089 1157 1089 1044 1088 1045 1090 1157 1089 1045 1090 1156 1091 1156 1091 1045 1090 1046 1092 1156 1091 1046 1092 1155 1093 1155 1093 1046 1092 1047 1094 1155 1093 1047 1094 1154 1095 1154 1095 1047 1094 1048 1096 1154 1095 1048 1096 1153 1097 1153 1097 1048 1096 1049 1098 1153 1097 1049 1098 1152 1099 1152 1099 1049 1098 1050 1100 1152 1099 1050 1100 1151 1101 1151 1101 1050 1100 1051 1102 1151 1101 1051 1102 1052 1103 1151 1101 1052 1103 1150 1104 1150 1104 1052 1103 1053 1105 1150 1104 1053 1105 1149 1106 1149 1106 1053 1105 1054 1107 1149 1106 1054 1107 1148 1108 1148 1108 1054 1107 1055 1109 1148 1108 1055 1109 1147 1110 1147 1110 1055 1109 1056 1111 1147 1110 1056 1111 1146 1112 1146 1112 1056 1111 1057 1113 1146 1112 1057 1113 1145 1114 1145 1114 1057 1113 1058 1115 1145 1114 1058 1115 1144 1116 1144 1116 1058 1115 1059 1117 1144 1116 1059 1117 1143 1118 1143 1118 1059 1117 1060 1119 1143 1118 1060 1119 1142 1120 1142 1120 1060 1119 1061 1121 1142 1120 1061 1121 1141 1122 1141 1122 1061 1121 1062 1123 1141 1122 1062 1123 1140 1124 1140 1124 1062 1123 1063 1125 1140 1124 1063 1125 1139 1126 1139 1126 1063 1125 1064 1127 1139 1126 1064 1127 1138 1128 1138 1128 1064 1127 1065 1129 1138 1128 1065 1129 1137 1130 1137 1130 1065 1129 1066 1131 1137 1130 1066 1131 1136 1132 1136 1132 1066 1131 1067 1133 1136 1132 1067 1133 1135 1134 1135 1134 1067 1133 1068 1135 1135 1134 1068 1135 1134 1136 1134 1136 1068 1135 1069 1137 1134 1136 1069 1137 1133 1138 1133 1138 1069 1137 1070 1139 1133 1138 1070 1139 1132 1140 1132 1140 1070 1139 1071 1141 1132 1140 1071 1141 1131 1142 1131 1142 1071 1141 1072 1143 1131 1142 1072 1143 1130 1144 1130 1144 1072 1143 1073 1145 1130 1144 1073 1145 1129 1146 1129 1146 1073 1145 1074 1147 1129 1146 1074 1147 1128 1148 1128 1148 1074 1147 1075 1149 1128 1148 1075 1149 1127 1150 1127 1150 1075 1149 1076 1151 1127 1150 1076 1151 1077 1152 1127 1150 1077 1152 1126 1153 1126 1153 1077 1152 1078 1154 1126 1153 1078 1154 1125 1155 1125 1155 1078 1154 1079 1156 1125 1155 1079 1156 1124 1157 1124 1157 1079 1156 1080 1158 1124 1157 1080 1158 1123 1159 1123 1159 1080 1158 1081 1160 1123 1159 1081 1160 1122 1161 1122 1161 1081 1160 1082 1162 1122 1161 1082 1162 1121 1163 1121 1163 1082 1162 1083 1164 1121 1163 1083 1164 1120 1165 1120 1165 1083 1164 1084 1166 1120 1165 1084 1166 1119 1167 1119 1167 1084 1166 1085 1168 1119 1167 1085 1168 1118 1169 1118 1169 1085 1168 1086 1170 1118 1169 1086 1170 1117 1171 1117 1171 1086 1170 1087 1172 1117 1171 1087 1172 1116 1173 1116 1173 1087 1172 1088 1174 1116 1173 1088 1174 1115 1175 1115 1175 1088 1174 1089 1176 1115 1175 1089 1176 1114 1177 1114 1177 1089 1176 1090 1178 1114 1177 1090 1178 1113 1179 1113 1179 1090 1178 1091 1180 1113 1179 1091 1180 1112 1181 1112 1181 1091 1180 1092 1182 1112 1181 1092 1182 1111 1183 1111 1183 1092 1182 1093 1184 1111 1183 1093 1184 1110 1185 1110 1185 1093 1184 1094 1186 1110 1185 1094 1186 1109 1187 1109 1187 1094 1186 1095 1188 1109 1187 1095 1188 1108 1189 1108 1189 1095 1188 1096 1190 1108 1189 1096 1190 1107 1191 1107 1191 1096 1190 1097 1192 1107 1191 1097 1192 1106 1193 1106 1193 1097 1192 1098 1194 1106 1193 1098 1194 1105 1195 1105 1195 1098 1194 1099 1196 1105 1195 1099 1196 1104 1197 1104 1197 1099 1196 1100 1198 1104 1197 1100 1198 1103 1199 1103 1199 1100 1198 1101 1000 1103 1199 1101 1000 1102 1002 965 1200 1001 1201 864 1202 864 1202 1001 1201 1000 1203 864 1202 1000 1203 865 1204 865 1204 1000 1203 1101 1205 865 1204 1101 1205 866 1206 866 1206 1101 1205 1100 1207 866 1206 1100 1207 867 1208 867 1208 1100 1207 1099 1209 867 1208 1099 1209 868 1210 868 1210 1099 1209 1098 1211 868 1210 1098 1211 869 1212 869 1212 1098 1211 1097 1213 869 1212 1097 1213 870 1214 870 1214 1097 1213 1096 1215 870 1214 1096 1215 871 1216 871 1216 1096 1215 1095 1217 871 1216 1095 1217 872 1218 872 1218 1095 1217 1094 1219 872 1218 1094 1219 873 1220 873 1220 1094 1219 1093 1221 873 1220 1093 1221 874 1222 874 1222 1093 1221 1092 1223 874 1222 1092 1223 875 1224 875 1224 1092 1223 1091 1225 875 1224 1091 1225 876 1226 876 1226 1091 1225 1090 1227 876 1226 1090 1227 877 1228 877 1228 1090 1227 1089 1229 877 1228 1089 1229 878 1230 878 1230 1089 1229 1088 1231 878 1230 1088 1231 879 1232 879 1232 1088 1231 1087 1233 879 1232 1087 1233 880 1234 880 1234 1087 1233 1086 1235 880 1234 1086 1235 881 1236 881 1236 1086 1235 1085 1237 881 1236 1085 1237 882 1238 882 1238 1085 1237 1084 1239 882 1238 1084 1239 883 1240 883 1240 1084 1239 1083 1241 883 1240 1083 1241 884 1242 884 1242 1083 1241 1082 1243 884 1242 1082 1243 885 1244 885 1244 1082 1243 1081 1245 885 1244 1081 1245 886 1246 886 1246 1081 1245 1080 1247 886 1246 1080 1247 887 1248 887 1248 1080 1247 1079 1249 887 1248 1079 1249 888 1250 888 1250 1079 1249 1078 1251 888 1250 1078 1251 889 1252 889 1252 1078 1251 1077 1253 889 1252 1077 1253 890 1254 890 1254 1077 1253 1076 1255 890 1254 1076 1255 891 1256 891 1256 1076 1255 1075 1257 891 1256 1075 1257 892 1258 892 1258 1075 1257 1074 1259 892 1258 1074 1259 893 1260 893 1260 1074 1259 1073 1261 893 1260 1073 1261 894 1262 894 1262 1073 1261 1072 1263 894 1262 1072 1263 895 1264 895 1264 1072 1263 1071 1265 895 1264 1071 1265 896 1266 896 1266 1071 1265 1070 1267 896 1266 1070 1267 897 1268 897 1268 1070 1267 1069 1269 897 1268 1069 1269 898 1270 898 1270 1069 1269 1068 1271 898 1270 1068 1271 899 1272 899 1272 1068 1271 1067 1273 899 1272 1067 1273 900 1274 900 1274 1067 1273 1066 1275 900 1274 1066 1275 901 1276 901 1276 1066 1275 1065 1277 901 1276 1065 1277 902 1278 902 1278 1065 1277 1064 1279 902 1278 1064 1279 903 1280 903 1280 1064 1279 1063 1281 903 1280 1063 1281 904 1282 904 1282 1063 1281 1062 1283 904 1282 1062 1283 905 1284 905 1284 1062 1283 1061 1285 905 1284 1061 1285 906 1286 906 1286 1061 1285 1060 1287 906 1286 1060 1287 907 1288 907 1288 1060 1287 1059 1289 907 1288 1059 1289 908 1290 908 1290 1059 1289 1058 1291 908 1290 1058 1291 909 1292 909 1292 1058 1291 1057 1293 909 1292 1057 1293 910 1294 910 1294 1057 1293 1056 1295 910 1294 1056 1295 911 1296 911 1296 1056 1295 1055 1297 911 1296 1055 1297 912 1298 912 1298 1055 1297 1054 1299 912 1298 1054 1299 913 1300 913 1300 1054 1299 1053 1301 913 1300 1053 1301 914 1302 914 1302 1053 1301 1052 1303 914 1302 1052 1303 915 1304 915 1304 1052 1303 1051 1305 915 1304 1051 1305 916 1306 916 1306 1051 1305 1050 1307 916 1306 1050 1307 917 1308 917 1308 1050 1307 1049 1309 917 1308 1049 1309 918 1310 918 1310 1049 1309 1048 1311 918 1310 1048 1311 919 1312 919 1312 1048 1311 1047 1313 919 1312 1047 1313 920 1314 920 1314 1047 1313 1046 1315 920 1314 1046 1315 921 1316 921 1316 1046 1315 1045 1317 921 1316 1045 1317 922 1318 922 1318 1045 1317 1044 1319 922 1318 1044 1319 923 1320 923 1320 1044 1319 1043 1321 923 1320 1043 1321 924 1322 924 1322 1043 1321 1042 1323 924 1322 1042 1323 925 1324 925 1324 1042 1323 1041 1325 925 1324 1041 1325 926 1326 926 1326 1041 1325 1040 1327 926 1326 1040 1327 927 1328 927 1328 1040 1327 1039 1329 927 1328 1039 1329 928 1330 928 1330 1039 1329 1038 1331 928 1330 1038 1331 929 1332 929 1332 1038 1331 1037 1333 929 1332 1037 1333 930 1334 930 1334 1037 1333 1036 1335 930 1334 1036 1335 931 1336 931 1336 1036 1335 1035 1337 931 1336 1035 1337 932 1338 932 1338 1035 1337 1034 1339 932 1338 1034 1339 933 1340 933 1340 1034 1339 1033 1341 933 1340 1033 1341 934 1342 934 1342 1033 1341 1032 1343 934 1342 1032 1343 935 1344 935 1344 1032 1343 1031 1345 935 1344 1031 1345 936 1346 936 1346 1031 1345 1030 1347 936 1346 1030 1347 937 1348 937 1348 1030 1347 1029 1349 937 1348 1029 1349 938 1350 938 1350 1029 1349 1028 1351 938 1350 1028 1351 939 1352 939 1352 1028 1351 1027 1353 939 1352 1027 1353 940 1354 940 1354 1027 1353 1026 1355 940 1354 1026 1355 941 1356 941 1356 1026 1355 1025 1357 941 1356 1025 1357 942 1358 942 1358 1025 1357 1024 1359 942 1358 1024 1359 943 1360 943 1360 1024 1359 1023 1361 943 1360 1023 1361 944 1362 944 1362 1023 1361 1022 1363 944 1362 1022 1363 945 1364 945 1364 1022 1363 1021 1365 945 1364 1021 1365 946 1366 946 1366 1021 1365 1020 1367 946 1366 1020 1367 947 1368 947 1368 1020 1367 1019 1369 947 1368 1019 1369 948 1370 948 1370 1019 1369 1018 1371 948 1370 1018 1371 949 1372 949 1372 1018 1371 1017 1373 949 1372 1017 1373 950 1374 950 1374 1017 1373 1016 1375 950 1374 1016 1375 951 1376 951 1376 1016 1375 1015 1377 951 1376 1015 1377 952 1378 952 1378 1015 1377 1014 1379 952 1378 1014 1379 953 1380 953 1380 1014 1379 1013 1381 953 1380 1013 1381 954 1382 954 1382 1013 1381 1012 1383 954 1382 1012 1383 955 1384 955 1384 1012 1383 1011 1385 955 1384 1011 1385 956 1386 956 1386 1011 1385 1010 1387 956 1386 1010 1387 957 1388 957 1388 1010 1387 1009 1389 957 1388 1009 1389 958 1390 958 1390 1009 1389 1008 1391 958 1390 1008 1391 959 1392 959 1392 1008 1391 1007 1393 959 1392 1007 1393 960 1394 960 1394 1007 1393 1006 1395 960 1394 1006 1395 961 1396 961 1396 1006 1395 1005 1397 961 1396 1005 1397 962 1398 962 1398 1005 1397 1004 1399 962 1398 1004 1399 963 1400 963 1400 1004 1399 1003 1401 963 1400 1003 1401 964 1402 964 1402 1003 1401 1002 1403 964 1402 1002 1403 965 1200 965 1200 1002 1403 1001 1201 1239 1950 1315 1951 1200 1952 1200 1952 1315 1951 1314 1953 1200 1952 1314 1953 1201 1954 1201 1954 1314 1953 1353 1955 1201 1954 1353 1955 1202 1956 1202 1956 1353 1955 1352 1957 1202 1956 1352 1957 1203 1958 1203 1958 1352 1957 1351 1959 1203 1958 1351 1959 1204 1960 1204 1960 1351 1959 1350 1961 1204 1960 1350 1961 1205 1962 1205 1962 1350 1961 1349 1963 1205 1962 1349 1963 1206 1964 1206 1964 1349 1963 1348 1965 1206 1964 1348 1965 1207 1966 1207 1966 1348 1965 1347 1967 1207 1966 1347 1967 1208 1968 1208 1968 1347 1967 1346 1969 1208 1968 1346 1969 1209 1970 1209 1970 1346 1969 1345 1971 1209 1970 1345 1971 1210 1972 1210 1972 1345 1971 1344 1973 1210 1972 1344 1973 1211 1974 1211 1974 1344 1973 1343 1975 1211 1974 1343 1975 1212 1976 1212 1976 1343 1975 1342 1977 1212 1976 1342 1977 1213 1978 1213 1978 1342 1977 1341 1979 1213 1978 1341 1979 1214 1980 1214 1980 1341 1979 1340 1981 1214 1980 1340 1981 1215 1982 1215 1982 1340 1981 1339 1983 1215 1982 1339 1983 1216 1984 1216 1984 1339 1983 1338 1985 1216 1984 1338 1985 1217 1986 1217 1986 1338 1985 1337 1987 1217 1986 1337 1987 1218 1988 1218 1988 1337 1987 1336 1989 1218 1988 1336 1989 1219 1990 1219 1990 1336 1989 1335 1991 1219 1990 1335 1991 1220 1992 1220 1992 1335 1991 1334 1993 1220 1992 1334 1993 1221 1994 1221 1994 1334 1993 1333 1995 1221 1994 1333 1995 1222 1996 1222 1996 1333 1995 1332 1997 1222 1996 1332 1997 1223 1998 1223 1998 1332 1997 1331 1999 1223 1998 1331 1999 1224 2000 1224 2000 1331 1999 1330 2001 1224 2000 1330 2001 1225 2002 1225 2002 1330 2001 1329 2003 1225 2002 1329 2003 1226 2004 1226 2004 1329 2003 1328 2005 1226 2004 1328 2005 1227 2006 1227 2006 1328 2005 1327 2007 1227 2006 1327 2007 1228 2008 1228 2008 1327 2007 1326 2009 1228 2008 1326 2009 1229 2010 1229 2010 1326 2009 1325 2011 1229 2010 1325 2011 1230 2012 1230 2012 1325 2011 1324 2013 1230 2012 1324 2013 1231 2014 1231 2014 1324 2013 1323 2015 1231 2014 1323 2015 1232 2016 1232 2016 1323 2015 1322 2017 1232 2016 1322 2017 1233 2018 1233 2018 1322 2017 1321 2019 1233 2018 1321 2019 1234 2020 1234 2020 1321 2019 1320 2021 1234 2020 1320 2021 1235 2022 1235 2022 1320 2021 1319 2023 1235 2022 1319 2023 1236 2024 1236 2024 1319 2023 1318 2025 1236 2024 1318 2025 1237 2026 1237 2026 1318 2025 1317 2027 1237 2026 1317 2027 1238 2028 1238 2028 1317 2027 1316 2029 1238 2028 1316 2029 1239 1950 1239 1950 1316 2029 1315 1951 1275 2030 1333 1995 1274 2031 1274 2031 1333 1995 1334 1993 1274 2031 1334 1993 1313 2032 1313 2032 1334 1993 1335 1991 1313 2032 1335 1991 1312 2033 1312 2033 1335 1991 1336 1989 1312 2033 1336 1989 1311 2034 1311 2034 1336 1989 1337 1987 1311 2034 1337 1987 1310 2035 1310 2035 1337 1987 1338 1985 1310 2035 1338 1985 1309 2036 1309 2036 1338 1985 1339 1983 1309 2036 1339 1983 1308 2037 1308 2037 1339 1983 1340 1981 1308 2037 1340 1981 1307 2038 1307 2038 1340 1981 1341 1979 1307 2038 1341 1979 1306 2039 1306 2039 1341 1979 1342 1977 1306 2039 1342 1977 1305 2040 1305 2040 1342 1977 1343 1975 1305 2040 1343 1975 1304 2041 1304 2041 1343 1975 1344 1973 1304 2041 1344 1973 1303 2042 1303 2042 1344 1973 1345 1971 1303 2042 1345 1971 1302 2043 1302 2043 1345 1971 1346 1969 1302 2043 1346 1969 1301 2044 1301 2044 1346 1969 1347 1967 1301 2044 1347 1967 1300 2045 1300 2045 1347 1967 1348 1965 1300 2045 1348 1965 1299 2046 1299 2046 1348 1965 1349 1963 1299 2046 1349 1963 1298 2047 1298 2047 1349 1963 1350 1961 1298 2047 1350 1961 1297 2048 1297 2048 1350 1961 1351 1959 1297 2048 1351 1959 1296 2049 1296 2049 1351 1959 1352 1957 1296 2049 1352 1957 1295 2050 1295 2050 1352 1957 1353 1955 1295 2050 1353 1955 1294 2051 1294 2051 1353 1955 1314 1953 1294 2051 1314 1953 1293 2052 1293 2052 1314 1953 1315 1951 1293 2052 1315 1951 1292 2053 1292 2053 1315 1951 1316 2029 1292 2053 1316 2029 1291 2054 1291 2054 1316 2029 1317 2027 1291 2054 1317 2027 1290 2055 1290 2055 1317 2027 1318 2025 1290 2055 1318 2025 1289 2056 1289 2056 1318 2025 1319 2023 1289 2056 1319 2023 1288 2057 1288 2057 1319 2023 1320 2021 1288 2057 1320 2021 1287 2058 1287 2058 1320 2021 1321 2019 1287 2058 1321 2019 1286 2059 1286 2059 1321 2019 1322 2017 1286 2059 1322 2017 1285 2060 1285 2060 1322 2017 1323 2015 1285 2060 1323 2015 1284 2061 1284 2061 1323 2015 1324 2013 1284 2061 1324 2013 1283 2062 1283 2062 1324 2013 1325 2011 1283 2062 1325 2011 1282 2063 1282 2063 1325 2011 1326 2009 1282 2063 1326 2009 1281 2064 1281 2064 1326 2009 1327 2007 1281 2064 1327 2007 1280 2065 1280 2065 1327 2007 1328 2005 1280 2065 1328 2005 1279 2066 1279 2066 1328 2005 1329 2003 1279 2066 1329 2003 1278 2067 1278 2067 1329 2003 1330 2001 1278 2067 1330 2001 1277 2068 1277 2068 1330 2001 1331 1999 1277 2068 1331 1999 1276 2069 1276 2069 1331 1999 1332 1997 1276 2069 1332 1997 1275 2030 1275 2030 1332 1997 1333 1995 1313 2070 610 2071 1274 2072 1274 2072 610 2071 609 2073 1274 2072 609 2073 663 2074 610 2071 1313 2070 611 2075 611 2075 1313 2070 1312 2076 611 2075 1312 2076 612 2077 612 2077 1312 2076 613 2078 613 2078 1312 2076 1311 2079 613 2078 1311 2079 614 2080 614 2080 1311 2079 1310 2081 614 2080 1310 2081 615 2082 615 2082 1310 2081 1309 2083 615 2082 1309 2083 616 2084 616 2084 1309 2083 617 2085 617 2085 1309 2083 1308 2086 617 2085 1308 2086 618 2087 618 2087 1308 2086 1307 2088 618 2087 1307 2088 619 2089 619 2089 1307 2088 620 2090 620 2090 1307 2088 1306 2091 620 2090 1306 2091 621 2092 621 2092 1306 2091 1305 2093 621 2092 1305 2093 622 2094 622 2094 1305 2093 1304 2095 622 2094 1304 2095 623 2096 623 2096 1304 2095 624 2097 624 2097 1304 2095 1303 2098 624 2097 1303 2098 625 2099 625 2099 1303 2098 1302 2100 625 2099 1302 2100 626 2101 626 2101 1302 2100 1301 2102 626 2101 1301 2102 627 2103 627 2103 1301 2102 628 2104 628 2104 1301 2102 1300 2105 628 2104 1300 2105 629 2106 629 2106 1300 2105 1299 2107 629 2106 1299 2107 630 2108 630 2108 1299 2107 1298 2109 630 2108 1298 2109 631 2110 631 2110 1298 2109 632 2111 632 2111 1298 2109 1297 2112 632 2111 1297 2112 633 2113 633 2113 1297 2112 1296 2114 633 2113 1296 2114 634 2115 634 2115 1296 2114 1295 2116 634 2115 1295 2116 635 2117 635 2117 1295 2116 636 2118 636 2118 1295 2116 1294 2119 636 2118 1294 2119 637 2120 637 2120 1294 2119 1293 2121 637 2120 1293 2121 638 2122 638 2122 1293 2121 1292 2123 638 2122 1292 2123 639 2124 639 2124 1292 2123 640 2125 640 2125 1292 2123 1291 2126 640 2125 1291 2126 641 2127 641 2127 1291 2126 1290 2128 641 2127 1290 2128 642 2129 642 2129 1290 2128 1289 2130 642 2129 1289 2130 643 2131 643 2131 1289 2130 644 2132 644 2132 1289 2130 1288 2133 644 2132 1288 2133 645 2134 645 2134 1288 2133 1287 2135 645 2134 1287 2135 646 2136 646 2136 1287 2135 647 2137 647 2137 1287 2135 1286 2138 647 2137 1286 2138 648 2139 648 2139 1286 2138 1285 2140 648 2139 1285 2140 649 2141 649 2141 1285 2140 1284 2142 649 2141 1284 2142 650 2143 650 2143 1284 2142 651 2144 651 2144 1284 2142 1283 2145 651 2144 1283 2145 652 2146 652 2146 1283 2145 1282 2147 652 2146 1282 2147 653 2148 653 2148 1282 2147 1281 2149 653 2148 1281 2149 654 2150 654 2150 1281 2149 655 2151 655 2151 1281 2149 1280 2152 655 2151 1280 2152 656 2153 656 2153 1280 2152 1279 2154 656 2153 1279 2154 657 2155 657 2155 1279 2154 658 2156 658 2156 1279 2154 1278 2157 658 2156 1278 2157 659 2158 659 2158 1278 2157 1277 2159 659 2158 1277 2159 660 2160 660 2160 1277 2159 1276 2161 660 2160 1276 2161 661 2162 661 2162 1276 2161 662 2163 662 2163 1276 2161 1275 2164 662 2163 1275 2164 663 2074 663 2074 1275 2164 1274 2072</p>
        </triangles>
        <triangles material="Cromo_-_Negro" count="488">
          <input semantic="VERTEX" source="#motor_hub_link-mesh-vertices" offset="0"/>
          <input semantic="NORMAL" source="#motor_hub_link-mesh-normals" offset="1"/>
          <p>665 664 682 665 664 666 664 666 682 665 683 667 664 666 683 667 717 668 717 668 683 667 684 669 717 668 684 669 716 670 716 670 684 669 685 671 716 670 685 671 715 672 715 672 685 671 686 673 715 672 686 673 714 674 714 674 686 673 687 675 714 674 687 675 713 676 713 676 687 675 688 677 713 676 688 677 712 678 712 678 688 677 689 679 712 678 689 679 711 680 711 680 689 679 690 681 711 680 690 681 710 682 710 682 690 681 691 683 710 682 691 683 709 684 709 684 691 683 692 685 709 684 692 685 708 686 708 686 692 685 693 687 708 686 693 687 707 688 707 688 693 687 694 689 707 688 694 689 706 690 706 690 694 689 695 691 706 690 695 691 705 692 705 692 695 691 696 693 705 692 696 693 704 694 704 694 696 693 697 695 704 694 697 695 703 696 703 696 697 695 698 697 703 696 698 697 702 698 702 698 698 697 699 699 702 698 699 699 701 700 701 700 699 699 700 701 682 665 665 664 681 702 681 702 665 664 666 703 681 702 666 703 680 704 680 704 666 703 667 705 680 704 667 705 679 706 679 706 667 705 668 707 679 706 668 707 678 708 678 708 668 707 669 709 678 708 669 709 677 710 677 710 669 709 670 711 677 710 670 711 676 712 676 712 670 711 671 713 676 712 671 713 675 714 675 714 671 713 672 715 675 714 672 715 674 716 674 716 672 715 673 717 719 718 736 719 718 720 718 720 736 719 737 721 718 720 737 721 771 722 771 722 737 721 738 723 771 722 738 723 770 724 770 724 738 723 739 725 770 724 739 725 769 726 769 726 739 725 740 727 769 726 740 727 768 728 768 728 740 727 741 729 768 728 741 729 767 730 767 730 741 729 742 731 767 730 742 731 766 732 766 732 742 731 743 733 766 732 743 733 765 734 765 734 743 733 744 735 765 734 744 735 764 736 764 736 744 735 745 737 764 736 745 737 763 738 763 738 745 737 746 739 763 738 746 739 762 740 762 740 746 739 747 741 762 740 747 741 761 742 761 742 747 741 748 743 761 742 748 743 760 744 760 744 748 743 749 745 760 744 749 745 759 746 759 746 749 745 750 747 759 746 750 747 758 748 758 748 750 747 751 749 758 748 751 749 757 750 757 750 751 749 752 751 757 750 752 751 756 752 756 752 752 751 753 753 756 752 753 753 755 754 755 754 753 753 754 755 736 719 719 718 735 756 735 756 719 718 720 757 735 756 720 757 734 758 734 758 720 757 721 759 734 758 721 759 733 760 733 760 721 759 722 761 733 760 722 761 732 762 732 762 722 761 723 763 732 762 723 763 731 764 731 764 723 763 724 765 731 764 724 765 730 766 730 766 724 765 725 767 730 766 725 767 729 768 729 768 725 767 726 769 729 768 726 769 728 770 728 770 726 769 727 771 999 966 804 843 794 827 794 827 804 843 803 842 794 827 803 842 802 841 802 841 801 839 794 827 794 827 801 839 800 837 794 827 800 837 799 836 799 836 798 834 794 827 794 827 798 834 797 832 794 827 797 832 796 831 796 831 795 829 794 827 793 826 975 967 794 827 794 827 975 967 976 968 794 827 976 968 977 969 793 826 792 824 975 967 975 967 792 824 791 822 975 967 791 822 974 970 974 970 791 822 790 821 974 970 790 821 789 819 789 819 788 816 974 970 974 970 788 816 787 815 974 970 787 815 786 813 974 970 786 813 973 971 973 971 786 813 785 817 973 971 785 817 972 972 972 972 785 817 966 973 972 972 966 973 971 974 971 974 966 973 967 975 971 974 967 975 970 976 970 976 967 975 968 977 970 976 968 977 969 978 977 969 978 979 794 827 794 827 978 979 979 980 794 827 979 980 980 981 980 981 981 982 794 827 794 827 981 982 982 983 794 827 982 983 983 984 983 984 984 985 794 827 794 827 984 985 985 986 794 827 985 986 986 987 986 987 987 988 794 827 794 827 987 988 988 989 794 827 988 989 989 990 989 990 990 991 794 827 794 827 990 991 991 992 794 827 991 992 992 993 992 993 993 994 794 827 794 827 993 994 994 995 794 827 994 995 995 996 995 996 996 997 794 827 794 827 996 997 997 998 794 827 997 998 998 999 998 999 999 966 794 827 413 1542 664 1543 414 1544 414 1544 664 1543 717 1545 414 1544 717 1545 415 1546 415 1546 717 1545 716 1547 415 1546 716 1547 416 1548 416 1548 716 1547 715 1549 416 1548 715 1549 417 1550 417 1550 715 1549 714 1551 417 1550 714 1551 418 1552 418 1552 714 1551 713 1553 418 1552 713 1553 419 1554 419 1554 713 1553 712 1555 419 1554 712 1555 420 1556 420 1556 712 1555 711 1557 420 1556 711 1557 421 1558 421 1558 711 1557 710 1559 421 1558 710 1559 422 1560 422 1560 710 1559 709 1561 422 1560 709 1561 423 1562 423 1562 709 1561 708 1563 423 1562 708 1563 424 1564 424 1564 708 1563 707 1565 424 1564 707 1565 425 1566 425 1566 707 1565 706 1567 425 1566 706 1567 426 1568 426 1568 706 1567 705 1569 426 1568 705 1569 427 1570 427 1570 705 1569 704 1571 427 1570 704 1571 428 1572 428 1572 704 1571 703 1573 428 1572 703 1573 429 1574 429 1574 703 1573 702 1575 429 1574 702 1575 430 1576 430 1576 702 1575 701 1577 430 1576 701 1577 431 1578 431 1578 701 1577 700 1579 431 1578 700 1579 432 1580 432 1580 700 1579 699 1581 432 1580 699 1581 433 1582 433 1582 699 1581 698 1583 433 1582 698 1583 434 1584 434 1584 698 1583 697 1585 434 1584 697 1585 435 1586 435 1586 697 1585 696 1587 435 1586 696 1587 436 1588 436 1588 696 1587 695 1589 436 1588 695 1589 437 1590 437 1590 695 1589 694 1591 437 1590 694 1591 438 1592 438 1592 694 1591 693 1593 438 1592 693 1593 439 1594 439 1594 693 1593 692 1595 439 1594 692 1595 440 1596 440 1596 692 1595 691 1597 440 1596 691 1597 441 1598 441 1598 691 1597 690 1599 441 1598 690 1599 442 1600 442 1600 690 1599 689 1601 442 1600 689 1601 443 1602 443 1602 689 1601 688 1603 443 1602 688 1603 444 1604 444 1604 688 1603 687 1605 444 1604 687 1605 445 1606 445 1606 687 1605 686 1607 445 1606 686 1607 446 1608 446 1608 686 1607 685 1609 446 1608 685 1609 447 1610 447 1610 685 1609 684 1611 447 1610 684 1611 448 1612 448 1612 684 1611 683 1613 560 1614 804 1615 561 1616 561 1616 804 1615 999 1617 561 1616 999 1617 562 1618 562 1618 999 1617 998 1619 562 1618 998 1619 563 1620 563 1620 998 1619 997 1621 563 1620 997 1621 564 1622 564 1622 997 1621 996 1623 564 1622 996 1623 565 1624 565 1624 996 1623 995 1625 565 1624 995 1625 566 1626 566 1626 995 1625 994 1627 566 1626 994 1627 567 1628 567 1628 994 1627 993 1629 567 1628 993 1629 568 1630 568 1630 993 1629 992 1631 568 1630 992 1631 569 1632 569 1632 992 1631 991 1633 569 1632 991 1633 570 1634 570 1634 991 1633 990 1635 570 1634 990 1635 571 1636 571 1636 990 1635 989 1637 571 1636 989 1637 572 1638 572 1638 989 1637 988 1639 572 1638 988 1639 573 1640 573 1640 988 1639 987 1641 573 1640 987 1641 574 1642 574 1642 987 1641 986 1643 574 1642 986 1643 575 1644 575 1644 986 1643 985 1645 575 1644 985 1645 576 1646 576 1646 985 1645 984 1647 576 1646 984 1647 577 1648 577 1648 984 1647 983 1649 577 1648 983 1649 578 1650 578 1650 983 1649 982 1651 578 1650 982 1651 579 1652 579 1652 982 1651 981 1653 579 1652 981 1653 580 1654 580 1654 981 1653 980 1655 580 1654 980 1655 581 1656 581 1656 980 1655 979 1657 581 1656 979 1657 582 1658 582 1658 979 1657 978 1659 582 1658 978 1659 583 1660 583 1660 978 1659 977 1661 583 1660 977 1661 584 1662 584 1662 977 1661 976 1663 584 1662 976 1663 585 1664 585 1664 976 1663 975 1665 585 1664 975 1665 586 1666 586 1666 975 1665 974 1667 586 1666 974 1667 587 1668 587 1668 974 1667 973 1669 587 1668 973 1669 588 1670 588 1670 973 1669 972 1671 588 1670 972 1671 589 1672 589 1672 972 1671 971 1673 589 1672 971 1673 590 1674 590 1674 971 1673 970 1675 590 1674 970 1675 591 1676 591 1676 970 1675 969 1677 591 1676 969 1677 592 1678 592 1678 969 1677 968 1679 592 1678 968 1679 593 1680 593 1680 968 1679 967 1681 593 1680 967 1681 594 1682 594 1682 967 1681 966 1683 594 1682 966 1683 595 1684 595 1684 966 1683 785 1685 831 1686 497 1687 1273 1688 1273 1688 497 1687 496 1689 1273 1688 496 1689 1272 1690 1272 1690 496 1689 495 1691 1272 1690 495 1691 1271 1692 1271 1692 495 1691 494 1693 1271 1692 494 1693 1270 1694 1270 1694 494 1693 493 1695 1270 1694 493 1695 1269 1696 1269 1696 493 1695 492 1697 1269 1696 492 1697 1268 1698 1268 1698 492 1697 491 1699 1268 1698 491 1699 1267 1700 1267 1700 491 1699 490 1701 1267 1700 490 1701 1266 1702 1266 1702 490 1701 489 1703 1266 1702 489 1703 1265 1704 1265 1704 489 1703 488 1705 1265 1704 488 1705 1264 1706 1264 1706 488 1705 487 1707 1264 1706 487 1707 1263 1708 1263 1708 487 1707 486 1709 1263 1708 486 1709 1262 1710 1262 1710 486 1709 485 1711 1262 1710 485 1711 1261 1712 1261 1712 485 1711 484 1713 1261 1712 484 1713 1260 1714 1260 1714 484 1713 483 1715 1260 1714 483 1715 1259 1716 1259 1716 483 1715 482 1717 1259 1716 482 1717 1258 1718 1258 1718 482 1717 481 1719 1258 1718 481 1719 1257 1720 1257 1720 481 1719 480 1721 1257 1720 480 1721 1256 1722 1256 1722 480 1721 479 1723 1256 1722 479 1723 1255 1724 1255 1724 479 1723 478 1725 1255 1724 478 1725 1254 1726 1254 1726 478 1725 477 1727 1254 1726 477 1727 1253 1728 1253 1728 477 1727 476 1729 1253 1728 476 1729 1252 1730 1252 1730 476 1729 475 1731 1252 1730 475 1731 1251 1732 1251 1732 475 1731 474 1733 1251 1732 474 1733 1250 1734 1250 1734 474 1733 473 1735 1250 1734 473 1735 1249 1736 1249 1736 473 1735 472 1737 1249 1736 472 1737 1248 1738 1248 1738 472 1737 471 1739 1248 1738 471 1739 1247 1740 1247 1740 471 1739 470 1741 1247 1740 470 1741 1246 1742 1246 1742 470 1741 469 1743 1246 1742 469 1743 1245 1744 1245 1744 469 1743 468 1745 1245 1744 468 1745 1244 1746 1244 1746 468 1745 467 1747 1244 1746 467 1747 1243 1748 1243 1748 467 1747 466 1749 1243 1748 466 1749 1242 1750 1242 1750 466 1749 465 1751 1242 1750 465 1751 1241 1752 1241 1752 465 1751 464 1753 1241 1752 464 1753 1240 1754 1240 1754 464 1753 463 1755 1240 1754 463 1755 850 1756 850 1756 463 1755 462 1757 737 1758 546 1759 738 1760 738 1760 546 1759 545 1761 738 1760 545 1761 739 1762 739 1762 545 1761 544 1763 739 1762 544 1763 740 1764 740 1764 544 1763 543 1765 740 1764 543 1765 741 1766 741 1766 543 1765 542 1767 741 1766 542 1767 742 1768 742 1768 542 1767 541 1769 742 1768 541 1769 743 1770 743 1770 541 1769 540 1771 743 1770 540 1771 744 1772 744 1772 540 1771 539 1773 744 1772 539 1773 745 1774 745 1774 539 1773 538 1775 745 1774 538 1775 746 1776 746 1776 538 1775 537 1777 746 1776 537 1777 747 1778 747 1778 537 1777 536 1779 747 1778 536 1779 748 1780 748 1780 536 1779 535 1781 748 1780 535 1781 749 1782 749 1782 535 1781 534 1783 749 1782 534 1783 750 1784 750 1784 534 1783 533 1785 750 1784 533 1785 751 1786 751 1786 533 1785 532 1787 751 1786 532 1787 752 1788 752 1788 532 1787 531 1789 752 1788 531 1789 753 1790 753 1790 531 1789 530 1791 753 1790 530 1791 754 1792 754 1792 530 1791 529 1793 754 1792 529 1793 755 1794 755 1794 529 1793 528 1795 755 1794 528 1795 756 1796 756 1796 528 1795 527 1797 756 1796 527 1797 757 1798 757 1798 527 1797 526 1799 757 1798 526 1799 758 1800 758 1800 526 1799 525 1801 758 1800 525 1801 759 1802 759 1802 525 1801 524 1803 759 1802 524 1803 760 1804 760 1804 524 1803 523 1805 760 1804 523 1805 761 1806 761 1806 523 1805 522 1807 761 1806 522 1807 762 1808 762 1808 522 1807 521 1809 762 1808 521 1809 763 1810 763 1810 521 1809 520 1811 763 1810 520 1811 764 1812 764 1812 520 1811 519 1813 764 1812 519 1813 765 1814 765 1814 519 1813 518 1815 765 1814 518 1815 766 1816 766 1816 518 1815 517 1817 766 1816 517 1817 767 1818 767 1818 517 1817 516 1819 767 1818 516 1819 768 1820 768 1820 516 1819 515 1821 768 1820 515 1821 769 1822 769 1822 515 1821 514 1823 769 1822 514 1823 770 1824 770 1824 514 1823 513 1825 770 1824 513 1825 771 1826 771 1826 513 1825 512 1827 771 1826 512 1827 718 1828 718 1828 512 1827 511 1829 849 939 1247 2165 850 940 850 940 1247 2165 1246 2166 850 940 1246 2166 1240 2167 1240 2167 1246 2166 1245 2168 1240 2167 1245 2168 1241 2169 1241 2169 1245 2168 1244 2170 1241 2169 1244 2170 1242 2171 1242 2171 1244 2170 1243 2172 1247 2165 849 939 1248 2173 1248 2173 849 939 848 938 1248 2173 848 938 847 936 847 936 846 934 1248 2173 1248 2173 846 934 845 933 1248 2173 845 933 844 931 1248 2173 844 931 1249 2174 1249 2174 844 931 843 929 1249 2174 843 929 842 928 842 928 841 926 1249 2174 1249 2174 841 926 1250 2175 1250 2175 841 926 1251 2176 1251 2176 841 926 1252 2177 1252 2177 841 926 1253 2178 1253 2178 841 926 1254 2179 1254 2179 841 926 1255 2180 1255 2180 841 926 1256 2181 1256 2181 841 926 1257 2182 1257 2182 841 926 1258 2183 1258 2183 841 926 1259 2184 1259 2184 841 926 1260 2185 1260 2185 841 926 1261 2186 1261 2186 841 926 1262 2187 1262 2187 841 926 1263 2188 1263 2188 841 926 1264 2189 1264 2189 841 926 1265 2190 1265 2190 841 926 1266 2191 1266 2191 841 926 1267 2192 1267 2192 841 926 1268 2193 1268 2193 841 926 1269 2194 1269 2194 841 926 1270 2195 1270 2195 841 926 1271 2196 1271 2196 841 926 1272 2197 1272 2197 841 926 1273 2198 1273 2198 841 926 831 914 831 914 841 926 832 910 832 910 841 926 833 912 833 912 841 926 834 913 834 913 841 926 835 916 835 916 841 926 836 918 836 918 841 926 837 919 837 919 841 926 838 921 838 921 841 926 839 923 839 923 841 926 840 924</p>
        </triangles>
      </mesh>
    </geometry>
  </library_geometries>
  <library_visual_scenes>
    <visual_scene id="Scene" name="Scene">
      <node id="motor_hub_link-node" name="motor_hub_link" type="NODE">
        <instance_geometry url="#motor_hub_link-mesh">
          <bind_material>
            <technique_common>
              <instance_material symbol="Aluminio_-_Satinado" target="#Aluminio_-_Satinado"/>
              <instance_material symbol="Aluminio_-_Pulido" target="#Aluminio_-_Pulido"/>
              <instance_material symbol="Cromo_-_Negro" target="#Cromo_-_Negro"/>
            </technique_common>
          </bind_material>
        </instance_geometry>
      </node>
    </visual_scene>
  </library_visual_scenes>
  <scene>
    <instance_visual_scene url="#Scene"/>
  </scene>
</COLLADA>
